<?xml version="1.0" encoding="utf-8"?><recording xmlns:xsd="http://www.w3.org/2001/XMLSchema" xmlns:xsi="http://www.w3.org/2001/XMLSchema-instance" machine="WIN-9S1CHG83531" procIp="172.27.13.155" procVersion="1.0.1.157" ip="" userAgent="Mozilla/5.0 (Windows NT 6.1) AppleWebKit/537.36 (KHTML, like Gecko) Chrome/69.0.3497.100 Safari/537.36" contentSource="stream" fetchFrom="" location="https://www.nautica.com/tropical-floral-swim-shorts/T82100.html?dwvar_T82100_color=101&amp;colorid=101" t="69587" navigator="Ch69" platform="Win32" scrw="1366" scrh="768" scrx="0" scry="0" scrDepth="24" itime="1540370677409" timeZone="8" w="1366" h="608" cw="1366" ch="608" eventMask="383" cookieFlag="1" languageCode="" uid="1971007848398951" uid2="0" referrer="https://www.nautica.com/mens-swim-swimwear/" country="N/A" countryCode="--" webPageHash="225c78d5e187be5e6c42735b2ebddd948c1bc809" version="16" length="210949" activeTime="20351" rtime="1540371353930" errorCount="0" messagesCount="31" messagesSize="67619" pid="94" sid="1971010829189151" tapCount="0" originalLocation="https://www.nautica.com/tropical-floral-swim-shorts/T82100.html?dwvar_T82100_color=101&amp;colorid=101" enriched="true" TrueSizeScrW="1366" TrueSizeScrH="768" sw="1379" sh="3600" pageContentSize="288902" recorderVersionMajor="16" recorderVersionMinor="15" historyLength="1" isClassifiedInThisSession="false" lh="591" lw="1349" orientation="0" isRecorderMobile="false" exposure="17" deviceType="1" operatingSystem="Windows" devicePixelRatio="1" globalPageviewCounter="9" attemptedPageviewCounter="9" checkedPageviewCounter="9" recordedPageviewCounter="8" clicksOnLinkLikeElements="0" clicksOnNonLinkLikeElements="0" clicksBelowFold="0" ><domload t="6069" /><execextern t="50638" streamID="5" /><tag t="50638">Config: Release_20181008</tag><start t="50639" /><tag t="50640">CT2MappingTag_272_6723099000981345_24822528225253_7710682049693554</tag><init t="69587" w="1366" h="608" cw="1366" ch="608" lw="1349" lh="591" orientation="0" /><field t="69602" name="isMobile">false</field><tag t="69602">VE | Onload - Nautica.com - tropical-floral-swim-shorts-T82100.html</tag><tag t="69602">VE Onload | Page Type | product</tag><tag t="69602">VE Onload | Category | tropical-floral-swim-shorts</tag><tag t="69602">VE | Onload - PDP page</tag><stream t="69706" id="1" size="288909" /><uploadstream t="69707" streamID="1" /><execextern t="69729" streamID="6" /><execextern t="69745" streamID="7" /><execextern t="69754" streamID="8" /><execextern t="69756" streamID="9" /><execextern t="70380" streamID="10" /><execextern t="71381" streamID="11" /><execextern t="71384" streamID="12" /><stream t="71740" id="2" size="3044" /><execextern t="71740" streamID="2" /><execextern t="72433" streamID="13" /><execextern t="72454" streamID="14" /><execextern t="72815" streamID="15" /><stream t="73416" id="3" size="2378" /><execextern t="73416" streamID="3" /><execextern t="73421" streamID="16" /><execextern t="73424" streamID="17" /><stream t="73444" id="4" size="2185" /><execextern t="73444" streamID="4" /><execextern t="74456" streamID="18" /><execextern t="74456" streamID="19" /><execextern t="74955" streamID="20" /><execextern t="75045" streamID="21" /><execextern t="75272" streamID="22" /><execextern t="75843" streamID="23" /><execextern t="76369" streamID="24" /><execextern t="77365" streamID="25" /><execextern t="78404" streamID="26" /><execextern t="78599" streamID="27" /><execextern t="78733" streamID="28" /><execextern t="78762" streamID="29" /><execextern t="78846" streamID="30" /><execextern t="78861" streamID="31" /><execextern t="79466" streamID="32" /><execextern t="79471" streamID="33" /><load t="79471" w="1366" h="608" cw="1366" ch="608" sw="1379" sh="3600" lw="1349" lh="591" orientation="0" /><execextern t="79715" streamID="34" /><execextern t="82004" streamID="35" /><execextern t="83398" streamID="36" /><execextern t="84401" streamID="37" /><execextern t="89366" streamID="38" /><execextern t="90372" streamID="39" /><execextern t="95371" streamID="40" /><execextern t="96385" streamID="41" /><execextern t="101393" streamID="42" /><execextern t="102394" streamID="43" /><execextern t="107373" streamID="44" /><execextern t="108370" streamID="45" /><execextern t="113371" streamID="46" /><execextern t="114384" streamID="47" /><execextern t="119391" streamID="48" /><execextern t="120374" streamID="49" /><execextern t="125390" streamID="50" /><execextern t="126409" streamID="51" /><execextern t="131369" streamID="52" /><execextern t="132374" streamID="53" /><execextern t="137375" streamID="54" /><execextern t="138379" streamID="55" /><execextern t="143374" streamID="56" /><execextern t="144391" streamID="57" /><execextern t="149378" streamID="58" /><execextern t="150412" streamID="59" /><execextern t="155365" streamID="60" /><execextern t="156372" streamID="61" /><execextern t="161373" streamID="62" /><execextern t="162387" streamID="63" /><execextern t="167375" streamID="64" /><execextern t="168372" streamID="65" /><execextern t="173406" streamID="66" /><execextern t="174398" streamID="67" /><execextern t="179369" streamID="68" /><execextern t="180367" streamID="69" /><execextern t="185367" streamID="70" /><execextern t="186400" streamID="71" /><execextern t="191403" streamID="72" /><execextern t="192390" streamID="73" /><execextern t="197392" streamID="74" /><execextern t="198369" streamID="75" /><execextern t="203377" streamID="76" /><execextern t="204379" streamID="77" /><execextern t="208295" streamID="78" /><elmPath t="208835" id="0"><path><element tagCode="2884" index="2" id="wrapper" /></path></elmPath><elmPos t="208835" id="1" x="0" y="0" h="34" w="1349" ><path><element tagCode="2884" index="2" id="wrapper" /><element tagCode="2884" index="0" id="monetate_htmlCountdown_595bde1" parentid="0" /></path><children /></elmPos><mouseover t="208835" id="1" /><mousemove t="208835" x="831" y="6"  /><mouseover t="208839" id="1" /><mousemove t="208839" x="829" y="13"  /><mousemove t="208844" x="827" y="22"  /><mousemove t="208854" x="826" y="29"  /><elmPath t="208873" id="2"><path><element tagCode="2884" index="2" id="wrapper" /><element tagCode="2884" index="1" id="header" parentid="0" /></path></elmPath><elmPath t="208873" id="3"><path><element tagCode="2884" index="2" id="wrapper" /><element tagCode="2884" index="1" id="header" parentid="0" /><element tagCode="40" index="0" parentid="2" /><element tagCode="2884" index="1" id="pre-header" /></path></elmPath><elmPos t="208873" id="4" x="0" y="42" h="37" w="1349" ><path><element tagCode="2884" index="2" id="wrapper" /><element tagCode="2884" index="1" id="header" parentid="0" /><element tagCode="40" index="0" parentid="2" /><element tagCode="2884" index="1" id="pre-header" /><element tagCode="2884" index="0" parentid="3" /></path><children /></elmPos><mouseover t="208873" id="4" /><mousemove t="208873" x="822" y="48"  /><execextern t="208877" streamID="79" /><elmPath t="208889" id="5"><path><element tagCode="2884" index="2" id="wrapper" /><element tagCode="2884" index="1" id="header" parentid="0" /><element tagCode="40" index="0" parentid="2" /><element tagCode="2884" index="2" id="navigation" /></path></elmPath><elmPos t="208890" id="6" x="0" y="72" h="106" w="1349" ><path><element tagCode="2884" index="2" id="wrapper" /><element tagCode="2884" index="1" id="header" parentid="0" /><element tagCode="40" index="0" parentid="2" /><element tagCode="2884" index="2" id="navigation" /><element tagCode="2884" index="0" parentid="5" /><element tagCode="2884" index="0" /><element tagCode="2830" index="0" /></path><children><child tagCode="1" x="563" y="5" w="223" h="32" index="0" /></children></elmPos><mouseover t="208890" id="6" /><mousemove t="208890" x="820" y="73"  /><mousemove t="208905" x="817" y="85"  /><mousemove t="208922" x="817" y="96"  /><mousemove t="208939" x="817" y="107"  /><mousemove t="208955" x="817" y="118"  /><mousemove t="208973" x="818" y="126"  /><mousemove t="208989" x="819" y="129"  /><mousemove t="209021" x="819" y="130"  /><mousemove t="209107" x="824" y="106"  /><mousemove t="209124" x="828" y="84"  /><mouseover t="209142" id="4" /><mousemove t="209142" x="830" y="61"  /><elmPos t="209162" id="0" x="0" y="0" h="3600" w="1349"><path><element tagCode="2884" index="2" id="wrapper" /></path><children><child tagCode="2884" x="0" y="178" w="1349" h="40" index="2" /><child tagCode="2884" x="0" y="3211" w="1349" h="389" index="7" /></children></elmPos><mouseover t="209162" id="0" /><mousemove t="209162" x="837" y="36"  /><mouseover t="209176" id="1" /><mousemove t="209176" x="845" y="13"  /><mousemove t="209186" x="847" y="3"  /><mouseout t="209187" /><execextern t="209378" streamID="80" /><unload t="210949" exitPause="200" /></recording>