{"ActiveTime":20351,"AuthenticationUnixTime":1540371353930,"BodyCheck":null,"Campaign":null,"City":null,"CityID":null,"ClicksBelowFold":0,"ClicksOnLinkLikeElements":0,"ClicksOnNonLinkLikeElements":0,"ClientDate":1540371353930,"ClientDateTime":0,"ClientHeightFinal":608,"ClientHeightInitial":608,"ClientRecordingDateTimeUtc":"2018-10-24 08:55:53.930","ClientRecordingDateTimeZone":"2018-10-24 03:55:53.930","ClientWidthFinal":1366,"ClientWidthInitial":1366,"Content":null,"ContentSize":288902,"ContentSourceID":2,"CountJSError":0,"CountMouseDown":0,"CountMouseMove":19,"CountNonClickTaleJsErrors":0,"Country":null,"CountryCode":null,"CountryID":null,"CountScrollX":0,"CountScrollY":0,"CreateDate":"2018-10-24T08:55:53.93","Description":"","Device":"","DeviceID":null,"DeviceTypeID":1,"Domain":"www.nautica.com","DomainID":null,"ErrorCount":0,"Exposure":17,"FetchURL":"","FormCount":0,"FullRecordingData":"","HtmlCharset":"UTF-8","HtmlCheck":null,"HttpCharset":"","IP":null,"IsPhysicalSizeDefault":null,"IsTouch":false,"JsErrors":[],"LanguageCode":"","LayoutViewportWidth":1349,"Length":210949,"Location":"https://www.nautica.com/tropical-floral-swim-shorts/T82100.html?dwvar_T82100_color=101&colorid=101","LocationID":-1,"MaxScrollPercent":17,"Medium":"Internal","MessageCount":31,"MessagesSize":0,"Navigator":"Ch69","OperatingSystem":"Windows","OperatingSystemID":null,"OrientationChangeCount":0,"OriginalSID":0,"PhysicalDisplayHeight":null,"PhysicalDisplayWidth":null,"PID":94,"Platform":"Win32","PreviousSubmitIndication":null,"PopulationType":null,"ProcessingDateTimeUtc":"2018-10-24 08:58:30.503","ProcessingDateTimeZone":"2018-10-24 03:58:30.503","RecorderIsMobile":false,"RecordingDate":1540371353930,"RecordingGUID":"ab21713a-1b7c-4617-8a7b-10fed263bbf1","RecordingDateJs":1540371353930,"RecordingEndDate":1540371564879,"Referrer":"https://www.nautica.com/mens-swim-swimwear/","ReferrerID":-1,"Region":null,"RegionCode":null,"RegionID":null,"SID":1971010829189151,"SizeScrollH":3600,"SizeScrollW":1379,"SizeScrW":1366,"SizeScrH":768,"TrueSizeScrW":1366,"TrueSizeScrH":768,"SizeWndEndH":608,"SizeWndEndW":1366,"SizeWndIniH":608,"SizeWndIniW":1366,"Source":"nautica.com","SubmitCount":0,"SubscriberId":69859,"Tags":[{"TagName":"Config: Release_20181008","TagTypeID":0},{"TagName":"CT2MappingTag_272_6723099000981345_24822528225253_7710682049693554","TagTypeID":0},{"TagName":"VE | Onload - Nautica.com - tropical-floral-swim-shorts-T82100.html","TagTypeID":0},{"TagName":"VE Onload | Page Type | product","TagTypeID":0},{"TagName":"VE Onload | Category | tropical-floral-swim-shorts","TagTypeID":0},{"TagName":"VE | Onload - PDP page","TagTypeID":0}],"TapCount":0,"Term":null,"TimeDOMLoad":6069,"TimeExitPause":200,"TimeInit":69587,"TimeLoad":79471,"TimeStart":50639,"TimeToFirstClick":null,"TimeUnload":210949,"TimeWebPageFetch":0,"TimeZone":480,"TrafficCampaignID":-1,"TrafficContentID":-1,"TrafficMediumID":-1,"TrafficSourceID":-1,"TrafficTermID":-1,"UID":1971007848398951,"UserAgent":"Mozilla/5.0 (Windows NT 6.1) AppleWebKit/537.36 (KHTML, like Gecko) Chrome/69.0.3497.100 Safari/537.36","UserAgentID":-1,"Version":16,"VersionMinor":15,"WebPageHash":"Ilx41eGHvl5sQnNbLr3dlIwbyAk=","WRAttemptedCounter":9,"WRCheckedCounter":9,"WRGlobalCounter":9,"WRRecordedCounter":8,"XMLSize":8774,"DSRSize":31314,"HTMLSize":288902,"ZoomCount":0,"MachineName":"WIN-9S1CHG83531","IpAddress":"172.27.13.155","ProcessVersion":"1.0.1.157","ProcessingStartTimeUtc":"2018-10-24T08:58:30.4562216Z","ProcessingEndTimeUtc":"2018-10-24T08:58:30.5030935Z","ProcessingElapsedMilliseconds":46, "cage_ip":"172.27.13.236", "cage_version":"2.2.31", "cage_time":1540371514113,"avroSize":2570,"avroCompressedSize":1714}