{"ActiveTime":9732,"AuthenticationUnixTime":1540338558311,"BodyCheck":null,"Campaign":"20181012_Rewards","City":null,"CityID":null,"ClicksBelowFold":0,"ClicksOnLinkLikeElements":1,"ClicksOnNonLinkLikeElements":0,"ClientDate":1540338558311,"ClientDateTime":0,"ClientHeightFinal":963,"ClientHeightInitial":963,"ClientRecordingDateTimeUtc":"2018-10-23 23:49:18.311","ClientRecordingDateTimeZone":"2018-10-23 18:49:18.311","ClientWidthFinal":1920,"ClientWidthInitial":1920,"Content":null,"ContentSize":0,"ContentSourceID":2,"CountJSError":0,"CountMouseDown":1,"CountMouseMove":163,"CountNonClickTaleJsErrors":0,"Country":"United States","CountryCode":"US","CountryID":null,"CountScrollX":0,"CountScrollY":0,"CreateDate":"2018-10-23T23:49:18.311","Description":"HTML page is missing, Missing data (might affect playback)","Device":"","DeviceID":null,"DeviceTypeID":1,"Domain":"www.nautica.com","DomainID":null,"ErrorCount":0,"Exposure":20,"FetchURL":"","FormCount":0,"FullRecordingData":"","HtmlCharset":"Western European (Windows)","HtmlCheck":null,"HttpCharset":"","IP":null,"IsPhysicalSizeDefault":null,"IsTouch":false,"JsErrors":[],"LanguageCode":"en-US","LayoutViewportWidth":1904,"Length":9733,"Location":"https://www.nautica.com/?e=19122172&j=104144&sfmc_sub=19122172&l=45_HTML&u=12624562&mid=7279337&jb=15=&utm_source=exacttarget&utm_medium=email&utm_term=45&utm_campaign=20181012_Rewards&emid=YXpicmllZ2VyQGFvbC5jb20=","LocationID":-1,"MaxScrollPercent":20,"Medium":"email","MessageCount":25,"MessagesSize":0,"Navigator":"ED17","OperatingSystem":"Windows","OperatingSystemID":null,"OrientationChangeCount":0,"OriginalSID":0,"PhysicalDisplayHeight":null,"PhysicalDisplayWidth":null,"PID":94,"Platform":"Win32","PreviousSubmitIndication":null,"PopulationType":null,"ProcessingDateTimeUtc":"2018-10-23 23:49:18.723","ProcessingDateTimeZone":"2018-10-23 18:49:18.723","RecorderIsMobile":false,"RecordingDate":1540338558311,"RecordingGUID":"44270044-c51f-4c88-960b-260f8d16e415","RecordingDateJs":1540338558311,"RecordingEndDate":1540338568044,"Referrer":null,"ReferrerID":-1,"Region":null,"RegionCode":null,"RegionID":null,"SID":1970473505768064,"SizeScrollH":4802,"SizeScrollW":1904,"SizeScrW":1920,"SizeScrH":1080,"TrueSizeScrW":1920,"TrueSizeScrH":1080,"SizeWndEndH":963,"SizeWndEndW":1920,"SizeWndIniH":963,"SizeWndIniW":1920,"Source":"exacttarget","SubmitCount":0,"SubscriberId":69859,"Tags":[{"TagName":"CT2MappingTag_272_7497822500763153_5269964624152251_1199531271962647","TagTypeID":0},{"TagName":"Config: Release_20181008","TagTypeID":0},{"TagName":"VE Onload | Category | campaign","TagTypeID":0},{"TagName":"VE Action | Top Banner | Element Clicked","TagTypeID":0},{"TagName":"VE Action | Top Banner | 0        Your Bag  You have\n3 items in your cart  Close           Big & Tall Classic Fit Long Sleeve Button Down    $59.99  $29.99     Color:  True Navy    Size:  1XL    Qty:  1            Ribbed Quarter-Zip Sweater    $59.50  $29.75     Color:  Royal Burgundy    Size:  XL    Qty:  1            Catharpin Gusset Wallet    $39.49  $19.74     Color:  Brown Stone    Size:  One Size    Qty:  1         3 items in your bag   Subtotal  $79.48    Checkout     FREE Shipping on all US orders $50+!     Clicked","TagTypeID":0},{"TagName":"VE | Action | Top Bar - interacted with Top Bar","TagTypeID":0},{"TagName":"VE Action | All Pages | Clicked on cart","TagTypeID":0}],"TapCount":0,"Term":"45","TimeDOMLoad":6541,"TimeExitPause":200,"TimeInit":7176,"TimeLoad":7466,"TimeStart":6005,"TimeToFirstClick":8894,"TimeUnload":9733,"TimeWebPageFetch":0,"TimeZone":-240,"TrafficCampaignID":-1,"TrafficContentID":-1,"TrafficMediumID":-1,"TrafficSourceID":-1,"TrafficTermID":-1,"UID":1893635807510573,"UserAgent":"Mozilla/5.0 (Windows NT 10.0; Win64; x64) AppleWebKit/537.36 (KHTML, like Gecko) Chrome/64.0.3282.140 Safari/537.36 Edge/17.17134","UserAgentID":-1,"Version":16,"VersionMinor":15,"WebPageHash":"aW0cHAlSVtfKj04KbWRURFx3oQU=","WRAttemptedCounter":167,"WRCheckedCounter":167,"WRGlobalCounter":167,"WRRecordedCounter":166,"XMLSize":23273,"DSRSize":123700,"HTMLSize":0,"ZoomCount":0,"MachineName":"WIN-9S1CHG83531","IpAddress":"172.27.13.155","ProcessVersion":"1.0.1.157","ProcessingStartTimeUtc":"2018-10-23T23:49:18.707676Z","ProcessingEndTimeUtc":"2018-10-23T23:49:18.7233016Z","ProcessingElapsedMilliseconds":15, "cage_ip":"172.27.13.236", "cage_version":"2.2.31", "cage_time":1540338561983,"avroSize":6748,"avroCompressedSize":3391}