{"VersionInfo":{"util":"2.9.0.7-a4f4a451","model":"2.9.0.13-25d4967c","parser":"2.9.0.13-7e06ccef","exporter":"2.9.0.13-015c9cec","pipe":"2.9.0.13-f78280e8"},"DeviceTypeID":1,"Device":"","OperatingSystem":"Windows","PhysicalDisplayHeight":null,"PhysicalDisplayWidth":null,"RecorderIsMobile":false,"IsTouch":false,"TapCount":0,"ZoomCount":0,"Campaign":null,"Content":null,"Medium":"Internal","Term":null,"ClientHeightFinal":608,"ClientHeightInitial":608,"ClientWidthFinal":1366,"ClientWidthInitial":1366,"SizeWndEndH":608,"SizeWndIniH":608,"SizeWndEndW":1366,"SizeWndIniW":1366,"LayoutViewportWidth":1349,"SizeScrW":1366,"SizeScrH":768,"TrueSizeScrH":768,"TrueSizeScrW":1366,"XMLSize":8734,"DSRSize":49681,"CountScrollX":0,"CountScrollY":0,"MaxScrollPercent":17,"SizeScrollH":3600,"SizeScrollW":1379,"PreviousSubmitIndication":null,"SubmitCount":0,"CountryCode":"","City":"","Country":"","Region":"","RegionCode":"","ActiveTime":20351,"Domain":"www.nautica.com","LanguageCode":"en","Navigator":"Ch69","Platform":"Win32","BodyCheck":null,"HtmlCheck":null,"Version":16,"VersionMinor":15,"ClicksBelowFold":0,"ClicksOnLinkLikeElements":0,"ClicksOnNonLinkLikeElements":0,"Exposure":17,"WRAttemptedCounter":9,"WRCheckedCounter":9,"WRGlobalCounter":9,"WRRecordedCounter":8,"MessageCount":31,"MessagesSize":23059,"OriginalSID":1971010829189151,"SID":1971010829189151,"PID":94,"UID":1971007848398951,"SubscriberId":69859,"UserAgent":"Mozilla/5.0 (Windows NT 6.1) AppleWebKit/537.36 (KHTML, like Gecko) Chrome/69.0.3497.100 Safari/537.36","PopulationType":null,"CountJSError":0,"CountNonClickTaleJsErrors":0,"JsErrors":[],"Tags":[{"TagName":"VE Onload | Category | tropical-floral-swim-shorts","TagTypeID":0},{"TagName":"Config: Release_20181008","TagTypeID":0},{"TagName":"VE | Onload - Nautica.com - tropical-floral-swim-shorts-T82100.html","TagTypeID":0},{"TagName":"VE | Onload - PDP page","TagTypeID":0},{"TagName":"CT2MappingTag_272_6723099000981345_24822528225253_7710682049693554","TagTypeID":0},{"TagName":"VE Onload | Page Type | product","TagTypeID":0}],"RecordingGUID":"05dc15cd-5e84-49f7-a097-225b573f15d6","Referrer":"https://www.nautica.com/mens-swim-swimwear/","ContentSourceID":2,"Location":"https://www.nautica.com/tropical-floral-swim-shorts/T82100.html?dwvar_T82100_color=101&colorid=101","FormCount":0,"ContentSize":288974,"HTMLSize":288974,"HtmlCharset":"UTF-8","WebpageHash":"tUMshasiTqH7akX7aGWN/c0Qrjc=","CountMouseDown":0,"CountMouseMove":19,"ClientDate":1540371372883,"Length":210949,"ProcessingDateTimeUtc":"2018-10-24 08:58:34.050","ProcessingDateTimeZone":"2018-10-24 02:58:34.050","ClientRecordingDateTimeUtc":"2018-10-24 08:56:12.883","ClientRecordingDateTimeZone":"2018-10-24 02:56:12.883","RecordingDate":1540371303296,"RecordingDateJs":1540371303296,"RecordingEndDate":1540371514245,"TimeDOMLoad":6069,"TimeExitPause":200,"TimeInit":69587,"TimeLoad":79471,"TimeStart":50639,"TimeToFirstClick":null,"TimeUnload":210949,"TimeZone":480,"Description":"","CreateDate":"2018-10-24T08:58:34.036","ErrorCount":0,"AuthenticationUnixTime":1540371353930,"OrientationChangeCount":0,"Source":"nautica.com","IP":"172.27.15.155","ClientDateTime":0,"TimeWebPageFetch":0,"CityID":null,"LocationID":-1,"DeviceID":null,"DomainID":null,"FetchURL":"","FullRecordingData":"","HttpCharset":"","ReferrerID":-1,"TrafficCampaignID":-1,"TrafficContentID":-1,"TrafficMediumID":-1,"TrafficSourceID":-1,"TrafficTermID":-1,"UserAgentID":-1,"CountryID":null,"RegionID":null, "cage_ip":"172.27.13.40", "cage_version":"2.2.31", "cage_time":1540371514087,"avroSize":2573,"avroCompressedSize":1716}