<?xml version="1.0" encoding="utf-8"?><recording xmlns:xsd="http://www.w3.org/2001/XMLSchema" xmlns:xsi="http://www.w3.org/2001/XMLSchema-instance" machine="WIN-9S1CHG83531" procIp="172.27.13.155" procVersion="1.0.1.157" ip="" userAgent="Mozilla/5.0 (iPhone; CPU iPhone OS 12_0 like Mac OS X) AppleWebKit/605.1.15 (KHTML, like Gecko) CriOS/69.0.3497.105 Mobile/15E148 Safari/605.1" contentSource="stream" fetchFrom="" location="https://www.nautica.com/big-%26-tall-mixed-media-full-zip-hoodie/Z81572.html?dwvar_Z81572_color=675#uuid=414361ab59a3713c25686d8348&amp;display=106&amp;sz=99" t="1830" navigator="Ch69" platform="iPhone" scrw="375" scrh="812" scrx="0" scry="0" scrDepth="32" itime="1540347364205" timeZone="-4" w="375" h="638" cw="375" ch="638" eventMask="383" cookieFlag="1" languageCode="en-US" uid="1798968441454628" uid2="0" referrer="https://www.nautica.com/mens-big-and-tall/?view=grid&amp;srule=price-low-to-high&amp;sz=60&amp;start=0" country="United States" countryCode="US" webPageHash="a5ee89ed02d760e8047b6eedb5863c85571288bd" version="16" length="13550" activeTime="12585" rtime="1540347365635" errorCount="0" messagesCount="30" messagesSize="54048" pid="94" sid="1970617804964495" tapCount="0" originalLocation="https://www.nautica.com/big-%26-tall-mixed-media-full-zip-hoodie/Z81572.html?dwvar_Z81572_color=675#uuid=414361ab59a3713c25686d8348&amp;display=106&amp;sz=99" enriched="true" TrueSizeScrW="375" TrueSizeScrH="812" sw="400" sh="2591" pageContentSize="148793" recorderVersionMajor="16" recorderVersionMinor="15" historyLength="6" isClassifiedInThisSession="false" lh="638" lw="375" orientation="0" isRecorderMobile="true" exposure="44" deviceType="2" device="Apple iPhone" operatingSystem="iOS" physicalDisplayHeight="40" physicalDisplayWidth="23" devicePixelRatio="3" globalPageviewCounter="192" attemptedPageviewCounter="192" checkedPageviewCounter="192" recordedPageviewCounter="151" clicksOnLinkLikeElements="0" clicksOnNonLinkLikeElements="0" clicksBelowFold="0" timeToFirstClick="3729" ><domload t="1032" /><tag t="1179">Config: Release_20181008</tag><execextern t="1179" streamID="8" /><start t="1187" /><tag t="1188">CT2MappingTag_272_7218156989762378_4218810576465155_2688456907869739</tag><init t="1830" w="375" h="638" cw="375" ch="638" lw="375" lh="638" orientation="0" /><elmPos t="1835" id="0" x="0" y="0" h="2180" w="400" ><path></path><children><child tagCode="2884" x="0" y="0" w="375" h="2180" index="1" /></children></elmPos><focus t="1836" id="0" /><field t="1839" name="isMobile">true</field><tag t="1839">VE | Onload - Nautica.com - big-%26-tall-mixed-media-full-zip-hoodie-Z81572.html</tag><tag t="1839">VE Onload | Page Type | product</tag><tag t="1839">VE Onload | Category | big-%26-tall-mixed-media-full-zip-hoodie</tag><stream t="1874" id="1" size="148743" /><uploadstream t="1875" streamID="1" /><execextern t="1879" streamID="9" /><stream t="1890" id="2" size="2771" /><execextern t="1890" streamID="2" /><execextern t="1895" streamID="10" /><execextern t="1911" streamID="11" /><execextern t="1915" streamID="12" /><execextern t="1920" streamID="13" /><stream t="1922" id="3" size="2961" /><execextern t="1922" streamID="3" /><execextern t="1929" streamID="14" /><execextern t="1944" streamID="15" /><execextern t="1946" streamID="16" /><execextern t="1954" streamID="17" /><resize t="1979" w="375" h="638" cw="375" ch="638" sh="2200" sw="400" lh="638" lw="375" orientation="0" /><execextern t="1998" streamID="18" /><execextern t="1998" streamID="19" /><execextern t="2002" streamID="20" /><execextern t="2005" streamID="21" /><execextern t="2020" streamID="22" /><execextern t="2104" streamID="23" /><execextern t="2105" streamID="24" /><execextern t="2115" streamID="25" /><execextern t="2135" streamID="26" /><execextern t="2205" streamID="27" /><stream t="2243" id="4" size="4239" /><execextern t="2243" streamID="4" /><execextern t="2248" streamID="28" /><tag t="2261">VE | Onload - PDP page</tag><resize t="2271" w="375" h="638" cw="375" ch="638" sh="2552" sw="400" lh="638" lw="375" orientation="0" /><stream t="2320" id="5" size="2320" /><execextern t="2320" streamID="5" /><execextern t="2345" streamID="29" /><execextern t="2393" streamID="30" /><execextern t="2394" streamID="31" /><execextern t="2406" streamID="32" /><execextern t="2472" streamID="33" /><resize t="2478" w="375" h="638" cw="375" ch="638" sh="2591" sw="400" lh="638" lw="375" orientation="0" /><execextern t="2486" streamID="34" /><stream t="2506" id="6" size="2375" /><execextern t="2506" streamID="6" /><execextern t="2637" streamID="35" /><execextern t="2643" streamID="36" /><execextern t="2699" streamID="37" /><execextern t="2858" streamID="38" /><execextern t="3125" streamID="39" /><execextern t="3129" streamID="40" /><execextern t="3132" streamID="41" /><load t="3133" w="375" h="638" cw="375" ch="638" sw="400" sh="2591" lw="375" lh="638" orientation="0" /><execextern t="3136" streamID="42" /><execextern t="3170" streamID="43" /><execextern t="3244" streamID="44" /><tag t="3262">VE Onload | Men&apos;s PDP</tag><elmPath t="3729" id="1"><path><element tagCode="2884" index="2" id="wrapper" /></path></elmPath><elmPath t="3729" id="2"><path><element tagCode="2884" index="2" id="wrapper" /><element tagCode="2884" index="3" id="main" parentid="1" /></path></elmPath><elmPath t="3729" id="3"><path><element tagCode="2884" index="2" id="wrapper" /><element tagCode="2884" index="3" id="main" parentid="1" /><element tagCode="2884" index="0" id="pdp-detail" parentid="2" /></path></elmPath><elmPath t="3729" id="4"><path><element tagCode="2884" index="2" id="wrapper" /><element tagCode="2884" index="3" id="main" parentid="1" /><element tagCode="2884" index="0" id="pdp-detail" parentid="2" /><element tagCode="2884" index="0" parentid="3" /><element tagCode="2884" index="0" id="pdp-main" /></path></elmPath><elmPos t="3729" id="5" x="20" y="189" h="335" w="335" ><path><element tagCode="2884" index="2" id="wrapper" /><element tagCode="2884" index="3" id="main" parentid="1" /><element tagCode="2884" index="0" id="pdp-detail" parentid="2" /><element tagCode="2884" index="0" parentid="3" /><element tagCode="2884" index="0" id="pdp-main" /><element tagCode="2884" index="1" parentid="4" /><element tagCode="2884" index="0" /><element tagCode="2884" index="0" /><element tagCode="2884" index="1" /><element tagCode="2884" index="0" /><element tagCode="2884" index="0" /><element tagCode="2884" index="0" /><element tagCode="2884" index="0" /><element tagCode="2884" index="0" /><element tagCode="2884" index="0" /><element tagCode="2884" index="0" /><element tagCode="2884" index="3" /><element tagCode="2884" index="0" /><element tagCode="873" index="0" /></path><children /></elmPos><doubletapzoom t="3729" x="329" y="439" eid="5" /><touchstart t="3729" eid="5" touchid="13665" touchcount="1" x="329" y="439" /><touchstart t="3781" eid="5" touchid="0" touchcount="1" x="20" y="189" /><scrolly t="3867" y="10" /><scrolly t="3892" y="38" /><resize t="3892" w="375" h="748" cw="375" ch="748" sh="2591" sw="400" lh="714" lw="375" orientation="0" /><scrolly t="3929" y="73" /><scrolly t="3963" y="123" /><scrolly t="3979" y="138" /><scrolly t="3996" y="153" /><scrolly t="4012" y="167" /><scrolly t="4029" y="181" /><scrolly t="4046" y="194" /><execextern t="4137" streamID="45" /><execextern t="4139" streamID="46" /><scrolly t="4213" y="201" /><execextern t="4229" streamID="47" /><scrolly t="4242" y="206" /><scrolly t="4246" y="210" /><scrolly t="4263" y="213" /><scrolly t="4280" y="216" /><scrolly t="4297" y="220" /><scrolly t="4313" y="224" /><execextern t="4327" streamID="48" /><scrolly t="4330" y="231" /><scrolly t="4347" y="237" /><scrolly t="4364" y="243" /><scrolly t="4380" y="248" /><scrolly t="4397" y="253" /><scrolly t="4414" y="258" /><scrolly t="4431" y="263" /><scrolly t="4447" y="268" /><scrolly t="4464" y="273" /><scrolly t="4481" y="277" /><scrolly t="4499" y="281" /><scrolly t="4516" y="286" /><scrolly t="4532" y="290" /><scrolly t="4549" y="293" /><scrolly t="4566" y="297" /><scrolly t="4582" y="301" /><scrolly t="4599" y="304" /><scrolly t="4615" y="308" /><execextern t="4636" streamID="49" /><scrolly t="4637" y="311" /><execextern t="4656" streamID="50" /><scrolly t="4658" y="314" /><scrolly t="4663" y="317" /><scrolly t="4679" y="320" /><scrolly t="4696" y="323" /><scrolly t="4714" y="326" /><scrolly t="4731" y="329" /><scrolly t="4814" y="335" /><scrolly t="4832" y="344" /><scrolly t="4850" y="351" /><scrolly t="4867" y="358" /><scrolly t="4882" y="364" /><scrolly t="4899" y="370" /><scrolly t="4916" y="376" /><scrolly t="4934" y="380" /><scrolly t="4949" y="383" /><scrolly t="4966" y="386" /><scrolly t="4982" y="387" /><scrolly t="5000" y="388" /><execextern t="5008" streamID="51" /><scrolly t="5017" y="389" /><scrolly t="5066" y="390" /><stream t="5138" id="7" size="2910" /><execextern t="5138" streamID="7" /><scrolly t="5170" y="391" /><scrolly t="5197" y="392" /><scrolly t="5213" y="393" /><scrolly t="5241" y="397" /><scrolly t="5248" y="402" /><scrolly t="5263" y="405" /><scrolly t="5280" y="407" /><scrolly t="5297" y="410" /><execextern t="5535" streamID="52" /><scrolly t="5661" y="449" /><scrolly t="5680" y="452" /><scrolly t="5697" y="453" /><scrolly t="5713" y="454" /><scrolly t="5730" y="455" /><scrolly t="5747" y="456" /><scrolly t="5764" y="457" /><scrolly t="5781" y="458" /><scrolly t="5800" y="459" /><scrolly t="5816" y="460" /><scrolly t="5832" y="461" /><scrolly t="5849" y="462" /><scrolly t="5865" y="463" /><scrolly t="5881" y="464" /><scrolly t="5898" y="465" /><scrolly t="5932" y="466" /><scrolly t="5948" y="467" /><scrolly t="5965" y="468" /><scrolly t="6032" y="470" /><execextern t="6050" streamID="53" /><scrolly t="6082" y="472" /><scrolly t="6116" y="473" /><scrolly t="6149" y="474" /><scrolly t="6182" y="475" /><scrolly t="6214" y="476" /><scrolly t="6265" y="477" /><scrolly t="6299" y="478" /><scrolly t="6349" y="479" /><scrolly t="6418" y="480" /><scrolly t="6466" y="481" /><scrolly t="6550" y="482" /><scrolly t="6616" y="483" /><elmPath t="8884" id="6"><path><element tagCode="2884" index="2" id="wrapper" /><element tagCode="2884" index="3" id="main" parentid="1" /><element tagCode="2884" index="0" id="pdp-detail" parentid="2" /><element tagCode="2884" index="0" parentid="3" /><element tagCode="2884" index="0" id="pdp-main" /><element tagCode="2884" index="1" parentid="4" /><element tagCode="2884" index="1" /><element tagCode="2884" index="2" id="product-content" /></path></elmPath><elmPos t="8885" id="7" x="20" y="808" h="74" w="335" ><path><element tagCode="2884" index="2" id="wrapper" /><element tagCode="2884" index="3" id="main" parentid="1" /><element tagCode="2884" index="0" id="pdp-detail" parentid="2" /><element tagCode="2884" index="0" parentid="3" /><element tagCode="2884" index="0" id="pdp-main" /><element tagCode="2884" index="1" parentid="4" /><element tagCode="2884" index="1" /><element tagCode="2884" index="2" id="product-content" /><element tagCode="2884" index="2" parentid="6" /><element tagCode="2884" index="0" /></path><children><child tagCode="147" x="0" y="5" w="145" h="17" index="0" /><child tagCode="117" x="0" y="32" w="335" h="42" index="0" /></children></elmPos><scrolltap t="8885" x="261" y="333" eid="7" angle="270" speed="0"/><touchstart t="8885" eid="7" touchid="13666" touchcount="1" x="261" y="333" /><scrolly t="8945" y="445" /><scrolly t="8976" y="408" /><scrolly t="8982" y="385" /><resize t="8992" w="375" h="638" cw="375" ch="638" sh="2591" sw="400" lh="638" lw="375" orientation="0" /><scrolly t="8999" y="362" /><scrolly t="9015" y="340" /><scrolly t="9032" y="319" /><scrolly t="9048" y="299" /><scrolly t="9065" y="279" /><scrolly t="9081" y="260" /><scrolly t="9098" y="241" /><scrolly t="9115" y="223" /><scrolly t="9131" y="206" /><scrolly t="9148" y="189" /><scrolly t="9166" y="173" /><execextern t="9168" streamID="54" /><scrolly t="9183" y="157" /><scrolly t="9234" y="113" /><scrolly t="9288" y="74" /><scrolly t="9334" y="38" /><scrolly t="9350" y="26" /><scrolly t="9366" y="16" /><scrolly t="9383" y="5" /><scrolly t="9400" y="-5" /><scrolly t="9416" y="-12" /><scrolly t="9434" y="-16" /><scrolly t="9450" y="-19" /><scrolly t="9467" y="-20" /><scrolly t="9519" y="-19" /><scrolly t="9534" y="-18" /><scrolly t="9551" y="-17" /><scrolly t="9567" y="-16" /><scrolly t="9584" y="-14" /><scrolly t="9600" y="-13" /><scrolly t="9617" y="-12" /><scrolly t="9634" y="-10" /><scrolly t="9650" y="-9" /><scrolly t="9667" y="-8" /><scrolly t="9683" y="-7" /><scrolly t="9700" y="-6" /><scrolly t="9735" y="-5" /><scrolly t="9751" y="-4" /><scrolly t="9784" y="-3" /><scrolly t="9817" y="-2" /><scrolly t="9884" y="-1" /><scrolly t="10004" y="0" /><doubletapzoom t="10377" x="273" y="348" eid="5" /><touchstart t="10377" eid="5" touchid="13667" touchcount="1" x="273" y="348" /><touchstart t="10462" eid="5" touchid="0" touchcount="1" x="20" y="189" /><scrolly t="10463" y="30" /><scrolly t="10467" y="47" /><scrolly t="10482" y="63" /><scrolly t="10499" y="79" /><scrolly t="10515" y="94" /><scrolly t="10533" y="108" /><execextern t="10545" streamID="55" /><scrolly t="10549" y="123" /><scrolly t="10566" y="136" /><resize t="10576" w="375" h="748" cw="375" ch="748" sh="2591" sw="400" lh="714" lw="375" orientation="0" /><scrolly t="10582" y="149" /><scrolly t="10599" y="162" /><scrolly t="10616" y="175" /><scrolly t="10632" y="187" /><scrolly t="10650" y="198" /><execextern t="10653" streamID="56" /><scrolly t="10668" y="209" /><scrolly t="10684" y="220" /><scrolly t="10700" y="231" /><scrolly t="10717" y="241" /><scrolly t="10734" y="250" /><scrolly t="10751" y="260" /><scrolly t="10768" y="269" /><scrolly t="10784" y="278" /><scrolly t="10801" y="286" /><scrolly t="10818" y="295" /><scrolly t="10834" y="303" /><scrolly t="10850" y="310" /><scrolly t="10867" y="318" /><scrolly t="10885" y="325" /><scrolly t="10901" y="332" /><scrolly t="10918" y="339" /><scrolly t="10935" y="346" /><scrolly t="10951" y="352" /><scrolly t="10967" y="358" /><scrolly t="10985" y="364" /><scrolly t="11001" y="370" /><execextern t="11057" streamID="57" /><scrolly t="11060" y="386" /><scrolly t="11067" y="391" /><scrolly t="11085" y="396" /><scrolly t="11101" y="400" /><scrolly t="11118" y="405" /><scrolly t="11135" y="409" /><scrolly t="11151" y="414" /><scrolly t="11168" y="418" /><scrolly t="11185" y="422" /><scrolly t="11201" y="425" /><scrolly t="11218" y="429" /><scrolly t="11235" y="433" /><scrolly t="11251" y="436" /><scrolly t="11268" y="440" /><scrolly t="11287" y="443" /><scrolly t="11302" y="446" /><scrolly t="11318" y="449" /><scrolly t="11335" y="452" /><scrolly t="11351" y="455" /><scrolly t="11368" y="458" /><scrolly t="11384" y="460" /><scrolly t="11401" y="463" /><scrolly t="11418" y="465" /><scrolly t="11435" y="468" /><scrolly t="11451" y="470" /><scrolly t="11468" y="472" /><scrolly t="11485" y="474" /><scrolly t="11501" y="477" /><scrolly t="11518" y="479" /><scrolly t="11535" y="481" /><scrolly t="11683" y="381" /><resize t="11684" w="375" h="638" cw="375" ch="638" sh="2591" sw="400" lh="638" lw="375" orientation="0" /><scrolly t="11684" y="334" /><scrolly t="11716" y="266" /><scrolly t="11733" y="234" /><scrolly t="11749" y="202" /><scrolly t="11766" y="172" /><execextern t="11767" streamID="58" /><scrolly t="11783" y="143" /><scrolly t="11800" y="115" /><scrolly t="11816" y="87" /><scrolly t="11833" y="61" /><scrolly t="11850" y="35" /><scrolly t="11866" y="10" /><scrolly t="11883" y="-12" /><scrolly t="11900" y="-28" /><scrolly t="11916" y="-38" /><scrolly t="11933" y="-45" /><scrolly t="11950" y="-47" /><scrolly t="11966" y="-48" /><scrolly t="11983" y="-47" /><scrolly t="12000" y="-45" /><scrolly t="12016" y="-43" /><scrolly t="12033" y="-40" /><scrolly t="12050" y="-37" /><scrolly t="12066" y="-33" /><scrolly t="12083" y="-30" /><scrolly t="12100" y="-27" /><scrolly t="12116" y="-24" /><scrolly t="12133" y="-22" /><scrolly t="12150" y="-19" /><scrolly t="12166" y="-17" /><scrolly t="12183" y="-15" /><scrolly t="12200" y="-13" /><scrolly t="12216" y="-12" /><scrolly t="12233" y="-10" /><scrolly t="12250" y="-9" /><scrolly t="12266" y="-8" /><scrolly t="12284" y="-7" /><scrolly t="12317" y="-5" /><scrolly t="12333" y="-4" /><scrolly t="12367" y="-3" /><scrolly t="12400" y="-2" /><scrolly t="12467" y="-1" /><scrolly t="12585" y="0" /><unload t="13550" exitPause="200" /></recording>