{"ActiveTime":12585,"AuthenticationUnixTime":1540347365635,"BodyCheck":null,"Campaign":null,"City":"McCormick","CityID":null,"ClicksBelowFold":0,"ClicksOnLinkLikeElements":0,"ClicksOnNonLinkLikeElements":0,"ClientDate":1540347365635,"ClientDateTime":0,"ClientHeightFinal":638,"ClientHeightInitial":638,"ClientRecordingDateTimeUtc":"2018-10-24 02:16:05.635","ClientRecordingDateTimeZone":"2018-10-23 21:16:05.635","ClientWidthFinal":375,"ClientWidthInitial":375,"Content":null,"ContentSize":148793,"ContentSourceID":2,"CountJSError":0,"CountMouseDown":0,"CountMouseMove":0,"CountNonClickTaleJsErrors":0,"Country":"United States","CountryCode":"US","CountryID":null,"CountScrollX":0,"CountScrollY":245,"CreateDate":"2018-10-24T02:16:05.635","Description":"","Device":"Apple iPhone","DeviceID":null,"DeviceTypeID":2,"Domain":"www.nautica.com","DomainID":null,"ErrorCount":0,"Exposure":44,"FetchURL":"","FormCount":0,"FullRecordingData":"","HtmlCharset":"UTF-8","HtmlCheck":null,"HttpCharset":"","IP":null,"IsPhysicalSizeDefault":true,"IsTouch":false,"JsErrors":[],"LanguageCode":"en-US","LayoutViewportWidth":375,"Length":13550,"Location":"https://www.nautica.com/big-%26-tall-mixed-media-full-zip-hoodie/Z81572.html?dwvar_Z81572_color=675#uuid=414361ab59a3713c25686d8348&display=106&sz=99","LocationID":-1,"MaxScrollPercent":48,"Medium":"Internal","MessageCount":30,"MessagesSize":0,"Navigator":"Ch69","OperatingSystem":"iOS","OperatingSystemID":null,"OrientationChangeCount":0,"OriginalSID":0,"PhysicalDisplayHeight":40,"PhysicalDisplayWidth":23,"PID":94,"Platform":"iPhone","PreviousSubmitIndication":null,"PopulationType":null,"ProcessingDateTimeUtc":"2018-10-24 02:16:15.557","ProcessingDateTimeZone":"2018-10-23 21:16:15.557","RecorderIsMobile":true,"RecordingDate":1540347365635,"RecordingGUID":"51212062-d173-4386-812c-46006d1ecc56","RecordingDateJs":1540347365635,"RecordingEndDate":1540347379185,"Referrer":"https://www.nautica.com/mens-big-and-tall/?view=grid&srule=price-low-to-high&sz=60&start=0","ReferrerID":-1,"Region":"South Carolina","RegionCode":"SC","RegionID":null,"SID":1970617804964495,"SizeScrollH":2591,"SizeScrollW":400,"SizeScrW":375,"SizeScrH":812,"TrueSizeScrW":375,"TrueSizeScrH":812,"SizeWndEndH":638,"SizeWndEndW":375,"SizeWndIniH":638,"SizeWndIniW":375,"Source":"nautica.com","SubmitCount":0,"SubscriberId":69859,"Tags":[{"TagName":"Config: Release_20181008","TagTypeID":0},{"TagName":"CT2MappingTag_272_7218156989762378_4218810576465155_2688456907869739","TagTypeID":0},{"TagName":"VE | Onload - Nautica.com - big-%26-tall-mixed-media-full-zip-hoodie-Z81572.html","TagTypeID":0},{"TagName":"VE Onload | Page Type | product","TagTypeID":0},{"TagName":"VE Onload | Category | big-%26-tall-mixed-media-full-zip-hoodie","TagTypeID":0},{"TagName":"VE | Onload - PDP page","TagTypeID":0},{"TagName":"VE Onload | Men's PDP","TagTypeID":0}],"TapCount":0,"Term":null,"TimeDOMLoad":1032,"TimeExitPause":200,"TimeInit":1830,"TimeLoad":3133,"TimeStart":1187,"TimeToFirstClick":3729,"TimeUnload":13550,"TimeWebPageFetch":0,"TimeZone":-240,"TrafficCampaignID":-1,"TrafficContentID":-1,"TrafficMediumID":-1,"TrafficSourceID":-1,"TrafficTermID":-1,"UID":1798968441454628,"UserAgent":"Mozilla/5.0 (iPhone; CPU iPhone OS 12_0 like Mac OS X) AppleWebKit/605.1.15 (KHTML, like Gecko) CriOS/69.0.3497.105 Mobile/15E148 Safari/605.1","UserAgentID":-1,"Version":16,"VersionMinor":15,"WebPageHash":"pe6J7QLXYOgEe27ttYY8hVcSiL0=","WRAttemptedCounter":192,"WRCheckedCounter":192,"WRGlobalCounter":192,"WRRecordedCounter":151,"XMLSize":16469,"DSRSize":35032,"HTMLSize":148793,"ZoomCount":2,"MachineName":"WIN-9S1CHG83531","IpAddress":"172.27.13.155","ProcessVersion":"1.0.1.157","ProcessingStartTimeUtc":"2018-10-24T02:16:15.5266338Z","ProcessingEndTimeUtc":"2018-10-24T02:16:15.5578902Z","ProcessingElapsedMilliseconds":31, "cage_ip":"172.27.13.236", "cage_version":"2.2.31", "cage_time":1540347378869,"avroSize":4377,"avroCompressedSize":3030}