<?xml version="1.0" encoding="utf-8"?><recording xmlns:xsd="http://www.w3.org/2001/XMLSchema" xmlns:xsi="http://www.w3.org/2001/XMLSchema-instance" ip=""  TrueSizeScrH="640" TrueSizeScrW="360" enriched="true" userAgent="Mozilla/5.0 (Linux; Android 6.0.1; SM-S550TL Build/MMB29K) AppleWebKit/537.36 (KHTML, like Gecko) Chrome/67.0.3396.87 Mobile Safari/537.36" contentSource="stream" fetchFrom="" location="https://www.nautica.com/mens/" t="7242" navigator="Ch67" platform="Linux armv7l" scrw="360" scrh="640" scrx="0" scry="0" scrDepth="24" itime="1540384678293" timeZone="-4" w="360" h="516" cw="360" ch="516" eventMask="383" cookieFlag="1" languageCode="en-US" uid="1971202763735140" uid2="0" referrer="https://www.nautica.com/mens-nautica-heritage/" country="United States" countryCode="US" webPageHash="670dff2d4fda83e62088535282dbc57af08663b8" version="16" length="23422" activeTime="22840" rtime="1540384680482" errorCount="0" messagesCount="14" messagesSize="41522" pid="94" sid="1971229262626829" tapCount="5" originalLocation="https://www.nautica.com/mens/" sw="360" sh="3579" pageContentSize="252758" recorderVersionMajor="16" recorderVersionMinor="15" historyLength="17" isClassifiedInThisSession="false" lh="516" lw="360" orientation="0" isRecorderMobile="true" exposure="86" deviceType="-1" physicalDisplayHeight="0" physicalDisplayWidth="0" devicePixelRatio="2" globalPageviewCounter="32" attemptedPageviewCounter="32" checkedPageviewCounter="32" recordedPageviewCounter="31" clicksOnLinkLikeElements="1" clicksOnNonLinkLikeElements="0" clicksBelowFold="0" timeToFirstClick="8703"><domload t="3340" /><execextern t="6009" streamID="4" /><tag t="6010">Config: Release_20181008</tag><start t="6021" /><tag t="6035">CT2MappingTag_272_6989037147797839_490224591387716_4333111802060104</tag><init t="7242" w="360" h="616" cw="360" ch="616" lw="360" lh="516" orientation="0" /><elmPos t="7304" id="0" x="0" y="0" h="3098" w="360" ><path></path><children><child tagCode="2884" x="0" y="0" w="360" h="3098" index="2" /></children></elmPos><focus t="7305" id="0" /><field t="7374" name="isMobile">true</field><tag t="7379">VE | Onload - Nautica.com - mens-</tag><tag t="7380">VE Onload | Page Type | category</tag><tag t="7381">VE Onload | Category | mens</tag><stream t="8676" id="1" size="252716" /><uploadstream t="8681" streamID="1" /><elmPath t="8699" id="1"><path><element  tagCode="2884" index="2" id="wrapper"/></path></elmPath><elmPath t="8700" id="2"><path><element  tagCode="2884" index="2" id="wrapper"/><element  tagCode="2884" index="4" id="main" parentid="1"/></path></elmPath><elmPath t="8700" id="3"><path><element  tagCode="2884" index="2" id="wrapper"/><element  tagCode="2884" index="4" id="main" parentid="1"/><element  tagCode="2884" index="3" id="primary" parentid="2"/></path></elmPath><elmPath t="8701" id="4"><path><element  tagCode="2884" index="2" id="wrapper"/><element  tagCode="2884" index="4" id="main" parentid="1"/><element  tagCode="2884" index="3" id="primary" parentid="2"/><element  tagCode="2884" index="1" parentid="3"/><element  tagCode="2884" index="0" id="landing-1"/></path></elmPath><elmPos t="8702" id="5" x="0" y="341" h="381" w="360" ><path><element  tagCode="2884" index="2" id="wrapper"/><element  tagCode="2884" index="4" id="main" parentid="1"/><element  tagCode="2884" index="3" id="primary" parentid="2"/><element  tagCode="2884" index="1" parentid="3"/><element  tagCode="2884" index="0" id="landing-1"/><element  tagCode="2884" index="0" parentid="4"/><element  tagCode="2884" index="0"/><element  tagCode="2884" index="1"/><element  tagCode="1" index="1"/><element  tagCode="873" index="1"/></path><children /></elmPos><tap t="8703" x="262" y="451" eid="5"/><touchstart t="8703" eid="5" touchid="0" touchcount="1" x="262" y="451" /><scrolltap t="8742" x="285" y="508" eid="5" angle="90" speed="0" /><touchstart t="8742" eid="5" touchid="0" touchcount="1" x="285" y="508" /><scrolly t="8853" y="521" /><execextern t="8896" streamID="5" /><execextern t="8916" streamID="6" /><resize t="9024" w="360" h="516" cw="360" ch="516" sh="3098" sw="360" lh="516" lw="360" orientation="0" /><tag t="9034">VE | Onload - PLP page</tag><scrolly t="9138" y="542" /><execextern t="9234" streamID="7" /><execextern t="9275" streamID="8" /><stream t="9340" id="2" size="2909" /><execextern t="9340" streamID="2" /><tag t="9457">VE Onload | Men&apos;s PLP</tag><scrolly t="9483" y="533" /><scrolly t="9532" y="532" /><tap t="9549" x="0" y="-190" eid="5"/><touchstart t="9549" eid="5" touchid="0" touchcount="1" x="0" y="-190" /><scrolltap t="9553" x="0" y="-190" eid="5" angle="270" speed="0" /><touchstart t="9553" eid="5" touchid="0" touchcount="1" x="0" y="-190" /><execextern t="9573" streamID="9" /><scrolly t="9579" y="529" /><stream t="9859" id="3" size="8439" /><execextern t="9859" streamID="3" /><scrolly t="10006" y="520" /><execextern t="10977" streamID="10" /><scrolly t="10987" y="516" /><scrolly t="11027" y="733" /><resize t="11038" w="360" h="516" cw="360" ch="516" sh="3301" sw="360" lh="516" lw="360" orientation="0" /><scrolly t="11072" y="773" /><execextern t="11170" streamID="11" /><scrolly t="11195" y="831" /><execextern t="11317" streamID="12" /><scrolly t="11343" y="948" /><resize t="11455" w="360" h="516" cw="360" ch="516" sh="3579" sw="360" lh="516" lw="360" orientation="0" /><scrolly t="11495" y="1193" /><scrolly t="11900" y="1231" /><scrolly t="11920" y="1287" /><execextern t="12029" streamID="13" /><execextern t="12052" streamID="14" /><load t="12060" w="360" h="516" cw="360" ch="516" sw="360" sh="3579" lw="360" lh="516" orientation="0" /><elmPos t="12176" id="6" x="0" y="0" h="3579" w="360" ><path></path><children><child tagCode="2884" x="0" y="0" w="360" h="3579" index="2" /></children></elmPos><scrolltap t="12177" x="293" y="519" eid="6" angle="90" speed="0" /><touchstart t="12177" eid="6" touchid="0" touchcount="1" x="293" y="519" /><scrolly t="12270" y="1289" /><scrolly t="12303" y="1305" /><scrolly t="12346" y="1328" /><scrolly t="12366" y="1344" /><scrolly t="12384" y="1351" /><scrolly t="12400" y="1356" /><scrolly t="12416" y="1358" /><scrolly t="12435" y="1364" /><scrolly t="12475" y="1374" /><scrolly t="12579" y="1388" /><scrolly t="12615" y="1409" /><scrolly t="12636" y="1415" /><scrolly t="12653" y="1421" /><scrolly t="12693" y="1428" /><scrolly t="12724" y="1440" /><scrolly t="12751" y="1448" /><scrolly t="12770" y="1455" /><scrolly t="12788" y="1459" /><scrolly t="12824" y="1479" /><scrolly t="12839" y="1491" /><execextern t="12875" streamID="15" /><scrolly t="12961" y="1508" /><scrolly t="12987" y="1567" /><scrolly t="13002" y="1574" /><scrolly t="13018" y="1580" /><scrolly t="13034" y="1586" /><scrolly t="13051" y="1590" /><scrolly t="13067" y="1594" /><scrolly t="13084" y="1598" /><scrolly t="13102" y="1601" /><scrolly t="13121" y="1603" /><scrolly t="13136" y="1606" /><scrolly t="13152" y="1607" /><scrolly t="13167" y="1609" /><scrolly t="13184" y="1610" /><scrolly t="13202" y="1611" /><scrolly t="13219" y="1612" /><scrolly t="13235" y="1613" /><scrolltap t="13750" x="277" y="539" eid="6" angle="270" speed="0" /><touchstart t="13750" eid="6" touchid="0" touchcount="1" x="277" y="539" /><scrolly t="13852" y="1621" /><scrolly t="13870" y="1629" /><scrolly t="13886" y="1633" /><scrolly t="13905" y="1643" /><scrolly t="13922" y="1653" /><scrolly t="13946" y="1661" /><scrolly t="13973" y="1672" /><scrolly t="14005" y="1683" /><scrolly t="14023" y="1688" /><scrolly t="14040" y="1694" /><scrolly t="14060" y="1700" /><scrolly t="14090" y="1710" /><scrolly t="14108" y="1718" /><scrolly t="14125" y="1729" /><scrolly t="14144" y="1734" /><scrolly t="14172" y="1761" /><scrolly t="14188" y="1776" /><scrolly t="14205" y="1782" /><scrolly t="14224" y="1794" /><scrolly t="14237" y="1812" /><scrolly t="14258" y="1827" /><scrolly t="14272" y="1838" /><scrolly t="14290" y="1844" /><scrolly t="14304" y="1861" /><scrolly t="14322" y="1876" /><scrolly t="14338" y="1891" /><scrolly t="14356" y="1905" /><scrolly t="14371" y="1918" /><scrolly t="14388" y="1929" /><scrolly t="14404" y="1940" /><scrolly t="14421" y="1949" /><scrolly t="14440" y="1958" /><scrolly t="14455" y="1966" /><scrolly t="14472" y="1973" /><scrolly t="14489" y="1979" /><scrolly t="14505" y="1985" /><scrolly t="14523" y="1990" /><scrolly t="14538" y="1995" /><scrolly t="14555" y="1999" /><scrolly t="14575" y="2003" /><scrolly t="14605" y="2009" /><scrolly t="14624" y="2012" /><scrolly t="14641" y="2014" /><scrolly t="14656" y="2016" /><scrolly t="14679" y="2018" /><scrolly t="14706" y="2021" /><scrolly t="14722" y="2022" /><scrolly t="14740" y="2023" /><scrolly t="14756" y="2024" /><scrolly t="14774" y="2025" /><scrolly t="14959" y="2034" /><scrolly t="14975" y="2044" /><scrolly t="14994" y="2050" /><scrolly t="15007" y="2053" /><scrolly t="15025" y="2057" /><scrolly t="15044" y="2061" /><scrolly t="15058" y="2062" /><scrolly t="15079" y="2067" /><scrolly t="15109" y="2073" /><scrolly t="15126" y="2076" /><scrolly t="15143" y="2077" /><scrolly t="15176" y="2076" /><scrolly t="15192" y="2062" /><scrolly t="15208" y="2025" /><scrolly t="15229" y="2020" /><scrolly t="15244" y="1992" /><scrolly t="15274" y="1878" /><scrolly t="15292" y="1821" /><scrolly t="15310" y="1766" /><scrolly t="15325" y="1711" /><scrolly t="15342" y="1658" /><scrolly t="15357" y="1606" /><scrolly t="15374" y="1555" /><scrolly t="15391" y="1505" /><scrolly t="15411" y="1457" /><scrolly t="15425" y="1410" /><scrolly t="15443" y="1365" /><scrolly t="15459" y="1322" /><scrolly t="15474" y="1280" /><scrolly t="15491" y="1240" /><scrolly t="15508" y="1201" /><scrolly t="15527" y="1163" /><elmPos t="15541" id="7" x="0" y="1614" h="58" w="360" ><path><element  tagCode="2884" index="2" id="wrapper"/><element  tagCode="2884" index="4" id="main" parentid="1"/><element  tagCode="2884" index="3" id="primary" parentid="2"/><element  tagCode="2884" index="1" parentid="3"/><element  tagCode="2884" index="0" id="landing-1"/><element  tagCode="2884" index="0" parentid="4"/><element  tagCode="2884" index="0"/><element  tagCode="2884" index="3"/><element  tagCode="2884" index="2"/><element  tagCode="1" index="0"/><element  tagCode="2884" index="0"/></path><children /></elmPos><scrolltap t="15542" x="261" y="452" eid="7" angle="270" speed="2" /><touchstart t="15542" eid="7" touchid="0" touchcount="1" x="261" y="452" /><scrolly t="15550" y="1127" /><scrolly t="15561" y="1093" /><scrolly t="15577" y="1059" /><scrolltap t="15592" x="0" y="555" eid="7" angle="90" speed="1" /><touchstart t="15592" eid="7" touchid="0" touchcount="1" x="0" y="555" /><execextern t="15812" streamID="16" /><scrolly t="15967" y="1072" /><scrolly t="15981" y="1090" /><scrolly t="16012" y="1161" /><scrolly t="16027" y="1179" /><scrolly t="16047" y="1195" /><scrolly t="16061" y="1229" /><scrolly t="16078" y="1262" /><scrolly t="16095" y="1294" /><scrolly t="16113" y="1326" /><scrolly t="16129" y="1356" /><scrolly t="16145" y="1386" /><scrolly t="16163" y="1414" /><scrolly t="16179" y="1440" /><scrolly t="16195" y="1466" /><scrolly t="16211" y="1490" /><scrolly t="16236" y="1512" /><scrolly t="16264" y="1554" /><scrolly t="16279" y="1573" /><scrolly t="16296" y="1591" /><execextern t="16381" streamID="17" /><scrolly t="16386" y="1608" /><elmPos t="16398" id="8" x="303" y="2024" h="45" w="39" ><path><element  tagCode="2884" index="2" id="wrapper"/><element  tagCode="2884" index="8" parentid="1"/><element  tagCode="2884" index="0"/><element  tagCode="1" index="0"/></path><children /></elmPos><scrolltap t="16399" x="305" y="427" eid="8" angle="90" speed="2" /><touchstart t="16399" eid="8" touchid="0" touchcount="1" x="305" y="427" /><scrolly t="16414" y="1691" /><scrolly t="16430" y="1702" /><elmPos t="16466" id="8" x="303" y="2218" h="45" w="39"><children /></elmPos><scrolltap t="16468" x="303" y="516" eid="8" angle="90" speed="0" /><touchstart t="16468" eid="8" touchid="0" touchcount="1" x="303" y="516" /><scrolly t="16478" y="1716" /><scrolly t="16496" y="1726" /><scrolly t="16512" y="1732" /><resize t="16524" w="360" h="616" cw="360" ch="616" sh="3579" sw="360" lh="516" lw="360" orientation="0" /><scrolly t="16536" y="1743" /><scrolly t="16564" y="1757" /><scrolly t="16579" y="1759" /><scrolly t="16598" y="1761" /><scrolly t="16615" y="1763" /><scrolly t="16631" y="1764" /><scrolly t="16648" y="1765" /><scrolly t="16695" y="1766" /><scrolly t="16744" y="1767" /><scrolly t="16764" y="1768" /><scrolly t="16780" y="1771" /><scrolly t="16796" y="1778" /><scrolly t="16815" y="1788" /><scrolly t="16832" y="1795" /><scrolly t="16849" y="1811" /><scrolly t="16862" y="1814" /><scrolly t="16881" y="1823" /><scrolly t="16897" y="1837" /><scrolly t="16913" y="1851" /><scrolly t="16929" y="1865" /><scrolly t="16947" y="1877" /><scrolly t="16964" y="1888" /><scrolly t="16980" y="1898" /><scrolly t="16997" y="1907" /><scrolly t="17014" y="1915" /><scrolly t="17032" y="1922" /><scrolly t="17047" y="1929" /><scrolly t="17064" y="1935" /><scrolly t="17081" y="1940" /><scrolly t="17097" y="1945" /><scrolly t="17114" y="1949" /><scrolly t="17132" y="1953" /><scrolly t="17147" y="1956" /><scrolly t="17163" y="1959" /><scrolly t="17179" y="1962" /><scrolly t="17196" y="1964" /><scrolly t="17214" y="1966" /><scrolly t="17230" y="1968" /><scrolly t="17250" y="1969" /><scrolly t="17263" y="1971" /><scrolly t="17280" y="1972" /><elmPath t="17302" id="9"><path><element  tagCode="2884" index="2" id="wrapper"/><element  tagCode="2884" index="4" id="main" parentid="1"/><element  tagCode="2884" index="4" id="monetate_product_grid_bef1756b" parentid="2"/></path></elmPath><elmPos t="17304" id="10" x="185" y="2292" h="150" w="150" ><path><element  tagCode="2884" index="2" id="wrapper"/><element  tagCode="2884" index="4" id="main" parentid="1"/><element  tagCode="2884" index="4" id="monetate_product_grid_bef1756b" parentid="2"/><element  tagCode="2884" index="0" parentid="9"/><element  tagCode="2884" index="0"/><element  tagCode="2884" index="1"/><element  tagCode="1" index="0"/><element  tagCode="2884" index="0"/><element  tagCode="873" index="0"/></path><children /></elmPos><scrolltap t="17304" x="309" y="447" eid="10" angle="90" speed="0" /><touchstart t="17304" eid="10" touchid="0" touchcount="1" x="309" y="447" /><scrolly t="17315" y="1973" /><scrolly t="17331" y="1974" /><scrolltap t="17352" x="185" y="318" eid="10" angle="90" speed="0" /><touchstart t="17352" eid="10" touchid="0" touchcount="1" x="185" y="318" /><scrolly t="17401" y="1981" /><scrolly t="17420" y="1990" /><scrolly t="17433" y="1994" /><scrolly t="17447" y="2005" /><scrolly t="17465" y="2016" /><scrolly t="17483" y="2031" /><scrolly t="17501" y="2038" /><scrolly t="17516" y="2050" /><scrolly t="17541" y="2063" /><scrolly t="17554" y="2071" /><scrolly t="17591" y="2106" /><scrolly t="17623" y="2130" /><scrolly t="17671" y="2166" /><scrolly t="17694" y="2180" /><scrolly t="17737" y="2214" /><scrolly t="17754" y="2224" /><scrolly t="17772" y="2232" /><scrolly t="17791" y="2240" /><scrolly t="17808" y="2247" /><scrolly t="17854" y="2263" /><scrolly t="17870" y="2268" /><scrolly t="17886" y="2272" /><scrolly t="17905" y="2275" /><scrolly t="17922" y="2278" /><scrolly t="17935" y="2281" /><scrolly t="17953" y="2284" /><scrolly t="17969" y="2286" /><scrolly t="17987" y="2288" /><scrolly t="18004" y="2289" /><scrolly t="18023" y="2291" /><scrolly t="18053" y="2293" /><scrolly t="18070" y="2294" /><scrolly t="18103" y="2295" /><elmPos t="18136" id="11" x="10" y="2736" h="21" w="340" ><path><element  tagCode="2884" index="2" id="wrapper"/><element  tagCode="2884" index="7" parentid="1"/><element  tagCode="2884" index="0"/><element  tagCode="136" index="0"/></path><children /></elmPos><scrolltap t="18136" x="288" y="455" eid="11" angle="270" speed="2" /><touchstart t="18136" eid="11" touchid="0" touchcount="1" x="288" y="455" /><scrolly t="18205" y="2310" /><scrolly t="18240" y="2337" /><scrolly t="18272" y="2373" /><scrolly t="18291" y="2388" /><scrolly t="18322" y="2414" /><scrolly t="18348" y="2429" /><scrolly t="18371" y="2446" /><scrolly t="18388" y="2458" /><scrolly t="18406" y="2466" /><scrolly t="18438" y="2471" /><scrolly t="18455" y="2472" /><scrolly t="18470" y="2473" /><scrolly t="18505" y="2472" /><scrolly t="18521" y="2466" /><scrolly t="18537" y="2459" /><scrolly t="18556" y="2429" /><scrolly t="18573" y="2349" /><scrolly t="18588" y="2295" /><scrolly t="18613" y="2288" /><scrolly t="18640" y="2096" /><scrolly t="18653" y="2001" /><scrolly t="18671" y="1907" /><scrolly t="18687" y="1813" /><scrolly t="18704" y="1721" /><scrolly t="18721" y="1629" /><scrolly t="18753" y="1449" /><scrolly t="18772" y="1362" /><scrolly t="18788" y="1275" /><scrolly t="18806" y="1191" /><scrolly t="18820" y="1108" /><scrolly t="18837" y="1026" /><scrolly t="18854" y="946" /><scrolly t="18874" y="869" /><scrolly t="18887" y="793" /><scrolly t="18904" y="718" /><scrolly t="18920" y="646" /><scrolly t="18939" y="575" /><scrolly t="18954" y="506" /><scrolly t="18974" y="439" /><execextern t="19000" streamID="18" /><scrolly t="19002" y="373" /><execextern t="19031" streamID="19" /><scrolly t="19035" y="247" /><scrolly t="19054" y="127" /><scrolly t="19071" y="70" /><scrolly t="19087" y="14" /><scrolly t="19105" y="0" /><execextern t="19134" streamID="20" /><resize t="19200" w="360" h="516" cw="360" ch="516" sh="3579" sw="360" lh="516" lw="360" orientation="0" /><execextern t="20893" streamID="21" /><execextern t="21416" streamID="22" /><elmPos t="22125" id="12" x="23" y="305" h="26" w="152" ><path><element  tagCode="2884" index="2" id="wrapper"/><element  tagCode="2884" index="4" id="main" parentid="1"/><element  tagCode="2884" index="3" id="primary" parentid="2"/><element  tagCode="2884" index="1" parentid="3"/><element  tagCode="2884" index="0" id="landing-1"/><element  tagCode="2884" index="0" parentid="4"/><element  tagCode="2884" index="0"/><element  tagCode="2884" index="0"/><element  tagCode="2884" index="1"/><element  tagCode="1" index="0"/></path><children /></elmPos><tap t="22125" x="144" y="327" eid="12"/><touchstart t="22125" eid="12" touchid="0" touchcount="1" x="144" y="327" /><tap t="22176" x="23" y="305" eid="12"/><touchstart t="22176" eid="12" touchid="0" touchcount="1" x="23" y="305" /><focus t="22222" id="12" /><execextern t="22478" streamID="23" /><click t="22485" id="12" /><link t="22488" id="12" url="https://www.nautica.com/mens-outerwear/" /><execextern t="22615" streamID="24" /><tap t="22686" x="23" y="305" eid="12"/><touchstart t="22686" eid="12" touchid="0" touchcount="1" x="23" y="305" /><resize t="22840" w="360" h="560" cw="360" ch="560" sh="3579" sw="360" lh="560" lw="360" orientation="0" /><unload t="23422" exitPause="200" /></recording>