{"VersionInfo":{"util":"2.9.0.7-a4f4a451","model":"2.9.0.13-25d4967c","parser":"2.9.0.13-7e06ccef","exporter":"2.9.0.13-015c9cec","pipe":"2.9.0.13-f78280e8"},"DeviceTypeID":-1,"Device":"","OperatingSystem":"other","PhysicalDisplayHeight":null,"PhysicalDisplayWidth":null,"RecorderIsMobile":true,"IsTouch":true,"TapCount":5,"ZoomCount":0,"Campaign":null,"Content":null,"Medium":"Internal","Term":null,"ClientHeightFinal":560,"ClientHeightInitial":516,"ClientWidthFinal":360,"ClientWidthInitial":360,"SizeWndEndH":560,"SizeWndIniH":516,"SizeWndEndW":360,"SizeWndIniW":360,"LayoutViewportWidth":360,"SizeScrW":360,"SizeScrH":640,"TrueSizeScrH":640,"TrueSizeScrW":360,"XMLSize":18805,"DSRSize":25279,"CountScrollX":0,"CountScrollY":282,"MaxScrollPercent":86,"SizeScrollH":3579,"SizeScrollW":360,"PreviousSubmitIndication":null,"SubmitCount":0,"CountryCode":"US","City":null,"Country":"United States","Region":"Florida","RegionCode":"FL","ActiveTime":22840,"Domain":"www.nautica.com","LanguageCode":"en-US","Navigator":"Ch67","Platform":"Linux armv7l","BodyCheck":null,"HtmlCheck":null,"Version":16,"VersionMinor":15,"ClicksBelowFold":0,"ClicksOnLinkLikeElements":1,"ClicksOnNonLinkLikeElements":0,"Exposure":86,"WRAttemptedCounter":32,"WRCheckedCounter":32,"WRGlobalCounter":32,"WRRecordedCounter":31,"MessageCount":14,"MessagesSize":7651,"OriginalSID":1971229262626829,"SID":1971229262626829,"PID":94,"UID":1971202763735140,"SubscriberId":69859,"UserAgent":"Mozilla/5.0 (Linux; Android 6.0.1; SM-S550TL Build/MMB29K) AppleWebKit/537.36 (KHTML, like Gecko) Chrome/67.0.3396.87 Mobile Safari/537.36","PopulationType":null,"CountJSError":0,"CountNonClickTaleJsErrors":0,"JsErrors":[],"Tags":[{"TagName":"VE Onload | Page Type | category","TagTypeID":0},{"TagName":"VE | Onload - Nautica.com - mens-","TagTypeID":0},{"TagName":"Config: Release_20181008","TagTypeID":0},{"TagName":"VE Onload | Category | mens","TagTypeID":0},{"TagName":"VE Onload | Men's PLP","TagTypeID":0},{"TagName":"VE | Onload - PLP page","TagTypeID":0},{"TagName":"CT2MappingTag_272_6989037147797839_490224591387716_4333111802060104","TagTypeID":0}],"RecordingGUID":"fe74bf07-044a-4e7f-a4aa-ed52fbd88141","Referrer":"https://www.nautica.com/mens-nautica-heritage/","ContentSourceID":2,"Location":"https://www.nautica.com/mens/","FormCount":0,"ContentSize":252758,"HTMLSize":252758,"HtmlCharset":"UTF-8","WebpageHash":"Zw3/LU/ag+YgiFNSgtvFevCGY7g=","CountMouseDown":0,"CountMouseMove":0,"ClientDate":1540384687724,"Length":23422,"ProcessingDateTimeUtc":"2018-10-24 12:38:23.273","ProcessingDateTimeZone":"2018-10-24 06:38:23.273","ClientRecordingDateTimeUtc":"2018-10-24 12:38:07.724","ClientRecordingDateTimeZone":"2018-10-24 06:38:07.724","RecordingDate":1540384680482,"RecordingDateJs":1540384680482,"RecordingEndDate":1540384703904,"TimeDOMLoad":3340,"TimeExitPause":200,"TimeInit":7242,"TimeLoad":12060,"TimeStart":6021,"TimeToFirstClick":8703,"TimeUnload":23422,"TimeZone":-240,"Description":"","CreateDate":"2018-10-24T12:38:23.262","ErrorCount":0,"AuthenticationUnixTime":1540384686049,"OrientationChangeCount":0,"Source":"nautica.com","IP":"172.27.15.155","ClientDateTime":0,"TimeWebPageFetch":0,"CityID":null,"LocationID":-1,"DeviceID":null,"DomainID":null,"FetchURL":"","FullRecordingData":"","HttpCharset":"","ReferrerID":-1,"TrafficCampaignID":-1,"TrafficContentID":-1,"TrafficMediumID":-1,"TrafficSourceID":-1,"TrafficTermID":-1,"UserAgentID":-1,"CountryID":null,"RegionID":null, "cage_ip":"172.27.13.40", "cage_version":"2.2.31", "cage_time":1540384703372,"avroSize":4762,"avroCompressedSize":3358}