{"ActiveTime":74767,"AuthenticationUnixTime":1540336340990,"BodyCheck":null,"Campaign":null,"City":"Santo Domingo","CityID":null,"ClicksBelowFold":0,"ClicksOnLinkLikeElements":0,"ClicksOnNonLinkLikeElements":1,"ClientDate":1540336340990,"ClientDateTime":0,"ClientHeightFinal":657,"ClientHeightInitial":657,"ClientRecordingDateTimeUtc":"2018-10-23 23:12:20.990","ClientRecordingDateTimeZone":"2018-10-23 18:12:20.990","ClientWidthFinal":1366,"ClientWidthInitial":1366,"Content":null,"ContentSize":168521,"ContentSourceID":2,"CountJSError":0,"CountMouseDown":1,"CountMouseMove":752,"CountNonClickTaleJsErrors":0,"Country":"Dominican Republic","CountryCode":"DO","CountryID":null,"CountScrollX":0,"CountScrollY":313,"CreateDate":"2018-10-23T23:12:20.99","Description":"","Device":"","DeviceID":null,"DeviceTypeID":1,"Domain":"www.nautica.com","DomainID":null,"ErrorCount":0,"Exposure":68,"FetchURL":"","FormCount":1,"FullRecordingData":"","HtmlCharset":"UTF-8","HtmlCheck":null,"HttpCharset":"","IP":null,"IsPhysicalSizeDefault":null,"IsTouch":false,"JsErrors":[],"LanguageCode":"en-US","LayoutViewportWidth":1349,"Length":74981,"Location":"https://www.nautica.com/order-history?dwcont=C1676249372","LocationID":-1,"MaxScrollPercent":71,"Medium":"Internal","MessageCount":22,"MessagesSize":0,"Navigator":"Ch69","OperatingSystem":"Windows","OperatingSystemID":null,"OrientationChangeCount":0,"OriginalSID":0,"PhysicalDisplayHeight":null,"PhysicalDisplayWidth":null,"PID":94,"Platform":"Win32","PreviousSubmitIndication":null,"PopulationType":null,"ProcessingDateTimeUtc":"2018-10-23 23:13:28.662","ProcessingDateTimeZone":"2018-10-23 18:13:28.662","RecorderIsMobile":false,"RecordingDate":1540336340990,"RecordingGUID":"6929ac6f-ffc4-4d32-b561-7d0ecdf9cb5d","RecordingDateJs":1540336340990,"RecordingEndDate":1540336415971,"Referrer":"https://www.nautica.com/order-history","ReferrerID":-1,"Region":"Nacional","RegionCode":"01","RegionID":null,"SID":1970437177180455,"SizeScrollH":1942,"SizeScrollW":1349,"SizeScrW":1366,"SizeScrH":768,"TrueSizeScrW":1366,"TrueSizeScrH":768,"SizeWndEndH":657,"SizeWndEndW":1366,"SizeWndIniH":657,"SizeWndIniW":1366,"Source":"nautica.com","SubmitCount":0,"SubscriberId":69859,"Tags":[{"TagName":"Config: Release_20181008","TagTypeID":0},{"TagName":"CT2MappingTag_272_633622347409420_2302123209218798_8153990892422823","TagTypeID":0},{"TagName":"VE | Onload - Nautica.com - order-history","TagTypeID":0},{"TagName":"Onload | Sign In Modal","TagTypeID":0}],"TapCount":0,"Term":null,"TimeDOMLoad":3298,"TimeExitPause":200,"TimeInit":4794,"TimeLoad":6167,"TimeStart":4334,"TimeToFirstClick":72833,"TimeUnload":74981,"TimeWebPageFetch":0,"TimeZone":-240,"TrafficCampaignID":-1,"TrafficContentID":-1,"TrafficMediumID":-1,"TrafficSourceID":-1,"TrafficTermID":-1,"UID":1864946723554659,"UserAgent":"Mozilla/5.0 (Windows NT 10.0; Win64; x64) AppleWebKit/537.36 (KHTML, like Gecko) Chrome/69.0.3497.100 Safari/537.36","UserAgentID":-1,"Version":16,"VersionMinor":15,"WebPageHash":"KFp8UbUzecemZdlfIO9uGaZuisw=","WRAttemptedCounter":270,"WRCheckedCounter":270,"WRGlobalCounter":270,"WRRecordedCounter":265,"XMLSize":96699,"DSRSize":13858,"HTMLSize":168521,"ZoomCount":0,"MachineName":"WIN-9S1CHG83531","IpAddress":"172.27.13.155","ProcessVersion":"1.0.1.157","ProcessingStartTimeUtc":"2018-10-23T23:13:28.5997713Z","ProcessingEndTimeUtc":"2018-10-23T23:13:28.6778938Z","ProcessingElapsedMilliseconds":78, "cage_ip":"172.27.13.236", "cage_version":"2.2.31", "cage_time":1540336411832,"avroSize":23712,"avroCompressedSize":11486}