<?xml version="1.0" encoding="utf-8"?><recording xmlns:xsd="http://www.w3.org/2001/XMLSchema" xmlns:xsi="http://www.w3.org/2001/XMLSchema-instance" machine="WIN-9S1CHG83531" procIp="172.27.13.155" procVersion="1.0.1.157" ip="" userAgent="Mozilla/5.0 (Windows NT 10.0; Win64; x64) AppleWebKit/537.36 (KHTML, like Gecko) Chrome/69.0.3497.100 Safari/537.36" contentSource="stream" fetchFrom="" location="https://www.nautica.com/order-history?dwcont=C1676249372" t="4794" navigator="Ch69" platform="Win32" scrw="1366" scrh="768" scrx="0" scry="0" scrDepth="24" itime="1540336329574" timeZone="-4" w="1366" h="657" cw="1366" ch="657" eventMask="383" cookieFlag="1" languageCode="en-US" uid="1864946723554659" uid2="0" referrer="https://www.nautica.com/order-history" country="Dominican Republic" countryCode="DO" webPageHash="285a7c51b53379c7a665d95f20ef6e19a66e8acc" version="16" length="74981" activeTime="74767" rtime="1540336340990" errorCount="0" messagesCount="22" messagesSize="43919" pid="94" sid="1970437177180455" tapCount="0" originalLocation="https://www.nautica.com/order-history?dwcont=C1676249372" enriched="true" TrueSizeScrW="1366" TrueSizeScrH="768" sw="1366" sh="1942" pageContentSize="168521" recorderVersionMajor="16" recorderVersionMinor="15" historyLength="12" isClassifiedInThisSession="false" lh="657" lw="1349" orientation="0" isRecorderMobile="false" exposure="68" deviceType="1" operatingSystem="Windows" devicePixelRatio="1" globalPageviewCounter="270" attemptedPageviewCounter="270" checkedPageviewCounter="270" recordedPageviewCounter="265" clicksOnLinkLikeElements="0" clicksOnNonLinkLikeElements="1" clicksBelowFold="0" timeToFirstClick="72833" ><domload t="3298" /><execextern t="4326" streamID="4" /><tag t="4328">Config: Release_20181008</tag><start t="4334" /><tag t="4338">CT2MappingTag_272_633622347409420_2302123209218798_8153990892422823</tag><init t="4794" w="1366" h="657" cw="1366" ch="657" lw="1349" lh="657" orientation="0" /><elmPos t="4811" id="0" x="0" y="0" h="1970" w="1349" ><path></path><children><child tagCode="2884" x="0" y="15" w="1349" h="1955" index="0" /></children></elmPos><focus t="4811" id="0" /><field t="4819" name="isMobile">false</field><stream t="5083" id="1" size="168478" /><uploadstream t="5083" streamID="1" /><mouseout t="5086" /><tag t="5173">VE | Onload - Nautica.com - order-history</tag><execextern t="5218" streamID="5" /><execextern t="5278" streamID="6" /><scrolly t="5336" y="54" /><stream t="5401" id="2" size="3097" /><execextern t="5401" streamID="2" /><scrolly t="5469" y="74" /><scrolly t="5504" y="77" /><scrolly t="5645" y="83" /><scrolly t="5827" y="114" /><execextern t="5842" streamID="7" /><scrolly t="5857" y="130" /><scrolly t="5878" y="152" /><scrolly t="5891" y="153" /><scrolly t="5908" y="157" /><scrolly t="5942" y="169" /><scrolly t="5961" y="176" /><scrolly t="6059" y="194" /><mouseout t="6132" /><scrolly t="6138" y="214" /><execextern t="6161" streamID="8" /><execextern t="6165" streamID="9" /><load t="6167" w="1366" h="657" cw="1366" ch="657" sw="1349" sh="1942" lw="1349" lh="657" orientation="0" /><scrolly t="6174" y="222" /><scrolly t="6199" y="233" /><execextern t="6222" streamID="10" /><scrolly t="6226" y="235" /><scrolly t="6235" y="239" /><scrolly t="6252" y="245" /><scrolly t="6270" y="252" /><scrolly t="6286" y="259" /><scrolly t="6365" y="274" /><scrolly t="6385" y="275" /><scrolly t="6452" y="278" /><scrolly t="6457" y="298" /><scrolly t="6469" y="304" /><scrolly t="6487" y="310" /><scrolly t="6502" y="313" /><scrolly t="6521" y="314" /><scrolly t="6552" y="315" /><execextern t="6566" streamID="11" /><scrolly t="6584" y="319" /><scrolly t="6589" y="324" /><scrolly t="6602" y="332" /><scrolly t="6620" y="339" /><scrolly t="6691" y="354" /><scrolly t="6718" y="356" /><scrolly t="6788" y="360" /><scrolly t="6795" y="381" /><scrolly t="6801" y="387" /><scrolly t="6819" y="391" /><scrolly t="6835" y="393" /><scrolly t="6855" y="394" /><scrolly t="6886" y="395" /><scrolly t="6902" y="399" /><scrolly t="6919" y="404" /><scrolly t="6934" y="412" /><scrolly t="6953" y="419" /><scrolly t="7022" y="434" /><scrolly t="7051" y="436" /><scrolly t="7067" y="440" /><scrolly t="7085" y="447" /><scrolly t="7101" y="454" /><scrolly t="7116" y="462" /><scrolly t="7137" y="468" /><mouseout t="7200" /><scrolly t="7202" y="472" /><scrolly t="7209" y="474" /><stream t="8011" id="3" size="3045" /><execextern t="8011" streamID="3" /><scrolly t="13171" y="475" /><scrolly t="13186" y="479" /><scrolly t="13208" y="485" /><scrolly t="13221" y="492" /><scrolly t="13240" y="500" /><scrolly t="13255" y="506" /><scrolly t="13334" y="514" /><scrolly t="13366" y="518" /><scrolly t="13387" y="523" /><scrolly t="13457" y="530" /><scrolly t="13464" y="549" /><scrolly t="13470" y="553" /><scrolly t="13485" y="554" /><scrolly t="13503" y="555" /><scrolly t="13520" y="558" /><scrolly t="13536" y="563" /><scrolly t="13554" y="570" /><scrolly t="13571" y="578" /><scrolly t="13586" y="585" /><scrolly t="13603" y="590" /><scrolly t="13669" y="593" /><scrolly t="13675" y="594" /><scrolly t="14824" y="597" /><scrolly t="14836" y="602" /><scrolly t="14857" y="608" /><scrolly t="14871" y="616" /><scrolly t="14889" y="623" /><scrolly t="14959" y="629" /><scrolly t="14964" y="634" /><scrolly t="15052" y="636" /><scrolly t="15068" y="639" /><scrolly t="15086" y="645" /><scrolly t="15103" y="653" /><scrolly t="15121" y="660" /><scrolly t="15134" y="667" /><scrolly t="15154" y="671" /><mouseout t="15221" /><scrolly t="15223" y="673" /><scrolly t="15230" y="674" /><scrolly t="15939" y="676" /><scrolly t="15956" y="680" /><scrolly t="15971" y="687" /><scrolly t="15987" y="694" /><scrolly t="16003" y="701" /><scrolly t="16020" y="707" /><scrolly t="16087" y="711" /><scrolly t="16094" y="714" /><elmPos t="23343" id="1" x="0" y="0" h="1942" w="1349" ><path></path><children><child tagCode="2884" x="0" y="122" w="1349" h="1820" index="0" /></children></elmPos><mouseover t="23344" id="1" /><mousemove t="23345" x="1352" y="652"  /><mousemove t="23354" x="1349" y="656"  /><mouseout t="23356" /><elmPos t="24292" id="2" x="0" y="122" h="1820" w="1349" ><path><element tagCode="2884" index="0" id="wrapper" /></path><children><child tagCode="2884" x="0" y="1431" w="1349" h="389" index="7" /></children></elmPos><mouseover t="24292" id="2" /><mousemove t="24292" x="1310" y="654"  /><mousemove t="24301" x="1312" y="653"  /><mousemove t="24318" x="1313" y="652"  /><mousemove t="24335" x="1312" y="652"  /><mousemove t="24352" x="1300" y="652"  /><mousemove t="24368" x="1283" y="654"  /><mousemove t="24383" x="1275" y="655"  /><mouseout t="24383" /><elmPath t="24655" id="3"><path><element tagCode="2884" index="0" id="wrapper" /><element tagCode="2884" index="3" id="main" parentid="2" /></path></elmPath><elmPath t="24656" id="4"><path><element tagCode="2884" index="0" id="wrapper" /><element tagCode="2884" index="3" id="main" parentid="2" /><element tagCode="2884" index="0" id="primary" parentid="3" /></path></elmPath><elmPos t="24657" id="5" x="986" y="1364" h="84" w="238" ><path><element tagCode="2884" index="0" id="wrapper" /><element tagCode="2884" index="3" id="main" parentid="2" /><element tagCode="2884" index="0" id="primary" parentid="3" /><element tagCode="2884" index="0" parentid="4" /><element tagCode="2884" index="4" /><element tagCode="276" index="0" /><element tagCode="1812" index="0" /><element tagCode="148" index="0" /><element tagCode="52" index="2" /></path><children /></elmPos><mouseover t="24658" id="5" /><mousemove t="24658" x="1218" y="653"  /><elmPos t="24672" id="6" x="986" y="1300" h="64" w="238" ><path><element tagCode="2884" index="0" id="wrapper" /><element tagCode="2884" index="3" id="main" parentid="2" /><element tagCode="2884" index="0" id="primary" parentid="3" /><element tagCode="2884" index="0" parentid="4" /><element tagCode="2884" index="4" /><element tagCode="276" index="0" /><element tagCode="596" index="0" /><element tagCode="148" index="0" /><element tagCode="84" index="2" /></path><children /></elmPos><mouseover t="24672" id="6" /><mousemove t="24672" x="1112" y="634"  /><mousemove t="24679" x="1081" y="629"  /><mousemove t="24686" x="1039" y="622"  /><mousemove t="24701" x="1014" y="619"  /><mousemove t="24717" x="1003" y="618"  /><mousemove t="24916" x="999" y="618"  /><mousemove t="24924" x="991" y="615"  /><elmPos t="24940" id="7" x="748" y="1300" h="64" w="238" ><path><element tagCode="2884" index="0" id="wrapper" /><element tagCode="2884" index="3" id="main" parentid="2" /><element tagCode="2884" index="0" id="primary" parentid="3" /><element tagCode="2884" index="0" parentid="4" /><element tagCode="2884" index="4" /><element tagCode="276" index="0" /><element tagCode="596" index="0" /><element tagCode="148" index="0" /><element tagCode="84" index="1" /></path><children /></elmPos><mouseover t="24940" id="7" /><mousemove t="24940" x="945" y="608"  /><mousemove t="24953" x="865" y="592"  /><elmPos t="24980" id="8" x="510" y="210" h="1238" w="714" ><path><element tagCode="2884" index="0" id="wrapper" /><element tagCode="2884" index="3" id="main" parentid="2" /><element tagCode="2884" index="0" id="primary" parentid="3" /><element tagCode="2884" index="0" parentid="4" /></path><children><child tagCode="136" x="0" y="0" w="714" h="41" index="0" /><child tagCode="2884" x="0" y="66" w="714" h="323" index="0" /><child tagCode="2884" x="0" y="419" w="714" h="41" index="1" /><child tagCode="2884" x="0" y="467" w="714" h="568" index="2" /><child tagCode="2884" x="0" y="1042" w="714" h="41" index="3" /><child tagCode="2884" x="0" y="1090" w="714" h="148" index="4" /></children></elmPos><mouseover t="24980" id="8" /><mousemove t="24980" x="797" y="580"  /><elmPos t="24995" id="9" x="510" y="1252" h="41" w="714" ><path><element tagCode="2884" index="0" id="wrapper" /><element tagCode="2884" index="3" id="main" parentid="2" /><element tagCode="2884" index="0" id="primary" parentid="3" /><element tagCode="2884" index="0" parentid="4" /><element tagCode="2884" index="3" parentid="8" /></path><children /></elmPos><mouseover t="24995" id="9" /><mousemove t="24995" x="746" y="575"  /><mousemove t="25002" x="737" y="574"  /><mousemove t="25017" x="734" y="574"  /><mousemove t="25039" x="733" y="574"  /><mousemove t="25204" x="731" y="574"  /><mousemove t="25223" x="695" y="561"  /><mousemove t="25236" x="654" y="548"  /><mousemove t="25252" x="624" y="541"  /><mousemove t="25270" x="602" y="538"  /><mousemove t="25286" x="591" y="538"  /><mousemove t="25303" x="586" y="538"  /><mousemove t="25320" x="583" y="538"  /><mousemove t="25339" x="582" y="538"  /><mousemove t="25585" x="581" y="538"  /><mouseover t="25606" id="8" /><mousemove t="25606" x="579" y="537"  /><mousemove t="25621" x="578" y="537"  /><mousemove t="25636" x="578" y="536"  /><mousemove t="25655" x="577" y="536"  /><mousemove t="25675" x="577" y="535"  /><mousemove t="25688" x="577" y="534"  /><mousemove t="25703" x="579" y="533"  /><elmPos t="25723" id="10" x="510" y="1161" h="84" w="167" ><path><element tagCode="2884" index="0" id="wrapper" /><element tagCode="2884" index="3" id="main" parentid="2" /><element tagCode="2884" index="0" id="primary" parentid="3" /><element tagCode="2884" index="0" parentid="4" /><element tagCode="2884" index="2" parentid="8" /><element tagCode="276" index="0" /><element tagCode="1812" index="0" /><element tagCode="148" index="5" /><element tagCode="52" index="0" /></path><children><child tagCode="2884" x="0" y="12" w="167" h="60" index="0" /></children></elmPos><mouseover t="25724" id="10" /><mousemove t="25724" x="583" y="530"  /><mousemove t="25736" x="589" y="526"  /><mousemove t="25752" x="591" y="525"  /><mousemove t="25771" x="592" y="525"  /><mousemove t="25822" x="591" y="525"  /><mousemove t="25838" x="580" y="525"  /><mousemove t="25854" x="571" y="526"  /><mousemove t="25870" x="560" y="526"  /><mousemove t="25887" x="554" y="526"  /><mousemove t="25902" x="549" y="526"  /><mousemove t="25920" x="546" y="524"  /><mousemove t="25936" x="543" y="524"  /><mousemove t="25958" x="542" y="523"  /><mousemove t="25970" x="541" y="522"  /><mousemove t="26001" x="540" y="522"  /><mousemove t="26022" x="539" y="522"  /><mousemove t="26103" x="539" y="521"  /><mousemove t="26139" x="539" y="520"  /><mousemove t="26154" x="540" y="520"  /><mousemove t="26170" x="542" y="519"  /><elmPos t="26192" id="11" x="543" y="1219" h="12" w="7" ><path><element tagCode="2884" index="0" id="wrapper" /><element tagCode="2884" index="3" id="main" parentid="2" /><element tagCode="2884" index="0" id="primary" parentid="3" /><element tagCode="2884" index="0" parentid="4" /><element tagCode="2884" index="2" parentid="8" /><element tagCode="276" index="0" /><element tagCode="1812" index="0" /><element tagCode="148" index="5" /><element tagCode="52" index="0" /><element tagCode="2884" index="0" parentid="10" /><element tagCode="2884" index="3" /><element tagCode="147" index="1" /></path><children /></elmPos><mouseover t="26192" id="11" /><mousemove t="26192" x="544" y="516"  /><mousemove t="26206" x="546" y="515"  /><mousemove t="26221" x="548" y="514"  /><mousemove t="26238" x="549" y="513"  /><mousemove t="26253" x="550" y="512"  /><elmPos t="26276" id="12" x="510" y="1218" h="15" w="167" ><path><element tagCode="2884" index="0" id="wrapper" /><element tagCode="2884" index="3" id="main" parentid="2" /><element tagCode="2884" index="0" id="primary" parentid="3" /><element tagCode="2884" index="0" parentid="4" /><element tagCode="2884" index="2" parentid="8" /><element tagCode="276" index="0" /><element tagCode="1812" index="0" /><element tagCode="148" index="5" /><element tagCode="52" index="0" /><element tagCode="2884" index="0" parentid="10" /><element tagCode="2884" index="3" /></path><children /></elmPos><mouseover t="26276" id="12" /><mousemove t="26276" x="552" y="512"  /><mousemove t="26286" x="555" y="510"  /><mousemove t="26304" x="557" y="509"  /><mousemove t="26320" x="560" y="508"  /><mousemove t="26336" x="563" y="508"  /><mousemove t="26353" x="565" y="507"  /><mousemove t="26367" x="568" y="506"  /><mousemove t="26384" x="569" y="506"  /><mousemove t="26402" x="570" y="506"  /><mousemove t="26420" x="572" y="506"  /><mousemove t="26436" x="573" y="505"  /><mousemove t="26455" x="576" y="505"  /><mousemove t="26470" x="578" y="505"  /><mousemove t="26485" x="580" y="505"  /><mousemove t="26504" x="583" y="505"  /><mousemove t="26523" x="585" y="505"  /><mousemove t="26536" x="587" y="505"  /><mousemove t="26552" x="589" y="505"  /><mousemove t="26568" x="590" y="505"  /><mousemove t="26583" x="592" y="505"  /><mousemove t="26602" x="593" y="505"  /><mousemove t="26617" x="594" y="505"  /><mousemove t="26636" x="595" y="505"  /><mousemove t="26653" x="597" y="505"  /><mousemove t="26669" x="598" y="505"  /><mousemove t="26688" x="599" y="505"  /><mousemove t="26704" x="600" y="505"  /><mousemove t="26719" x="601" y="504"  /><mousemove t="26735" x="603" y="504"  /><elmPos t="26755" id="13" x="510" y="1203" h="15" w="167" ><path><element tagCode="2884" index="0" id="wrapper" /><element tagCode="2884" index="3" id="main" parentid="2" /><element tagCode="2884" index="0" id="primary" parentid="3" /><element tagCode="2884" index="0" parentid="4" /><element tagCode="2884" index="2" parentid="8" /><element tagCode="276" index="0" /><element tagCode="1812" index="0" /><element tagCode="148" index="5" /><element tagCode="52" index="0" /><element tagCode="2884" index="0" parentid="10" /><element tagCode="2884" index="2" /></path><children /></elmPos><mouseover t="26755" id="13" /><mousemove t="26755" x="604" y="503"  /><mousemove t="26771" x="606" y="502"  /><elmPos t="26793" id="14" x="561" y="1204" h="12" w="71" ><path><element tagCode="2884" index="0" id="wrapper" /><element tagCode="2884" index="3" id="main" parentid="2" /><element tagCode="2884" index="0" id="primary" parentid="3" /><element tagCode="2884" index="0" parentid="4" /><element tagCode="2884" index="2" parentid="8" /><element tagCode="276" index="0" /><element tagCode="1812" index="0" /><element tagCode="148" index="5" /><element tagCode="52" index="0" /><element tagCode="2884" index="0" parentid="10" /><element tagCode="2884" index="2" /><element tagCode="147" index="1" parentid="13" /></path><children /></elmPos><mouseover t="26794" id="14" /><mousemove t="26794" x="607" y="501"  /><mousemove t="26803" x="608" y="500"  /><mousemove t="26820" x="609" y="499"  /><mousemove t="26835" x="610" y="498"  /><mousemove t="26862" x="611" y="498"  /><mousemove t="26872" x="611" y="497"  /><mousemove t="27809" x="610" y="497"  /><mousemove t="27823" x="608" y="497"  /><mousemove t="27837" x="606" y="497"  /><mousemove t="27853" x="605" y="497"  /><mousemove t="27870" x="603" y="497"  /><mousemove t="27894" x="602" y="497"  /><mousemove t="27906" x="601" y="497"  /><mousemove t="27921" x="600" y="497"  /><mousemove t="27937" x="599" y="496"  /><mousemove t="27956" x="598" y="496"  /><mousemove t="27972" x="596" y="495"  /><mousemove t="27988" x="595" y="495"  /><mousemove t="28004" x="594" y="495"  /><mousemove t="28020" x="593" y="495"  /><mousemove t="28039" x="593" y="494"  /><mousemove t="28060" x="592" y="494"  /><mousemove t="28147" x="591" y="494"  /><mousemove t="28161" x="590" y="494"  /><mousemove t="28170" x="589" y="493"  /><mousemove t="28194" x="588" y="493"  /><mousemove t="28207" x="587" y="493"  /><mousemove t="28221" x="587" y="492"  /><mousemove t="28236" x="586" y="491"  /><mousemove t="28256" x="585" y="491"  /><mousemove t="29105" x="585" y="490"  /><mousemove t="29122" x="589" y="490"  /><mousemove t="29137" x="596" y="490"  /><mousemove t="29155" x="606" y="490"  /><mousemove t="29170" x="617" y="490"  /><mousemove t="29187" x="629" y="490"  /><mouseover t="29207" id="13" /><mousemove t="29207" x="635" y="492"  /><mousemove t="29220" x="637" y="492"  /><mousemove t="29247" x="639" y="493"  /><mousemove t="29257" x="642" y="497"  /><mousemove t="29271" x="643" y="500"  /><mouseover t="29291" id="12" /><mousemove t="29291" x="643" y="514"  /><mouseover t="29306" id="10" /><mousemove t="29306" x="643" y="525"  /><mouseover t="29323" id="8" /><mousemove t="29323" x="639" y="534"  /><mouseover t="29339" id="9" /><mousemove t="29339" x="634" y="540"  /><mousemove t="29353" x="629" y="544"  /><mousemove t="29368" x="619" y="547"  /><mousemove t="29385" x="612" y="549"  /><mousemove t="29400" x="605" y="549"  /><mousemove t="29420" x="600" y="549"  /><mousemove t="29435" x="597" y="549"  /><mousemove t="29452" x="595" y="549"  /><mousemove t="29468" x="594" y="549"  /><mousemove t="29590" x="593" y="549"  /><mousemove t="29611" x="592" y="549"  /><mousemove t="29618" x="590" y="549"  /><mousemove t="29637" x="586" y="549"  /><mousemove t="29652" x="578" y="549"  /><mousemove t="29669" x="565" y="547"  /><mousemove t="29693" x="549" y="541"  /><mousemove t="29703" x="545" y="539"  /><mouseover t="29724" id="8" /><mousemove t="29724" x="542" y="537"  /><mousemove t="29736" x="540" y="536"  /><mousemove t="29753" x="539" y="535"  /><mousemove t="29774" x="538" y="535"  /><mousemove t="30017" x="537" y="533"  /><mousemove t="30022" x="536" y="532"  /><mouseover t="30041" id="10" /><mousemove t="30041" x="535" y="529"  /><mousemove t="30050" x="534" y="527"  /><mousemove t="30069" x="534" y="523"  /><mousemove t="30084" x="534" y="519"  /><elmPos t="30106" id="15" x="510" y="1218" h="15" w="30" ><path><element tagCode="2884" index="0" id="wrapper" /><element tagCode="2884" index="3" id="main" parentid="2" /><element tagCode="2884" index="0" id="primary" parentid="3" /><element tagCode="2884" index="0" parentid="4" /><element tagCode="2884" index="2" parentid="8" /><element tagCode="276" index="0" /><element tagCode="1812" index="0" /><element tagCode="148" index="5" /><element tagCode="52" index="0" /><element tagCode="2884" index="0" parentid="10" /><element tagCode="2884" index="3" /><element tagCode="147" index="0" parentid="12" /></path><children /></elmPos><mouseover t="30106" id="15" /><mousemove t="30106" x="538" y="507"  /><elmPos t="30121" id="16" x="510" y="1203" h="15" w="47" ><path><element tagCode="2884" index="0" id="wrapper" /><element tagCode="2884" index="3" id="main" parentid="2" /><element tagCode="2884" index="0" id="primary" parentid="3" /><element tagCode="2884" index="0" parentid="4" /><element tagCode="2884" index="2" parentid="8" /><element tagCode="276" index="0" /><element tagCode="1812" index="0" /><element tagCode="148" index="5" /><element tagCode="52" index="0" /><element tagCode="2884" index="0" parentid="10" /><element tagCode="2884" index="2" /><element tagCode="147" index="0" parentid="13" /></path><children /></elmPos><mouseover t="30121" id="16" /><mousemove t="30121" x="546" y="495"  /><elmPos t="30137" id="17" x="547" y="1189" h="12" w="49" ><path><element tagCode="2884" index="0" id="wrapper" /><element tagCode="2884" index="3" id="main" parentid="2" /><element tagCode="2884" index="0" id="primary" parentid="3" /><element tagCode="2884" index="0" parentid="4" /><element tagCode="2884" index="2" parentid="8" /><element tagCode="276" index="0" /><element tagCode="1812" index="0" /><element tagCode="148" index="5" /><element tagCode="52" index="0" /><element tagCode="2884" index="0" parentid="10" /><element tagCode="2884" index="1" /><element tagCode="147" index="1" /></path><children /></elmPos><mouseover t="30137" id="17" /><mousemove t="30137" x="557" y="484"  /><elmPos t="30158" id="18" x="510" y="1174" h="13" w="126" ><path><element tagCode="2884" index="0" id="wrapper" /><element tagCode="2884" index="3" id="main" parentid="2" /><element tagCode="2884" index="0" id="primary" parentid="3" /><element tagCode="2884" index="0" parentid="4" /><element tagCode="2884" index="2" parentid="8" /><element tagCode="276" index="0" /><element tagCode="1812" index="0" /><element tagCode="148" index="5" /><element tagCode="52" index="0" /><element tagCode="2884" index="0" parentid="10" /><element tagCode="2884" index="0" /><element tagCode="1" index="0" /></path><children /></elmPos><mouseover t="30158" id="18" /><mousemove t="30159" x="570" y="470"  /><mouseover t="30176" id="10" /><mousemove t="30176" x="585" y="458"  /><mousemove t="30186" x="599" y="448"  /><elmPos t="30203" id="19" x="510" y="1077" h="84" w="167" ><path><element tagCode="2884" index="0" id="wrapper" /><element tagCode="2884" index="3" id="main" parentid="2" /><element tagCode="2884" index="0" id="primary" parentid="3" /><element tagCode="2884" index="0" parentid="4" /><element tagCode="2884" index="2" parentid="8" /><element tagCode="276" index="0" /><element tagCode="1812" index="0" /><element tagCode="148" index="4" /><element tagCode="52" index="0" /></path><children><child tagCode="2884" x="0" y="12" w="167" h="60" index="0" /></children></elmPos><mouseover t="30203" id="19" /><mousemove t="30203" x="616" y="438"  /><elmPos t="30219" id="20" x="510" y="1134" h="15" w="167" ><path><element tagCode="2884" index="0" id="wrapper" /><element tagCode="2884" index="3" id="main" parentid="2" /><element tagCode="2884" index="0" id="primary" parentid="3" /><element tagCode="2884" index="0" parentid="4" /><element tagCode="2884" index="2" parentid="8" /><element tagCode="276" index="0" /><element tagCode="1812" index="0" /><element tagCode="148" index="4" /><element tagCode="52" index="0" /><element tagCode="2884" index="0" parentid="19" /><element tagCode="2884" index="3" /></path><children /></elmPos><mouseover t="30219" id="20" /><mousemove t="30219" x="627" y="433"  /><mousemove t="30237" x="628" y="433"  /><mousemove t="30252" x="629" y="433"  /><mousemove t="30429" x="629" y="428"  /><mousemove t="30438" x="628" y="426"  /><mousemove t="30453" x="627" y="421"  /><elmPos t="30473" id="21" x="510" y="1119" h="15" w="167" ><path><element tagCode="2884" index="0" id="wrapper" /><element tagCode="2884" index="3" id="main" parentid="2" /><element tagCode="2884" index="0" id="primary" parentid="3" /><element tagCode="2884" index="0" parentid="4" /><element tagCode="2884" index="2" parentid="8" /><element tagCode="276" index="0" /><element tagCode="1812" index="0" /><element tagCode="148" index="4" /><element tagCode="52" index="0" /><element tagCode="2884" index="0" parentid="19" /><element tagCode="2884" index="2" /></path><children /></elmPos><mouseover t="30473" id="21" /><mousemove t="30473" x="627" y="419"  /><mousemove t="30486" x="627" y="418"  /><elmPos t="30506" id="22" x="561" y="1120" h="12" w="71" ><path><element tagCode="2884" index="0" id="wrapper" /><element tagCode="2884" index="3" id="main" parentid="2" /><element tagCode="2884" index="0" id="primary" parentid="3" /><element tagCode="2884" index="0" parentid="4" /><element tagCode="2884" index="2" parentid="8" /><element tagCode="276" index="0" /><element tagCode="1812" index="0" /><element tagCode="148" index="4" /><element tagCode="52" index="0" /><element tagCode="2884" index="0" parentid="19" /><element tagCode="2884" index="2" /><element tagCode="147" index="1" parentid="21" /></path><children /></elmPos><mouseover t="30506" id="22" /><mousemove t="30506" x="627" y="417"  /><mousemove t="30516" x="627" y="416"  /><mousemove t="30546" x="627" y="415"  /><mousemove t="30581" x="627" y="414"  /><mousemove t="30624" x="626" y="414"  /><mousemove t="30638" x="624" y="413"  /><mousemove t="30653" x="618" y="413"  /><mousemove t="30669" x="611" y="412"  /><mousemove t="30701" x="604" y="410"  /><mousemove t="30708" x="598" y="410"  /><mousemove t="30720" x="597" y="410"  /><mousemove t="30734" x="595" y="410"  /><mousemove t="30756" x="594" y="410"  /><mousemove t="30894" x="595" y="411"  /><mousemove t="30902" x="596" y="411"  /><mousemove t="30919" x="598" y="412"  /><mousemove t="30936" x="599" y="412"  /><mousemove t="30954" x="600" y="412"  /><mousemove t="31057" x="599" y="412"  /><mousemove t="31068" x="596" y="410"  /><mousemove t="31087" x="595" y="409"  /><mousemove t="31102" x="594" y="409"  /><mousemove t="31121" x="594" y="408"  /><mousemove t="31136" x="593" y="408"  /><mousemove t="33629" x="593" y="407"  /><mousemove t="33679" x="593" y="406"  /><mouseover t="33720" id="21" /><mousemove t="33720" x="593" y="405"  /><elmPos t="33743" id="23" x="510" y="1104" h="15" w="167" ><path><element tagCode="2884" index="0" id="wrapper" /><element tagCode="2884" index="3" id="main" parentid="2" /><element tagCode="2884" index="0" id="primary" parentid="3" /><element tagCode="2884" index="0" parentid="4" /><element tagCode="2884" index="2" parentid="8" /><element tagCode="276" index="0" /><element tagCode="1812" index="0" /><element tagCode="148" index="4" /><element tagCode="52" index="0" /><element tagCode="2884" index="0" parentid="19" /><element tagCode="2884" index="1" /></path><children /></elmPos><mouseover t="33743" id="23" /><mousemove t="33743" x="593" y="404"  /><mousemove t="33762" x="593" y="403"  /><elmPos t="33854" id="24" x="547" y="1105" h="12" w="49" ><path><element tagCode="2884" index="0" id="wrapper" /><element tagCode="2884" index="3" id="main" parentid="2" /><element tagCode="2884" index="0" id="primary" parentid="3" /><element tagCode="2884" index="0" parentid="4" /><element tagCode="2884" index="2" parentid="8" /><element tagCode="276" index="0" /><element tagCode="1812" index="0" /><element tagCode="148" index="4" /><element tagCode="52" index="0" /><element tagCode="2884" index="0" parentid="19" /><element tagCode="2884" index="1" /><element tagCode="147" index="1" parentid="23" /></path><children /></elmPos><mouseover t="33854" id="24" /><mousemove t="33854" x="593" y="402"  /><mousemove t="33879" x="592" y="402"  /><mousemove t="33903" x="592" y="401"  /><mousemove t="33933" x="591" y="401"  /><mousemove t="33939" x="591" y="400"  /><mousemove t="33952" x="591" y="399"  /><mousemove t="33968" x="591" y="398"  /><mousemove t="33984" x="590" y="397"  /><mousemove t="34002" x="590" y="395"  /><mousemove t="34020" x="589" y="394"  /><mouseover t="34043" id="23" /><mousemove t="34043" x="587" y="390"  /><elmPos t="34056" id="25" x="510" y="1090" h="13" w="126" ><path><element tagCode="2884" index="0" id="wrapper" /><element tagCode="2884" index="3" id="main" parentid="2" /><element tagCode="2884" index="0" id="primary" parentid="3" /><element tagCode="2884" index="0" parentid="4" /><element tagCode="2884" index="2" parentid="8" /><element tagCode="276" index="0" /><element tagCode="1812" index="0" /><element tagCode="148" index="4" /><element tagCode="52" index="0" /><element tagCode="2884" index="0" parentid="19" /><element tagCode="2884" index="0" /><element tagCode="1" index="0" /></path><children /></elmPos><mouseover t="34056" id="25" /><mousemove t="34056" x="587" y="386"  /><mousemove t="34074" x="585" y="378"  /><mouseover t="34084" id="19" /><mousemove t="34084" x="585" y="372"  /><mousemove t="34102" x="584" y="368"  /><mousemove t="34117" x="584" y="364"  /><elmPos t="34134" id="26" x="510" y="993" h="84" w="167" ><path><element tagCode="2884" index="0" id="wrapper" /><element tagCode="2884" index="3" id="main" parentid="2" /><element tagCode="2884" index="0" id="primary" parentid="3" /><element tagCode="2884" index="0" parentid="4" /><element tagCode="2884" index="2" parentid="8" /><element tagCode="276" index="0" /><element tagCode="1812" index="0" /><element tagCode="148" index="3" /><element tagCode="52" index="0" /></path><children><child tagCode="2884" x="0" y="12" w="167" h="60" index="0" /></children></elmPos><mouseover t="34134" id="26" /><mousemove t="34134" x="584" y="362"  /><mousemove t="34148" x="584" y="361"  /><mousemove t="34390" x="584" y="359"  /><mousemove t="34400" x="583" y="352"  /><elmPos t="34424" id="27" x="510" y="1050" h="15" w="167" ><path><element tagCode="2884" index="0" id="wrapper" /><element tagCode="2884" index="3" id="main" parentid="2" /><element tagCode="2884" index="0" id="primary" parentid="3" /><element tagCode="2884" index="0" parentid="4" /><element tagCode="2884" index="2" parentid="8" /><element tagCode="276" index="0" /><element tagCode="1812" index="0" /><element tagCode="148" index="3" /><element tagCode="52" index="0" /><element tagCode="2884" index="0" parentid="26" /><element tagCode="2884" index="3" /></path><children /></elmPos><mouseover t="34424" id="27" /><mousemove t="34424" x="581" y="342"  /><elmPos t="34436" id="28" x="561" y="1036" h="12" w="26" ><path><element tagCode="2884" index="0" id="wrapper" /><element tagCode="2884" index="3" id="main" parentid="2" /><element tagCode="2884" index="0" id="primary" parentid="3" /><element tagCode="2884" index="0" parentid="4" /><element tagCode="2884" index="2" parentid="8" /><element tagCode="276" index="0" /><element tagCode="1812" index="0" /><element tagCode="148" index="3" /><element tagCode="52" index="0" /><element tagCode="2884" index="0" parentid="26" /><element tagCode="2884" index="2" /><element tagCode="147" index="1" /></path><children /></elmPos><mouseover t="34436" id="28" /><mousemove t="34436" x="579" y="327"  /><elmPos t="34450" id="29" x="547" y="1021" h="12" w="49" ><path><element tagCode="2884" index="0" id="wrapper" /><element tagCode="2884" index="3" id="main" parentid="2" /><element tagCode="2884" index="0" id="primary" parentid="3" /><element tagCode="2884" index="0" parentid="4" /><element tagCode="2884" index="2" parentid="8" /><element tagCode="276" index="0" /><element tagCode="1812" index="0" /><element tagCode="148" index="3" /><element tagCode="52" index="0" /><element tagCode="2884" index="0" parentid="26" /><element tagCode="2884" index="1" /><element tagCode="147" index="1" /></path><children /></elmPos><mouseover t="34450" id="29" /><mousemove t="34450" x="577" y="317"  /><mousemove t="34465" x="576" y="308"  /><elmPos t="34483" id="30" x="510" y="1006" h="13" w="126" ><path><element tagCode="2884" index="0" id="wrapper" /><element tagCode="2884" index="3" id="main" parentid="2" /><element tagCode="2884" index="0" id="primary" parentid="3" /><element tagCode="2884" index="0" parentid="4" /><element tagCode="2884" index="2" parentid="8" /><element tagCode="276" index="0" /><element tagCode="1812" index="0" /><element tagCode="148" index="3" /><element tagCode="52" index="0" /><element tagCode="2884" index="0" parentid="26" /><element tagCode="2884" index="0" /><element tagCode="1" index="0" /></path><children /></elmPos><mouseover t="34483" id="30" /><mousemove t="34483" x="575" y="299"  /><mousemove t="34499" x="574" y="294"  /><mouseover t="34520" id="26" /><mousemove t="34520" x="573" y="289"  /><mousemove t="34535" x="573" y="287"  /><mousemove t="34551" x="573" y="284"  /><mousemove t="34567" x="573" y="283"  /><mousemove t="34583" x="573" y="281"  /><mousemove t="34599" x="573" y="280"  /><elmPos t="34621" id="31" x="510" y="909" h="84" w="167" ><path><element tagCode="2884" index="0" id="wrapper" /><element tagCode="2884" index="3" id="main" parentid="2" /><element tagCode="2884" index="0" id="primary" parentid="3" /><element tagCode="2884" index="0" parentid="4" /><element tagCode="2884" index="2" parentid="8" /><element tagCode="276" index="0" /><element tagCode="1812" index="0" /><element tagCode="148" index="2" /><element tagCode="52" index="0" /></path><children><child tagCode="2884" x="0" y="12" w="167" h="60" index="0" /></children></elmPos><mouseover t="34621" id="31" /><mousemove t="34621" x="573" y="278"  /><mousemove t="34638" x="575" y="275"  /><elmPos t="34658" id="32" x="510" y="966" h="15" w="167" ><path><element tagCode="2884" index="0" id="wrapper" /><element tagCode="2884" index="3" id="main" parentid="2" /><element tagCode="2884" index="0" id="primary" parentid="3" /><element tagCode="2884" index="0" parentid="4" /><element tagCode="2884" index="2" parentid="8" /><element tagCode="276" index="0" /><element tagCode="1812" index="0" /><element tagCode="148" index="2" /><element tagCode="52" index="0" /><element tagCode="2884" index="0" parentid="31" /><element tagCode="2884" index="3" /></path><children /></elmPos><mouseover t="34658" id="32" /><mousemove t="34658" x="590" y="265"  /><mousemove t="34669" x="608" y="259"  /><mousemove t="34684" x="631" y="255"  /><elmPos t="34701" id="33" x="510" y="951" h="15" w="167" ><path><element tagCode="2884" index="0" id="wrapper" /><element tagCode="2884" index="3" id="main" parentid="2" /><element tagCode="2884" index="0" id="primary" parentid="3" /><element tagCode="2884" index="0" parentid="4" /><element tagCode="2884" index="2" parentid="8" /><element tagCode="276" index="0" /><element tagCode="1812" index="0" /><element tagCode="148" index="2" /><element tagCode="52" index="0" /><element tagCode="2884" index="0" parentid="31" /><element tagCode="2884" index="2" /></path><children /></elmPos><mouseover t="34701" id="33" /><mousemove t="34701" x="659" y="251"  /><elmPos t="34717" id="34" x="677" y="909" h="84" w="168" ><path><element tagCode="2884" index="0" id="wrapper" /><element tagCode="2884" index="3" id="main" parentid="2" /><element tagCode="2884" index="0" id="primary" parentid="3" /><element tagCode="2884" index="0" parentid="4" /><element tagCode="2884" index="2" parentid="8" /><element tagCode="276" index="0" /><element tagCode="1812" index="0" /><element tagCode="148" index="2" /><element tagCode="52" index="1" /></path><children /></elmPos><mouseover t="34717" id="34" /><mousemove t="34717" x="682" y="250"  /><mousemove t="34733" x="702" y="248"  /><mousemove t="34750" x="717" y="247"  /><mousemove t="34769" x="725" y="247"  /><mousemove t="34788" x="728" y="247"  /><mousemove t="34801" x="729" y="247"  /><mousemove t="34959" x="731" y="247"  /><mousemove t="34969" x="735" y="247"  /><mousemove t="34987" x="754" y="247"  /><mousemove t="35002" x="816" y="247"  /><elmPos t="35020" id="35" x="845" y="909" h="84" w="168" ><path><element tagCode="2884" index="0" id="wrapper" /><element tagCode="2884" index="3" id="main" parentid="2" /><element tagCode="2884" index="0" id="primary" parentid="3" /><element tagCode="2884" index="0" parentid="4" /><element tagCode="2884" index="2" parentid="8" /><element tagCode="276" index="0" /><element tagCode="1812" index="0" /><element tagCode="148" index="2" /><element tagCode="52" index="2" /></path><children /></elmPos><mouseover t="35020" id="35" /><mousemove t="35020" x="857" y="246"  /><mousemove t="35037" x="892" y="246"  /><mousemove t="35054" x="916" y="246"  /><mousemove t="35069" x="931" y="246"  /><mousemove t="35087" x="934" y="246"  /><mousemove t="35100" x="935" y="246"  /><mousemove t="35268" x="938" y="246"  /><mousemove t="35286" x="949" y="240"  /><mousemove t="35303" x="981" y="223"  /><elmPos t="35327" id="36" x="1013" y="741" h="504" w="211" ><path><element tagCode="2884" index="0" id="wrapper" /><element tagCode="2884" index="3" id="main" parentid="2" /><element tagCode="2884" index="0" id="primary" parentid="3" /><element tagCode="2884" index="0" parentid="4" /><element tagCode="2884" index="2" parentid="8" /><element tagCode="276" index="0" /><element tagCode="1812" index="0" /><element tagCode="148" index="0" /><element tagCode="52" index="3" /></path><children><child tagCode="2884" x="0" y="11" w="211" h="60" index="0" /><child tagCode="2884" x="0" y="71" w="211" h="26" index="1" /><child tagCode="2884" x="0" y="97" w="211" h="15" index="2" /><child tagCode="2884" x="0" y="112" w="211" h="30" index="3" /></children></elmPos><mouseover t="35327" id="36" /><mousemove t="35327" x="1025" y="202"  /><mousemove t="35336" x="1073" y="184"  /><elmPos t="35357" id="37" x="1013" y="853" h="30" w="211" ><path><element tagCode="2884" index="0" id="wrapper" /><element tagCode="2884" index="3" id="main" parentid="2" /><element tagCode="2884" index="0" id="primary" parentid="3" /><element tagCode="2884" index="0" parentid="4" /><element tagCode="2884" index="2" parentid="8" /><element tagCode="276" index="0" /><element tagCode="1812" index="0" /><element tagCode="148" index="0" /><element tagCode="52" index="3" /><element tagCode="2884" index="3" parentid="36" /></path><children /></elmPos><mouseover t="35357" id="37" /><mousemove t="35357" x="1111" y="168"  /><mousemove t="35371" x="1115" y="167"  /><elmPos t="35395" id="38" x="1013" y="869" h="12" w="157" ><path><element tagCode="2884" index="0" id="wrapper" /><element tagCode="2884" index="3" id="main" parentid="2" /><element tagCode="2884" index="0" id="primary" parentid="3" /><element tagCode="2884" index="0" parentid="4" /><element tagCode="2884" index="2" parentid="8" /><element tagCode="276" index="0" /><element tagCode="1812" index="0" /><element tagCode="148" index="0" /><element tagCode="52" index="3" /><element tagCode="2884" index="3" parentid="36" /><element tagCode="147" index="1" parentid="37" /><element tagCode="1" index="0" /></path><children /></elmPos><mouseover t="35395" id="38" /><mousemove t="35395" x="1119" y="165"  /><mousemove t="35540" x="1121" y="163"  /><mouseover t="35562" id="37" /><mousemove t="35562" x="1133" y="151"  /><elmPath t="35569" id="39"><path><element tagCode="2884" index="0" id="wrapper" /><element tagCode="2884" index="1" id="header" parentid="2" /></path></elmPath><elmPath t="35569" id="40"><path><element tagCode="2884" index="0" id="wrapper" /><element tagCode="2884" index="1" id="header" parentid="2" /><element tagCode="40" index="0" parentid="39" /><element tagCode="2884" index="2" id="navigation" /></path></elmPath><elmPos t="35572" id="41" x="0" y="797" h="46" w="1349" ><path><element tagCode="2884" index="0" id="wrapper" /><element tagCode="2884" index="1" id="header" parentid="2" /><element tagCode="40" index="0" parentid="39" /><element tagCode="2884" index="2" id="navigation" /><element tagCode="2884" index="0" parentid="40" /><element tagCode="2884" index="0" /><element tagCode="2830" index="0" /><element tagCode="117" index="0" id="navigation-menu" /></path><children><child tagCode="76" x="335" y="16" w="30" h="14" index="0" /><child tagCode="76" x="446" y="16" w="54" h="14" index="1" /><child tagCode="76" x="579" y="16" w="30" h="14" index="2" /><child tagCode="76" x="689" y="16" w="40" h="14" index="3" /><child tagCode="76" x="810" y="16" w="91" h="14" index="4" /><child tagCode="76" x="981" y="16" w="32" h="14" index="5" /></children></elmPos><mouseover t="35572" id="41" /><mousemove t="35573" x="1162" y="121"  /><mousemove t="35586" x="1201" y="84"  /><elmPos t="35606" id="42" x="0" y="752" h="91" w="1349" ><path><element tagCode="2884" index="0" id="wrapper" /><element tagCode="2884" index="1" id="header" parentid="2" /><element tagCode="40" index="0" parentid="39" /><element tagCode="2884" index="2" id="navigation" /><element tagCode="2884" index="0" parentid="40" /><element tagCode="2884" index="0" /><element tagCode="2830" index="0" /></path><children><child tagCode="1" x="574" y="0" w="200" h="30" index="0" /></children></elmPos><mouseover t="35607" id="42" /><mousemove t="35608" x="1244" y="42"  /><mouseout t="35616" /><tag t="35617">Onload | Sign In Modal</tag><elmPath t="35629" id="43"><path><element tagCode="2884" index="0" id="wrapper" /><element tagCode="2884" index="1" id="header" parentid="2" /><element tagCode="40" index="0" parentid="39" /><element tagCode="2884" index="1" id="pre-header" /></path></elmPath><elmPath t="35629" id="44"><path><element tagCode="2884" index="0" id="wrapper" /><element tagCode="2884" index="1" id="header" parentid="2" /><element tagCode="40" index="0" parentid="39" /><element tagCode="2884" index="1" id="pre-header" /><element tagCode="2884" index="0" parentid="43" /><element tagCode="117" index="1" /><element tagCode="76" index="2" id="myAccountLink" /></path></elmPath><elmPos t="35631" id="45" x="1227" y="731" h="16" w="55" ><path><element tagCode="2884" index="0" id="wrapper" /><element tagCode="2884" index="1" id="header" parentid="2" /><element tagCode="40" index="0" parentid="39" /><element tagCode="2884" index="1" id="pre-header" /><element tagCode="2884" index="0" parentid="43" /><element tagCode="117" index="1" /><element tagCode="76" index="2" id="myAccountLink" /><element tagCode="1" index="0" parentid="44" /></path><children /></elmPos><mouseover t="35631" id="45" /><mousemove t="35631" x="1261" y="27"  /><mousemove t="35635" x="1271" y="20"  /><elmPos t="35660" id="46" x="982" y="722" h="37" w="354" ><path><element tagCode="2884" index="0" id="wrapper" /><element tagCode="2884" index="1" id="header" parentid="2" /><element tagCode="40" index="0" parentid="39" /><element tagCode="2884" index="1" id="pre-header" /><element tagCode="2884" index="0" parentid="43" /><element tagCode="117" index="1" /></path><children /></elmPos><mouseover t="35660" id="46" /><mousemove t="35660" x="1277" y="16"  /><mousemove t="35666" x="1279" y="14"  /><mousemove t="35687" x="1280" y="14"  /><mousemove t="35917" x="1281" y="14"  /><mousemove t="35935" x="1285" y="16"  /><mousemove t="35953" x="1295" y="23"  /><mousemove t="35968" x="1301" y="26"  /><mouseout t="35989" /><execextern t="36016" streamID="12" /><elmPos t="36105" id="47" x="1305" y="722" h="37" w="30" ><path><element tagCode="2884" index="0" id="wrapper" /><element tagCode="2884" index="1" id="header" parentid="2" /><element tagCode="40" index="0" parentid="39" /><element tagCode="2884" index="1" id="pre-header" /><element tagCode="2884" index="0" parentid="43" /><element tagCode="117" index="1" /><element tagCode="76" index="3" parentid="46" /></path><children /></elmPos><mouseover t="36105" id="47" /><mousemove t="36105" x="1308" y="30"  /><execextern t="36131" streamID="13" /><elmPos t="36141" id="48" x="0" y="722" h="37" w="1349" ><path><element tagCode="2884" index="0" id="wrapper" /><element tagCode="2884" index="1" id="header" parentid="2" /><element tagCode="40" index="0" parentid="39" /><element tagCode="2884" index="1" id="pre-header" /><element tagCode="2884" index="0" parentid="43" /></path><children /></elmPos><mouseover t="36141" id="48" /><mousemove t="36141" x="1338" y="35"  /><mousemove t="36152" x="1338" y="33"  /><mousemove t="36168" x="1338" y="32"  /><mouseout t="36186" /><execextern t="36190" streamID="14" /><elmPos t="36236" id="49" x="1324" y="725" h="20" w="20" ><path><element tagCode="2884" index="0" id="wrapper" /><element tagCode="2884" index="1" id="header" parentid="2" /><element tagCode="40" index="0" parentid="39" /><element tagCode="2884" index="2" id="navigation" /><element tagCode="2884" index="0" parentid="40" /><element tagCode="2884" index="0" /><element tagCode="2884" index="0" /><element tagCode="2884" index="3" /><element tagCode="2884" index="0" /><element tagCode="1" index="0" /><element tagCode="147" index="0" /></path><children /></elmPos><mouseover t="36236" id="49" /><mousemove t="36236" x="1338" y="30"  /><mousemove t="36253" x="1338" y="22"  /><mousemove t="36268" x="1338" y="19"  /><mousemove t="36286" x="1340" y="16"  /><elmPos t="36303" id="50" x="1323" y="718" h="25" w="20" ><path><element tagCode="2884" index="0" id="wrapper" /><element tagCode="2884" index="1" id="header" parentid="2" /><element tagCode="40" index="0" parentid="39" /><element tagCode="2884" index="2" id="navigation" /><element tagCode="2884" index="0" parentid="40" /><element tagCode="2884" index="0" /><element tagCode="2884" index="0" /><element tagCode="2884" index="3" /><element tagCode="2884" index="0" /><element tagCode="1" index="0" /></path><children /></elmPos><mouseover t="36303" id="50" /><mousemove t="36303" x="1341" y="11"  /><elmPos t="36322" id="39" x="0" y="714" h="129" w="1349"><path><element tagCode="2884" index="0" id="wrapper" /><element tagCode="2884" index="1" id="header" parentid="2" /></path><children /></elmPos><mouseover t="36322" id="39" /><mousemove t="36322" x="1346" y="5"  /><mousemove t="36335" x="1348" y="2"  /><mouseover t="36352" id="1" /><mousemove t="36352" x="1350" y="1"  /><mouseout t="36353" /><mouseover t="36640" id="1" /><mousemove t="36640" x="1360" y="0"  /><mousemove t="36651" x="1360" y="3"  /><mousemove t="36669" x="1359" y="5"  /><mousemove t="36684" x="1359" y="6"  /><mousemove t="36712" x="1359" y="7"  /><mousemove t="36888" x="1359" y="8"  /><scrolly t="37289" y="713" /><scrolly t="37315" y="711" /><scrolly t="37337" y="699" /><scrolly t="37359" y="692" /><scrolly t="37375" y="685" /><scrolly t="37390" y="679" /><scrolly t="37471" y="674" /><scrolly t="37486" y="673" /><scrolly t="37555" y="671" /><scrolly t="37563" y="652" /><scrolly t="37587" y="639" /><scrolly t="37603" y="635" /><scrolly t="37617" y="634" /><scrolly t="37638" y="633" /><scrolly t="37655" y="632" /><scrolly t="37670" y="629" /><scrolly t="37686" y="623" /><scrolly t="37703" y="616" /><scrolly t="37718" y="609" /><scrolly t="37737" y="602" /><scrolly t="37807" y="594" /><scrolly t="37821" y="593" /><scrolly t="37838" y="591" /><scrolly t="37905" y="587" /><scrolly t="37912" y="566" /><scrolly t="37925" y="560" /><scrolly t="37938" y="556" /><scrolly t="37955" y="554" /><scrolly t="37991" y="553" /><scrolly t="38005" y="550" /><scrolly t="38025" y="545" /><scrolly t="38041" y="539" /><scrolly t="38056" y="531" /><scrolly t="38071" y="524" /><scrolly t="38088" y="518" /><mouseout t="38159" /><scrolly t="38162" y="515" /><scrolly t="38170" y="514" /><mouseover t="46871" id="1" /><mousemove t="46871" x="1357" y="8"  /><elmPos t="46898" id="50" x="1323" y="518" h="25" w="20"><children /></elmPos><mouseover t="46898" id="50" /><mousemove t="46898" x="1329" y="12"  /><elmPath t="46917" id="46"><path><element tagCode="2884" index="0" id="wrapper" /><element tagCode="2884" index="1" id="header" parentid="2" /><element tagCode="40" index="0" parentid="39" /><element tagCode="2884" index="1" id="pre-header" /><element tagCode="2884" index="0" parentid="43" /><element tagCode="117" index="1" parentid="48" /></path></elmPath><elmPath t="46917" id="47"><path><element tagCode="2884" index="0" id="wrapper" /><element tagCode="2884" index="1" id="header" parentid="2" /><element tagCode="40" index="0" parentid="39" /><element tagCode="2884" index="1" id="pre-header" /><element tagCode="2884" index="0" parentid="43" /><element tagCode="117" index="1" parentid="48" /><element tagCode="76" index="3" parentid="46" /></path></elmPath><elmPos t="46918" id="47" x="1305" y="522" h="37" w="30"><children /></elmPos><mouseover t="46918" id="47" /><mousemove t="46918" x="1306" y="16"  /><execextern t="46930" streamID="15" /><elmPath t="46942" id="44"><path><element tagCode="2884" index="0" id="wrapper" /><element tagCode="2884" index="1" id="header" parentid="2" /><element tagCode="40" index="0" parentid="39" /><element tagCode="2884" index="1" id="pre-header" /><element tagCode="2884" index="0" parentid="43" /><element tagCode="117" index="1" parentid="48" /><element tagCode="76" index="2" id="myAccountLink" parentid="46" /></path></elmPath><elmPath t="46942" id="45"><path><element tagCode="2884" index="0" id="wrapper" /><element tagCode="2884" index="1" id="header" parentid="2" /><element tagCode="40" index="0" parentid="39" /><element tagCode="2884" index="1" id="pre-header" /><element tagCode="2884" index="0" parentid="43" /><element tagCode="117" index="1" parentid="48" /><element tagCode="76" index="2" id="myAccountLink" parentid="46" /><element tagCode="1" index="0" parentid="44" /></path></elmPath><elmPos t="46942" id="45" x="1227" y="531" h="16" w="55"><children /></elmPos><mouseover t="46943" id="45" /><mousemove t="46943" x="1250" y="27"  /><elmPos t="46953" id="42" x="0" y="552" h="91" w="1349"><children><child tagCode="1" x="574" y="0" w="200" h="30" index="0" /></children></elmPos><mouseover t="46953" id="42" /><mousemove t="46953" x="1151" y="41"  /><mousemove t="46961" x="1137" y="42"  /><mousemove t="46977" x="1134" y="42"  /><mousemove t="46996" x="1133" y="42"  /><mousemove t="47164" x="1130" y="41"  /><mousemove t="47183" x="1115" y="38"  /><mouseout t="47195" /><execextern t="47214" streamID="16" /><elmPath t="47237" id="51"><path><element tagCode="2884" index="0" id="wrapper" /><element tagCode="2884" index="1" id="header" parentid="2" /><element tagCode="40" index="0" parentid="39" /><element tagCode="2884" index="1" id="pre-header" /><element tagCode="2884" index="0" parentid="43" /><element tagCode="117" index="1" parentid="48" /><element tagCode="76" index="0" parentid="46" /><element tagCode="2884" index="0" id="header-search" ctid="header_search_0" /></path></elmPath><elmPos t="47239" id="52" x="1011" y="527" h="24" w="116" ><path><element tagCode="2884" index="0" id="wrapper" /><element tagCode="2884" index="1" id="header" parentid="2" /><element tagCode="40" index="0" parentid="39" /><element tagCode="2884" index="1" id="pre-header" /><element tagCode="2884" index="0" parentid="43" /><element tagCode="117" index="1" parentid="48" /><element tagCode="76" index="0" parentid="46" /><element tagCode="2884" index="0" id="header-search" ctid="header_search_0" /><element tagCode="2406" index="0" name="simpleSearch" parentid="51" /><element tagCode="2884" index="0" /><element tagCode="2153" index="0" id="search-query" ctid="search_query_0" name="q" type="60" /></path><children /></elmPos><mouseover t="47239" id="52" /><mousemove t="47239" x="1064" y="31"  /><execextern t="47257" streamID="17" /><elmPos t="47266" id="48" x="0" y="522" h="37" w="1349"><children /></elmPos><mouseover t="47266" id="48" /><mousemove t="47266" x="912" y="21"  /><mousemove t="47269" x="903" y="21"  /><mousemove t="47436" x="901" y="21"  /><mousemove t="47451" x="891" y="21"  /><mousemove t="47465" x="864" y="21"  /><mousemove t="47480" x="835" y="22"  /><mousemove t="47495" x="803" y="28"  /><mousemove t="47511" x="783" y="35"  /><elmPos t="47533" id="53" x="574" y="552" h="30" w="200" ><path><element tagCode="2884" index="0" id="wrapper" /><element tagCode="2884" index="1" id="header" parentid="2" /><element tagCode="40" index="0" parentid="39" /><element tagCode="2884" index="2" id="navigation" /><element tagCode="2884" index="0" parentid="40" /><element tagCode="2884" index="0" /><element tagCode="2830" index="0" /><element tagCode="1" index="0" parentid="42" /></path><children /></elmPos><mouseover t="47533" id="53" /><mousemove t="47533" x="770" y="44"  /><mousemove t="47546" x="763" y="52"  /><mousemove t="47563" x="758" y="61"  /><mousemove t="47581" x="758" y="63"  /><mousemove t="47600" x="758" y="65"  /><mouseover t="47749" id="42" /><mousemove t="47749" x="756" y="72"  /><mousemove t="47753" x="753" y="78"  /><elmPath t="47770" id="41"><path><element tagCode="2884" index="0" id="wrapper" /><element tagCode="2884" index="1" id="header" parentid="2" /><element tagCode="40" index="0" parentid="39" /><element tagCode="2884" index="2" id="navigation" /><element tagCode="2884" index="0" parentid="40" /><element tagCode="2884" index="0" /><element tagCode="2830" index="0" /><element tagCode="117" index="0" id="navigation-menu" parentid="42" /></path></elmPath><elmPos t="47770" id="41" x="0" y="597" h="46" w="1349" ><children><child tagCode="76" x="335" y="16" w="30" h="14" index="0" /><child tagCode="76" x="446" y="16" w="54" h="14" index="1" /><child tagCode="76" x="579" y="16" w="30" h="14" index="2" /><child tagCode="76" x="689" y="16" w="40" h="14" index="3" /><child tagCode="76" x="810" y="16" w="91" h="14" index="4" /><child tagCode="76" x="981" y="16" w="32" h="14" index="5" /></children></elmPos><mouseover t="47770" id="41" /><mousemove t="47770" x="743" y="101"  /><elmPos t="47782" id="54" x="510" y="629" h="41" w="714" ><path><element tagCode="2884" index="0" id="wrapper" /><element tagCode="2884" index="3" id="main" parentid="2" /><element tagCode="2884" index="0" id="primary" parentid="3" /><element tagCode="2884" index="0" parentid="4" /><element tagCode="2884" index="1" parentid="8" /></path><children /></elmPos><mouseover t="47783" id="54" /><mousemove t="47783" x="736" y="129"  /><elmPos t="47798" id="55" x="677" y="677" h="64" w="168" ><path><element tagCode="2884" index="0" id="wrapper" /><element tagCode="2884" index="3" id="main" parentid="2" /><element tagCode="2884" index="0" id="primary" parentid="3" /><element tagCode="2884" index="0" parentid="4" /><element tagCode="2884" index="2" parentid="8" /><element tagCode="276" index="0" /><element tagCode="596" index="0" /><element tagCode="148" index="0" /><element tagCode="84" index="1" /></path><children /></elmPos><mouseover t="47798" id="55" /><mousemove t="47798" x="733" y="172"  /><mousemove t="47811" x="735" y="209"  /><elmPos t="47832" id="56" x="677" y="741" h="84" w="168" ><path><element tagCode="2884" index="0" id="wrapper" /><element tagCode="2884" index="3" id="main" parentid="2" /><element tagCode="2884" index="0" id="primary" parentid="3" /><element tagCode="2884" index="0" parentid="4" /><element tagCode="2884" index="2" parentid="8" /><element tagCode="276" index="0" /><element tagCode="1812" index="0" /><element tagCode="148" index="0" /><element tagCode="52" index="1" /></path><children /></elmPos><mouseover t="47832" id="56" /><mousemove t="47832" x="746" y="252"  /><mousemove t="47846" x="761" y="287"  /><elmPos t="47868" id="57" x="677" y="825" h="84" w="168" ><path><element tagCode="2884" index="0" id="wrapper" /><element tagCode="2884" index="3" id="main" parentid="2" /><element tagCode="2884" index="0" id="primary" parentid="3" /><element tagCode="2884" index="0" parentid="4" /><element tagCode="2884" index="2" parentid="8" /><element tagCode="276" index="0" /><element tagCode="1812" index="0" /><element tagCode="148" index="1" /><element tagCode="52" index="1" /></path><children /></elmPos><mouseover t="47868" id="57" /><mousemove t="47868" x="787" y="324"  /><mousemove t="47881" x="803" y="340"  /><mousemove t="47896" x="817" y="352"  /><mousemove t="47914" x="819" y="352"  /><mousemove t="47932" x="821" y="352"  /><mousemove t="48039" x="821" y="355"  /><mousemove t="48047" x="821" y="359"  /><mousemove t="48065" x="821" y="375"  /><mouseover t="48091" id="34" /><mousemove t="48091" x="823" y="411"  /><mousemove t="48099" x="837" y="452"  /><mouseover t="48115" id="35" /><mousemove t="48115" x="849" y="473"  /><elmPos t="48134" id="58" x="845" y="993" h="84" w="168" ><path><element tagCode="2884" index="0" id="wrapper" /><element tagCode="2884" index="3" id="main" parentid="2" /><element tagCode="2884" index="0" id="primary" parentid="3" /><element tagCode="2884" index="0" parentid="4" /><element tagCode="2884" index="2" parentid="8" /><element tagCode="276" index="0" /><element tagCode="1812" index="0" /><element tagCode="148" index="3" /><element tagCode="52" index="2" /></path><children /></elmPos><mouseover t="48134" id="58" /><mousemove t="48134" x="863" y="489"  /><elmPos t="48149" id="59" x="845" y="1004" h="13" w="37" ><path><element tagCode="2884" index="0" id="wrapper" /><element tagCode="2884" index="3" id="main" parentid="2" /><element tagCode="2884" index="0" id="primary" parentid="3" /><element tagCode="2884" index="0" parentid="4" /><element tagCode="2884" index="2" parentid="8" /><element tagCode="276" index="0" /><element tagCode="1812" index="0" /><element tagCode="148" index="3" /><element tagCode="52" index="2" /><element tagCode="147" index="0" parentid="58" /></path><children /></elmPos><mouseover t="48149" id="59" /><mousemove t="48149" x="880" y="502"  /><mouseover t="48165" id="58" /><mousemove t="48165" x="885" y="504"  /><mousemove t="48182" x="891" y="506"  /><mousemove t="48328" x="889" y="508"  /><mousemove t="48333" x="883" y="513"  /><mousemove t="48348" x="857" y="533"  /><elmPos t="48366" id="60" x="677" y="1077" h="84" w="168" ><path><element tagCode="2884" index="0" id="wrapper" /><element tagCode="2884" index="3" id="main" parentid="2" /><element tagCode="2884" index="0" id="primary" parentid="3" /><element tagCode="2884" index="0" parentid="4" /><element tagCode="2884" index="2" parentid="8" /><element tagCode="276" index="0" /><element tagCode="1812" index="0" /><element tagCode="148" index="4" /><element tagCode="52" index="1" /></path><children /></elmPos><mouseover t="48366" id="60" /><mousemove t="48366" x="813" y="565"  /><mousemove t="48381" x="753" y="599"  /><mousemove t="48397" x="722" y="610"  /><mousemove t="48412" x="703" y="617"  /><mousemove t="48433" x="700" y="617"  /><mousemove t="48448" x="699" y="617"  /><mousemove t="48619" x="697" y="617"  /><mousemove t="48630" x="687" y="612"  /><mouseover t="48649" id="21" /><mousemove t="48649" x="667" y="606"  /><mouseover t="48665" id="23" /><mousemove t="48665" x="641" y="600"  /><mousemove t="48681" x="623" y="598"  /><mousemove t="48695" x="612" y="598"  /><mousemove t="48711" x="605" y="599"  /><mousemove t="48729" x="603" y="599"  /><mousemove t="48747" x="602" y="599"  /><mousemove t="48765" x="601" y="599"  /><mousemove t="48891" x="600" y="600"  /><mousemove t="48911" x="600" y="601"  /><mousemove t="48927" x="599" y="603"  /><mousemove t="48933" x="599" y="604"  /><mouseover t="48953" id="22" /><mousemove t="48953" x="599" y="606"  /><mousemove t="48966" x="599" y="608"  /><mousemove t="48981" x="599" y="609"  /><mousemove t="48997" x="598" y="611"  /><mousemove t="49012" x="598" y="612"  /><mousemove t="49028" x="598" y="613"  /><mousemove t="49045" x="598" y="614"  /><mousemove t="49063" x="598" y="615"  /><mousemove t="49079" x="598" y="616"  /><mousemove t="49100" x="598" y="617"  /><mouseover t="49120" id="21" /><mousemove t="49120" x="600" y="619"  /><mouseover t="49136" id="20" /><mousemove t="49136" x="604" y="620"  /><mousemove t="49146" x="608" y="621"  /><mousemove t="49162" x="612" y="621"  /><mousemove t="49181" x="614" y="621"  /><mousemove t="49198" x="616" y="622"  /><mousemove t="49228" x="617" y="622"  /><mousemove t="49246" x="617" y="623"  /><mousemove t="49269" x="617" y="624"  /><mousemove t="49286" x="616" y="625"  /><mousemove t="49300" x="611" y="627"  /><mousemove t="49316" x="599" y="631"  /><mousemove t="49332" x="591" y="632"  /><mousemove t="49347" x="581" y="632"  /><mousemove t="49362" x="574" y="631"  /><mousemove t="49380" x="569" y="628"  /><mousemove t="49399" x="563" y="621"  /><mouseover t="49422" id="21" /><mousemove t="49422" x="557" y="612"  /><mouseover t="49433" id="24" /><mousemove t="49433" x="553" y="600"  /><mouseover t="49448" id="25" /><mousemove t="49448" x="551" y="584"  /><mouseover t="49470" id="19" /><mousemove t="49470" x="551" y="574"  /><mouseover t="49488" id="26" /><mousemove t="49488" x="551" y="559"  /><mousemove t="49496" x="552" y="556"  /><mouseover t="49519" id="27" /><mousemove t="49519" x="555" y="548"  /><mousemove t="49529" x="559" y="543"  /><mousemove t="49545" x="564" y="538"  /><mouseover t="49563" id="28" /><mousemove t="49563" x="570" y="533"  /><mousemove t="49578" x="577" y="529"  /><mousemove t="49600" x="582" y="526"  /><mousemove t="49615" x="584" y="525"  /><mousemove t="49631" x="586" y="525"  /><mousemove t="49649" x="587" y="525"  /><elmPos t="49668" id="61" x="510" y="1035" h="15" w="167" ><path><element tagCode="2884" index="0" id="wrapper" /><element tagCode="2884" index="3" id="main" parentid="2" /><element tagCode="2884" index="0" id="primary" parentid="3" /><element tagCode="2884" index="0" parentid="4" /><element tagCode="2884" index="2" parentid="8" /><element tagCode="276" index="0" /><element tagCode="1812" index="0" /><element tagCode="148" index="3" /><element tagCode="52" index="0" /><element tagCode="2884" index="0" parentid="26" /><element tagCode="2884" index="2" /></path><children /></elmPos><mouseover t="49668" id="61" /><mousemove t="49668" x="588" y="525"  /><mousemove t="49682" x="589" y="525"  /><mousemove t="49697" x="590" y="525"  /><mousemove t="49712" x="591" y="525"  /><mousemove t="49838" x="590" y="525"  /><elmPath t="49855" id="28"><path><element tagCode="2884" index="0" id="wrapper" /><element tagCode="2884" index="3" id="main" parentid="2" /><element tagCode="2884" index="0" id="primary" parentid="3" /><element tagCode="2884" index="0" parentid="4" /><element tagCode="2884" index="2" parentid="8" /><element tagCode="276" index="0" /><element tagCode="1812" index="0" /><element tagCode="148" index="3" /><element tagCode="52" index="0" /><element tagCode="2884" index="0" parentid="26" /><element tagCode="2884" index="2" /><element tagCode="147" index="1" parentid="61" /></path></elmPath><mouseover t="49855" id="28" /><mousemove t="49855" x="587" y="525"  /><mousemove t="49864" x="586" y="525"  /><mousemove t="49881" x="583" y="525"  /><mousemove t="49898" x="582" y="525"  /><mousemove t="49915" x="581" y="525"  /><mousemove t="49931" x="579" y="525"  /><mousemove t="49951" x="576" y="526"  /><mousemove t="49966" x="575" y="526"  /><mousemove t="49981" x="575" y="527"  /><mousemove t="49998" x="574" y="527"  /><mousemove t="50052" x="573" y="527"  /><mousemove t="50087" x="573" y="528"  /><mousemove t="50104" x="572" y="528"  /><mousemove t="50119" x="572" y="529"  /><mousemove t="50138" x="572" y="531"  /><mousemove t="50150" x="572" y="532"  /><mouseover t="50171" id="61" /><mousemove t="50171" x="572" y="534"  /><mousemove t="50182" x="572" y="535"  /><mouseover t="50202" id="27" /><mousemove t="50203" x="573" y="536"  /><mousemove t="50214" x="575" y="536"  /><mousemove t="50236" x="576" y="538"  /><mousemove t="50250" x="578" y="538"  /><mousemove t="50266" x="580" y="538"  /><mousemove t="50279" x="581" y="539"  /><mousemove t="50310" x="582" y="539"  /><mousemove t="50341" x="583" y="539"  /><mousemove t="50525" x="584" y="539"  /><mousemove t="50539" x="585" y="537"  /><mousemove t="50546" x="586" y="536"  /><mouseover t="50563" id="61" /><mousemove t="50563" x="588" y="533"  /><mousemove t="50586" x="590" y="531"  /><mousemove t="50594" x="592" y="529"  /><mousemove t="50613" x="592" y="528"  /><mousemove t="50629" x="593" y="527"  /><mousemove t="50646" x="594" y="527"  /><mousemove t="50663" x="594" y="526"  /><mousemove t="50680" x="595" y="525"  /><mousemove t="50695" x="596" y="525"  /><mousemove t="50713" x="597" y="525"  /><mousemove t="50734" x="598" y="525"  /><mousemove t="50774" x="599" y="525"  /><mousemove t="50779" x="600" y="525"  /><mousemove t="50800" x="601" y="525"  /><mousemove t="50825" x="602" y="525"  /><mousemove t="50894" x="603" y="525"  /><mousemove t="50934" x="604" y="525"  /><mousemove t="50939" x="605" y="521"  /><elmPos t="50952" id="62" x="510" y="1020" h="15" w="167" ><path><element tagCode="2884" index="0" id="wrapper" /><element tagCode="2884" index="3" id="main" parentid="2" /><element tagCode="2884" index="0" id="primary" parentid="3" /><element tagCode="2884" index="0" parentid="4" /><element tagCode="2884" index="2" parentid="8" /><element tagCode="276" index="0" /><element tagCode="1812" index="0" /><element tagCode="148" index="3" /><element tagCode="52" index="0" /><element tagCode="2884" index="0" parentid="26" /><element tagCode="2884" index="1" /></path><children /></elmPos><mouseover t="50952" id="62" /><mousemove t="50953" x="606" y="518"  /><mousemove t="50964" x="608" y="507"  /><mouseover t="50996" id="26" /><mousemove t="50996" x="610" y="481"  /><mouseover t="51005" id="31" /><mousemove t="51005" x="611" y="475"  /><mousemove t="51012" x="612" y="469"  /><mouseover t="51033" id="32" /><mousemove t="51033" x="613" y="466"  /><mousemove t="51046" x="613" y="465"  /><mousemove t="51064" x="613" y="464"  /><mousemove t="51262" x="613" y="463"  /><mousemove t="51279" x="610" y="460"  /><mousemove t="51295" x="607" y="457"  /><mousemove t="51312" x="597" y="455"  /><mousemove t="51329" x="592" y="454"  /><mousemove t="51344" x="587" y="454"  /><mousemove t="51366" x="583" y="454"  /><mousemove t="51382" x="576" y="460"  /><mouseover t="51401" id="31" /><mousemove t="51401" x="570" y="470"  /><mouseover t="51416" id="26" /><mousemove t="51416" x="564" y="483"  /><mouseover t="51434" id="30" /><mousemove t="51434" x="556" y="504"  /><elmPos t="51450" id="63" x="510" y="1035" h="15" w="47" ><path><element tagCode="2884" index="0" id="wrapper" /><element tagCode="2884" index="3" id="main" parentid="2" /><element tagCode="2884" index="0" id="primary" parentid="3" /><element tagCode="2884" index="0" parentid="4" /><element tagCode="2884" index="2" parentid="8" /><element tagCode="276" index="0" /><element tagCode="1812" index="0" /><element tagCode="148" index="3" /><element tagCode="52" index="0" /><element tagCode="2884" index="0" parentid="26" /><element tagCode="2884" index="2" /><element tagCode="147" index="0" parentid="61" /></path><children /></elmPos><mouseover t="51451" id="63" /><mousemove t="51451" x="552" y="523"  /><elmPos t="51468" id="64" x="543" y="1051" h="12" w="10" ><path><element tagCode="2884" index="0" id="wrapper" /><element tagCode="2884" index="3" id="main" parentid="2" /><element tagCode="2884" index="0" id="primary" parentid="3" /><element tagCode="2884" index="0" parentid="4" /><element tagCode="2884" index="2" parentid="8" /><element tagCode="276" index="0" /><element tagCode="1812" index="0" /><element tagCode="148" index="3" /><element tagCode="52" index="0" /><element tagCode="2884" index="0" parentid="26" /><element tagCode="2884" index="3" /><element tagCode="147" index="1" parentid="27" /></path><children /></elmPos><mouseover t="51468" id="64" /><mousemove t="51468" x="550" y="539"  /><mouseover t="51484" id="26" /><mousemove t="51484" x="550" y="554"  /><mouseover t="51501" id="19" /><mousemove t="51501" x="552" y="571"  /><mouseover t="51516" id="25" /><mousemove t="51516" x="557" y="581"  /><mouseover t="51534" id="24" /><mousemove t="51534" x="566" y="592"  /><mousemove t="51545" x="577" y="601"  /><mouseover t="51568" id="22" /><mousemove t="51568" x="592" y="609"  /><mousemove t="51581" x="605" y="615"  /><mouseover t="51598" id="21" /><mousemove t="51598" x="615" y="618"  /><mouseover t="51615" id="20" /><mousemove t="51616" x="623" y="621"  /><mousemove t="51629" x="633" y="623"  /><mousemove t="51646" x="637" y="623"  /><mousemove t="51662" x="642" y="625"  /><mousemove t="51680" x="645" y="626"  /><mousemove t="51699" x="648" y="628"  /><mousemove t="51714" x="652" y="630"  /><mousemove t="51729" x="655" y="632"  /><mousemove t="51745" x="657" y="634"  /><mouseover t="51766" id="19" /><mousemove t="51766" x="658" y="636"  /><mousemove t="51778" x="659" y="639"  /><mousemove t="51797" x="660" y="640"  /><mousemove t="51814" x="661" y="642"  /><mousemove t="51828" x="662" y="643"  /><mousemove t="51859" x="662" y="644"  /><mousemove t="51876" x="661" y="644"  /><mousemove t="51882" x="660" y="644"  /><mousemove t="51897" x="658" y="645"  /><mousemove t="51913" x="653" y="646"  /><mousemove t="51929" x="645" y="646"  /><mousemove t="51945" x="636" y="646"  /><mousemove t="51963" x="630" y="645"  /><mousemove t="51979" x="626" y="643"  /><mousemove t="51998" x="622" y="641"  /><mousemove t="52014" x="619" y="639"  /><mousemove t="52029" x="617" y="637"  /><mouseover t="52050" id="20" /><mousemove t="52050" x="613" y="634"  /><mousemove t="52062" x="612" y="632"  /><mousemove t="52081" x="610" y="631"  /><mousemove t="52097" x="609" y="629"  /><mousemove t="52114" x="609" y="628"  /><mousemove t="52130" x="608" y="627"  /><mousemove t="52147" x="606" y="625"  /><mousemove t="52162" x="603" y="622"  /><mousemove t="52180" x="600" y="620"  /><mouseover t="52200" id="21" /><mousemove t="52200" x="598" y="618"  /><mouseover t="52216" id="22" /><mousemove t="52216" x="596" y="617"  /><mousemove t="52230" x="594" y="617"  /><mousemove t="52247" x="594" y="615"  /><mousemove t="52262" x="593" y="615"  /><mousemove t="52300" x="592" y="615"  /><mousemove t="52357" x="592" y="614"  /><mousemove t="52427" x="590" y="614"  /><mousemove t="52442" x="589" y="613"  /><mousemove t="52449" x="588" y="612"  /><mousemove t="52463" x="587" y="612"  /><mousemove t="52485" x="585" y="611"  /><mousemove t="52499" x="584" y="610"  /><mousemove t="52515" x="583" y="609"  /><mousemove t="52731" x="585" y="609"  /><mousemove t="52746" x="587" y="609"  /><mousemove t="52761" x="590" y="609"  /><mousemove t="52779" x="592" y="610"  /><mousemove t="52796" x="594" y="610"  /><mousemove t="52813" x="595" y="610"  /><mousemove t="52828" x="597" y="610"  /><mousemove t="52851" x="599" y="610"  /><mousemove t="52865" x="601" y="610"  /><mousemove t="52881" x="602" y="610"  /><mousemove t="52899" x="603" y="610"  /><mousemove t="52911" x="605" y="610"  /><mousemove t="52929" x="606" y="610"  /><mousemove t="52944" x="608" y="611"  /><mousemove t="52964" x="609" y="611"  /><mousemove t="52981" x="610" y="611"  /><mousemove t="52996" x="611" y="611"  /><mousemove t="53012" x="612" y="611"  /><mousemove t="53041" x="613" y="611"  /><mousemove t="53085" x="614" y="611"  /><mousemove t="53114" x="615" y="611"  /><mousemove t="53170" x="616" y="612"  /><mousemove t="53190" x="617" y="612"  /><mousemove t="53215" x="618" y="612"  /><mousemove t="53245" x="619" y="612"  /><mousemove t="53300" x="620" y="612"  /><mousemove t="53358" x="621" y="612"  /><mousemove t="53873" x="622" y="613"  /><mousemove t="53881" x="623" y="613"  /><mousemove t="53898" x="627" y="613"  /><mouseover t="53919" id="21" /><mousemove t="53919" x="635" y="615"  /><mousemove t="53931" x="664" y="618"  /><mouseover t="53950" id="60" /><mousemove t="53950" x="690" y="620"  /><mousemove t="53966" x="715" y="620"  /><mousemove t="53986" x="741" y="620"  /><mousemove t="53999" x="767" y="620"  /><mousemove t="54015" x="778" y="620"  /><mousemove t="54030" x="782" y="620"  /><mousemove t="54045" x="784" y="620"  /><mousemove t="54062" x="785" y="620"  /><mousemove t="54227" x="788" y="622"  /><mousemove t="54232" x="792" y="623"  /><mousemove t="54248" x="813" y="630"  /><elmPos t="54266" id="65" x="845" y="1077" h="84" w="168" ><path><element tagCode="2884" index="0" id="wrapper" /><element tagCode="2884" index="3" id="main" parentid="2" /><element tagCode="2884" index="0" id="primary" parentid="3" /><element tagCode="2884" index="0" parentid="4" /><element tagCode="2884" index="2" parentid="8" /><element tagCode="276" index="0" /><element tagCode="1812" index="0" /><element tagCode="148" index="4" /><element tagCode="52" index="2" /></path><children /></elmPos><mouseover t="54266" id="65" /><mousemove t="54266" x="846" y="640"  /><elmPos t="54284" id="66" x="845" y="1161" h="84" w="168" ><path><element tagCode="2884" index="0" id="wrapper" /><element tagCode="2884" index="3" id="main" parentid="2" /><element tagCode="2884" index="0" id="primary" parentid="3" /><element tagCode="2884" index="0" parentid="4" /><element tagCode="2884" index="2" parentid="8" /><element tagCode="276" index="0" /><element tagCode="1812" index="0" /><element tagCode="148" index="5" /><element tagCode="52" index="2" /></path><children /></elmPos><mouseover t="54284" id="66" /><mousemove t="54285" x="900" y="656"  /><mouseout t="54287" /><mouseover t="54931" id="1" /><mousemove t="54931" x="1365" y="656"  /><mouseout t="55007" /><mouseover t="55677" id="1" /><mousemove t="55677" x="1358" y="656"  /><mousemove t="55684" x="1358" y="654"  /><mousemove t="55697" x="1357" y="652"  /><mousemove t="55712" x="1357" y="651"  /><mousemove t="55729" x="1356" y="651"  /><mousemove t="55747" x="1356" y="650"  /><mousemove t="55764" x="1356" y="649"  /><mousemove t="55797" x="1356" y="648"  /><mousemove t="55857" x="1356" y="647"  /><mousemove t="55905" x="1356" y="646"  /><mousemove t="56006" x="1356" y="645"  /><scrolly t="56399" y="516" /><scrolly t="56414" y="520" /><scrolly t="56434" y="527" /><scrolly t="56454" y="534" /><scrolly t="56465" y="542" /><scrolly t="56546" y="554" /><execextern t="56568" streamID="18" /><scrolly t="56579" y="557" /><mouseout t="56644" /><scrolly t="56646" y="562" /><scrolly t="56650" y="584" /><scrolly t="56663" y="589" /><scrolly t="56682" y="592" /><scrolly t="56698" y="593" /><scrolly t="56716" y="594" /><scrolly t="56732" y="595" /><scrolly t="56748" y="599" /><scrolly t="56764" y="605" /><scrolly t="56781" y="612" /><scrolly t="56797" y="620" /><scrolly t="56814" y="626" /><scrolly t="56888" y="634" /><scrolly t="56914" y="635" /><scrolly t="56931" y="639" /><scrolly t="56947" y="645" /><scrolly t="57018" y="652" /><scrolly t="57026" y="671" /><scrolly t="57033" y="673" /><scrolly t="57050" y="674" /><scrolly t="57096" y="676" /><scrolly t="57115" y="680" /><scrolly t="57131" y="686" /><execextern t="57135" streamID="19" /><scrolly t="57147" y="693" /><scrolly t="57164" y="701" /><scrolly t="57181" y="707" /><scrolly t="57198" y="711" /><scrolly t="57258" y="713" /><scrolly t="57268" y="714" /><mouseover t="62113" id="1" /><mousemove t="62113" x="1356" y="643"  /><mousemove t="62118" x="1357" y="635"  /><mousemove t="62135" x="1362" y="615"  /><mousemove t="62146" x="1365" y="591"  /><mousemove t="62163" x="1365" y="563"  /><mousemove t="62180" x="1365" y="541"  /><mousemove t="62197" x="1365" y="525"  /><mousemove t="62213" x="1365" y="518"  /><mousemove t="62230" x="1365" y="514"  /><mousemove t="62432" x="1365" y="513"  /><mousemove t="62448" x="1365" y="510"  /><mousemove t="62463" x="1365" y="502"  /><mousemove t="62480" x="1365" y="485"  /><mousemove t="62497" x="1365" y="467"  /><mousemove t="62514" x="1365" y="450"  /><mousemove t="62532" x="1365" y="436"  /><mousemove t="62546" x="1365" y="429"  /><mousemove t="62563" x="1365" y="428"  /><mousemove t="62736" x="1365" y="425"  /><mousemove t="62749" x="1365" y="412"  /><mousemove t="62765" x="1365" y="386"  /><mousemove t="62779" x="1365" y="356"  /><mousemove t="62796" x="1365" y="337"  /><mousemove t="62818" x="1365" y="321"  /><mousemove t="62839" x="1365" y="317"  /><mousemove t="62848" x="1365" y="315"  /><mousemove t="62871" x="1365" y="314"  /><mousemove t="62949" x="1365" y="313"  /><mousemove t="62963" x="1365" y="312"  /><mousemove t="62981" x="1365" y="310"  /><mousemove t="62999" x="1365" y="308"  /><mousemove t="63017" x="1365" y="307"  /><mousemove t="63049" x="1365" y="306"  /><mousemove t="63112" x="1365" y="305"  /><mousemove t="63141" x="1365" y="304"  /><mousemove t="63149" x="1365" y="303"  /><mousemove t="63163" x="1364" y="302"  /><mousemove t="63179" x="1363" y="299"  /><mousemove t="63196" x="1362" y="293"  /><mousemove t="63217" x="1361" y="285"  /><mousemove t="63232" x="1361" y="281"  /><mousemove t="63246" x="1361" y="279"  /><mousemove t="63470" x="1362" y="279"  /><mousemove t="63482" x="1365" y="279"  /><mousemove t="63588" x="1365" y="278"  /><mousemove t="63600" x="1365" y="277"  /><mousemove t="63640" x="1365" y="276"  /><mousemove t="63656" x="1365" y="275"  /><mousemove t="63689" x="1365" y="274"  /><mousemove t="63703" x="1365" y="273"  /><mousemove t="63712" x="1365" y="271"  /><mousemove t="63728" x="1365" y="264"  /><mousemove t="63745" x="1363" y="254"  /><mousemove t="63765" x="1357" y="233"  /><mousemove t="63779" x="1353" y="222"  /><mousemove t="63795" x="1352" y="214"  /><mousemove t="63812" x="1350" y="209"  /><mousemove t="63829" x="1350" y="208"  /><mouseover t="64021" id="2" /><mousemove t="64021" x="1347" y="195"  /><mousemove t="64037" x="1341" y="164"  /><elmPos t="64052" id="41" x="0" y="797" h="46" w="1349"><children><child tagCode="76" x="335" y="16" w="30" h="14" index="0" /><child tagCode="76" x="446" y="16" w="54" h="14" index="1" /><child tagCode="76" x="579" y="16" w="30" h="14" index="2" /><child tagCode="76" x="689" y="16" w="40" h="14" index="3" /><child tagCode="76" x="810" y="16" w="91" h="14" index="4" /><child tagCode="76" x="981" y="16" w="32" h="14" index="5" /></children></elmPos><mouseover t="64052" id="41" /><mousemove t="64052" x="1339" y="127"  /><mousemove t="64065" x="1337" y="96"  /><elmPos t="64084" id="42" x="0" y="752" h="91" w="1349"><children><child tagCode="1" x="574" y="0" w="200" h="30" index="0" /></children></elmPos><mouseover t="64084" id="42" /><mousemove t="64084" x="1337" y="82"  /><mousemove t="64097" x="1337" y="72"  /><mousemove t="64113" x="1337" y="70"  /><mousemove t="64130" x="1337" y="69"  /><mousemove t="64146" x="1337" y="68"  /><mousemove t="64168" x="1337" y="67"  /><mousemove t="64289" x="1337" y="66"  /><mousemove t="64300" x="1337" y="64"  /><mousemove t="64314" x="1338" y="63"  /><mousemove t="64333" x="1342" y="56"  /><mousemove t="64349" x="1347" y="47"  /><mouseover t="64370" id="1" /><mousemove t="64370" x="1353" y="33"  /><mousemove t="64387" x="1359" y="14"  /><mousemove t="64406" x="1362" y="4"  /><mousemove t="64412" x="1362" y="0"  /><mouseout t="64412" /><mouseover t="64876" id="1" /><mousemove t="64876" x="1360" y="0"  /><mouseover t="64961" id="1" /><mousemove t="64961" x="1360" y="1"  /><mousemove t="65016" x="1360" y="2"  /><mousemove t="65029" x="1360" y="3"  /><mousemove t="65045" x="1360" y="4"  /><mousemove t="65069" x="1360" y="5"  /><mousemove t="65091" x="1360" y="6"  /><mousemove t="65132" x="1360" y="7"  /><scrolly t="65454" y="713" /><scrolly t="65479" y="712" /><scrolly t="65497" y="708" /><scrolly t="65505" y="702" /><scrolly t="65522" y="694" /><scrolly t="65534" y="687" /><scrolly t="65551" y="680" /><scrolly t="65625" y="674" /><scrolly t="65632" y="673" /><scrolly t="65646" y="672" /><scrolly t="65664" y="669" /><scrolly t="65680" y="663" /><mouseout t="65738" /><scrolly t="65740" y="656" /><scrolly t="65747" y="642" /><scrolly t="65764" y="634" /><scrolly t="65780" y="633" /><scrolly t="65799" y="632" /><scrolly t="65815" y="628" /><scrolly t="65831" y="622" /><scrolly t="65847" y="615" /><scrolly t="65864" y="607" /><scrolly t="65879" y="601" /><scrolly t="65947" y="594" /><scrolly t="65962" y="593" /><scrolly t="65980" y="590" /><scrolly t="65998" y="585" /><scrolly t="66056" y="579" /><scrolly t="66062" y="564" /><scrolly t="66079" y="555" /><scrolly t="66099" y="554" /><scrolly t="66115" y="553" /><scrolly t="66131" y="552" /><scrolly t="66147" y="549" /><scrolly t="66164" y="544" /><scrolly t="66180" y="537" /><scrolly t="66198" y="529" /><scrolly t="66215" y="522" /><scrolly t="66278" y="517" /><scrolly t="66284" y="514" /><scrolly t="66297" y="513" /><scrolly t="66315" y="511" /><scrolly t="66331" y="506" /><mouseout t="66391" /><scrolly t="66392" y="500" /><scrolly t="66400" y="479" /><scrolly t="66414" y="475" /><scrolly t="66431" y="474" /><scrolly t="66448" y="473" /><scrolly t="66464" y="472" /><scrolly t="66480" y="469" /><scrolly t="66498" y="464" /><scrolly t="66514" y="457" /><scrolly t="66531" y="449" /><scrolly t="66596" y="434" /><scrolly t="66615" y="433" /><scrolly t="66630" y="430" /><scrolly t="66646" y="425" /><scrolly t="66663" y="418" /><scrolly t="66678" y="410" /><scrolly t="66698" y="403" /><scrolly t="66714" y="398" /><scrolly t="66778" y="395" /><scrolly t="66782" y="394" /><scrolly t="67285" y="393" /><scrolly t="67301" y="392" /><scrolly t="67317" y="389" /><scrolly t="67332" y="383" /><scrolly t="67349" y="376" /><scrolly t="67366" y="369" /><scrolly t="67383" y="362" /><scrolly t="67398" y="357" /><scrolly t="67459" y="354" /><scrolly t="68150" y="353" /><scrolly t="68168" y="350" /><scrolly t="68183" y="346" /><scrolly t="68201" y="339" /><scrolly t="68215" y="332" /><scrolly t="68232" y="324" /><scrolly t="68248" y="319" /><scrolly t="68312" y="314" /><scrolly t="68331" y="313" /><scrolly t="68347" y="309" /><scrolly t="68363" y="304" /><scrolly t="68379" y="297" /><scrolly t="68399" y="290" /><scrolly t="68414" y="283" /><mouseout t="68481" /><scrolly t="68483" y="278" /><scrolly t="68488" y="274" /><scrolly t="68532" y="272" /><scrolly t="68547" y="269" /><scrolly t="68563" y="264" /><scrolly t="68580" y="257" /><scrolly t="68596" y="250" /><scrolly t="68615" y="243" /><scrolly t="68630" y="238" /><scrolly t="68647" y="234" /><scrolly t="68730" y="232" /><scrolly t="68747" y="229" /><scrolly t="68764" y="224" /><scrolly t="68779" y="217" /><mouseout t="68841" /><scrolly t="68842" y="209" /><scrolly t="68849" y="194" /><scrolly t="68930" y="193" /><scrolly t="68947" y="190" /><scrolly t="68966" y="185" /><scrolly t="68982" y="178" /><scrolly t="68997" y="170" /><scrolly t="69014" y="163" /><scrolly t="69030" y="158" /><scrolly t="69094" y="155" /><scrolly t="69101" y="154" /><scrolly t="69113" y="153" /><scrolly t="69130" y="151" /><scrolly t="69194" y="146" /><execextern t="69203" streamID="20" /><scrolly t="69218" y="125" /><scrolly t="69237" y="115" /><scrolly t="69245" y="114" /><scrolly t="69297" y="112" /><scrolly t="69312" y="108" /><scrolly t="69330" y="102" /><scrolly t="69347" y="95" /><scrolly t="69365" y="87" /><scrolly t="69381" y="81" /><scrolly t="69447" y="76" /><scrolly t="69452" y="74" /><scrolly t="69465" y="73" /><scrolly t="69481" y="71" /><scrolly t="69497" y="67" /><mouseout t="69556" /><scrolly t="69558" y="61" /><scrolly t="69564" y="40" /><scrolly t="69581" y="36" /><scrolly t="69596" y="34" /><scrolly t="69648" y="32" /><scrolly t="69663" y="28" /><scrolly t="69681" y="23" /><scrolly t="69697" y="17" /><scrolly t="69716" y="11" /><scrolly t="69733" y="5" /><scrolly t="69748" y="2" /><scrolly t="69765" y="0" /><elmPos t="70293" id="1" x="0" y="0" h="2004" w="1349"><children><child tagCode="2884" x="0" y="0" w="1349" h="2004" index="0" /></children></elmPos><mouseover t="70293" id="1" /><mousemove t="70293" x="1358" y="7"  /><mousemove t="70300" x="1354" y="7"  /><elmPos t="70322" id="67" x="0" y="0" h="34" w="1349" ><path><element tagCode="2884" index="0" id="wrapper" /><element tagCode="2884" index="0" id="monetate_htmlCountdown_595bde1" parentid="2" /></path><children /></elmPos><mouseover t="70322" id="67" /><mousemove t="70322" x="1346" y="1"  /><mouseout t="70325" /><mouseover t="70879" id="67" /><mousemove t="70879" x="1295" y="0"  /><mousemove t="70884" x="1296" y="2"  /><mousemove t="70895" x="1299" y="3"  /><mousemove t="70914" x="1302" y="7"  /><mousemove t="70930" x="1304" y="9"  /><mousemove t="70946" x="1306" y="10"  /><mousemove t="70961" x="1308" y="11"  /><mousemove t="70979" x="1310" y="12"  /><mousemove t="70998" x="1312" y="13"  /><mousemove t="71014" x="1315" y="14"  /><mousemove t="71030" x="1321" y="16"  /><mousemove t="71046" x="1324" y="16"  /><mousemove t="71062" x="1328" y="16"  /><mousemove t="71080" x="1332" y="17"  /><mousemove t="71097" x="1334" y="18"  /><mousemove t="71114" x="1335" y="18"  /><mousemove t="71129" x="1335" y="19"  /><mousemove t="71149" x="1336" y="20"  /><mousemove t="71162" x="1336" y="22"  /><mousemove t="71181" x="1336" y="23"  /><mousemove t="71196" x="1336" y="25"  /><mousemove t="71212" x="1336" y="26"  /><mousemove t="71233" x="1336" y="29"  /><mousemove t="71249" x="1336" y="31"  /><mousemove t="71265" x="1336" y="32"  /><mousemove t="71281" x="1336" y="33"  /><elmPos t="71301" id="2" x="0" y="0" h="2004" w="1349"><children><child tagCode="2884" x="0" y="178" w="1349" h="40" index="2" /><child tagCode="2884" x="0" y="1615" w="1349" h="389" index="7" /></children></elmPos><mouseover t="71302" id="2" /><mousemove t="71302" x="1336" y="35"  /><mousemove t="71328" x="1336" y="36"  /><mousemove t="71349" x="1336" y="37"  /><mouseout t="71364" /><execextern t="71379" streamID="21" /><elmPos t="71495" id="50" x="1323" y="38" h="25" w="20"><children /></elmPos><mouseover t="71495" id="50" /><mousemove t="71495" x="1336" y="38"  /><elmPath t="71537" id="49"><path><element tagCode="2884" index="0" id="wrapper" /><element tagCode="2884" index="1" id="header" parentid="2" /><element tagCode="40" index="0" parentid="39" /><element tagCode="2884" index="2" id="navigation" /><element tagCode="2884" index="0" parentid="40" /><element tagCode="2884" index="0" /><element tagCode="2884" index="0" /><element tagCode="2884" index="3" /><element tagCode="2884" index="0" /><element tagCode="1" index="0" /><element tagCode="147" index="0" parentid="50" /></path></elmPath><elmPos t="71537" id="49" x="1324" y="45" h="20" w="20" ><children /></elmPos><mouseover t="71537" id="49" /><mousemove t="71537" x="1334" y="50"  /><mousemove t="71556" x="1334" y="51"  /><mousemove t="71594" x="1334" y="52"  /><mousedown t="72612" x="1334" y="52" b="1"  /><focus t="72617" id="50" /><mouseup t="72805" x="1334" y="52" b="1"  /><execextern t="72831" streamID="22" /><click t="72833" id="49" /><link t="72835" id="50" url="https://www.nautica.com/cart" /><execextern t="73289" streamID="23" /><mousemove t="73896" x="1333" y="52"  /><mousemove t="73903" x="1332" y="52"  /><mousemove t="73918" x="1328" y="56"  /><elmPos t="73955" id="68" x="1315" y="42" h="28" w="20" ><path><element tagCode="2884" index="0" id="wrapper" /><element tagCode="2884" index="1" id="header" parentid="2" /><element tagCode="40" index="0" parentid="39" /><element tagCode="2884" index="1" id="pre-header" /><element tagCode="2884" index="0" parentid="43" /><element tagCode="117" index="1" parentid="48" /><element tagCode="76" index="3" parentid="46" /><element tagCode="1" index="0" parentid="47" /><element tagCode="147" index="0" /><element tagCode="873" index="0" /></path><children /></elmPos><mouseover t="73955" id="68" /><mousemove t="73955" x="1316" y="69"  /><elmPos t="73991" id="69" x="1227" y="194" h="15" w="40" ><path><element tagCode="2884" index="0" id="wrapper" /><element tagCode="2884" index="1" id="header" parentid="2" /><element tagCode="40" index="0" parentid="39" /><element tagCode="2884" index="1" id="pre-header" /><element tagCode="2884" index="0" parentid="43" /><element tagCode="117" index="1" parentid="48" /><element tagCode="76" index="3" parentid="46" /><element tagCode="2884" index="0" parentid="47" /><element tagCode="2884" index="0" /><element tagCode="2884" index="1" /><element tagCode="2884" index="0" /><element tagCode="2884" index="0" /><element tagCode="2884" index="1" /><element tagCode="2884" index="1" /><element tagCode="147" index="1" /><element tagCode="147" index="0" /></path><children /></elmPos><mouseover t="73991" id="69" /><mousemove t="73991" x="1262" y="195"  /><elmPos t="74003" id="70" x="1228" y="238" h="15" w="28" ><path><element tagCode="2884" index="0" id="wrapper" /><element tagCode="2884" index="1" id="header" parentid="2" /><element tagCode="40" index="0" parentid="39" /><element tagCode="2884" index="1" id="pre-header" /><element tagCode="2884" index="0" parentid="43" /><element tagCode="117" index="1" parentid="48" /><element tagCode="76" index="3" parentid="46" /><element tagCode="2884" index="0" parentid="47" /><element tagCode="2884" index="0" /><element tagCode="2884" index="1" /><element tagCode="2884" index="0" /><element tagCode="2884" index="0" /><element tagCode="2884" index="1" /><element tagCode="2884" index="2" /><element tagCode="2884" index="2" /><element tagCode="147" index="0" /></path><children /></elmPos><mouseover t="74004" id="70" /><mousemove t="74004" x="1251" y="249"  /><elmPos t="74018" id="71" x="1088" y="271" h="27" w="179" ><path><element tagCode="2884" index="0" id="wrapper" /><element tagCode="2884" index="1" id="header" parentid="2" /><element tagCode="40" index="0" parentid="39" /><element tagCode="2884" index="1" id="pre-header" /><element tagCode="2884" index="0" parentid="43" /><element tagCode="117" index="1" parentid="48" /><element tagCode="76" index="3" parentid="46" /><element tagCode="2884" index="0" parentid="47" /><element tagCode="2884" index="0" /><element tagCode="2884" index="1" /><element tagCode="2884" index="0" /><element tagCode="2884" index="1" /><element tagCode="2884" index="1" /><element tagCode="2884" index="0" /><element tagCode="1" index="0" /></path><children /></elmPos><mouseover t="74018" id="71" /><mousemove t="74018" x="1248" y="273"  /><mousemove t="74033" x="1248" y="292"  /><elmPos t="74052" id="72" x="1227" y="300" h="15" w="40" ><path><element tagCode="2884" index="0" id="wrapper" /><element tagCode="2884" index="1" id="header" parentid="2" /><element tagCode="40" index="0" parentid="39" /><element tagCode="2884" index="1" id="pre-header" /><element tagCode="2884" index="0" parentid="43" /><element tagCode="117" index="1" parentid="48" /><element tagCode="76" index="3" parentid="46" /><element tagCode="2884" index="0" parentid="47" /><element tagCode="2884" index="0" /><element tagCode="2884" index="1" /><element tagCode="2884" index="0" /><element tagCode="2884" index="1" /><element tagCode="2884" index="1" /><element tagCode="2884" index="1" /><element tagCode="147" index="0" /><element tagCode="147" index="0" /></path><children /></elmPos><mouseover t="74052" id="72" /><mousemove t="74052" x="1249" y="310"  /><elmPos t="74067" id="73" x="1227" y="312" h="15" w="40" ><path><element tagCode="2884" index="0" id="wrapper" /><element tagCode="2884" index="1" id="header" parentid="2" /><element tagCode="40" index="0" parentid="39" /><element tagCode="2884" index="1" id="pre-header" /><element tagCode="2884" index="0" parentid="43" /><element tagCode="117" index="1" parentid="48" /><element tagCode="76" index="3" parentid="46" /><element tagCode="2884" index="0" parentid="47" /><element tagCode="2884" index="0" /><element tagCode="2884" index="1" /><element tagCode="2884" index="0" /><element tagCode="2884" index="1" /><element tagCode="2884" index="1" /><element tagCode="2884" index="1" /><element tagCode="147" index="1" /><element tagCode="147" index="0" /></path><children /></elmPos><mouseover t="74067" id="73" /><mousemove t="74067" x="1250" y="313"  /><mousemove t="74254" x="1250" y="318"  /><mousemove t="74266" x="1247" y="326"  /><elmPos t="74303" id="74" x="1088" y="389" h="27" w="179" ><path><element tagCode="2884" index="0" id="wrapper" /><element tagCode="2884" index="1" id="header" parentid="2" /><element tagCode="40" index="0" parentid="39" /><element tagCode="2884" index="1" id="pre-header" /><element tagCode="2884" index="0" parentid="43" /><element tagCode="117" index="1" parentid="48" /><element tagCode="76" index="3" parentid="46" /><element tagCode="2884" index="0" parentid="47" /><element tagCode="2884" index="0" /><element tagCode="2884" index="1" /><element tagCode="2884" index="0" /><element tagCode="2884" index="2" /><element tagCode="2884" index="1" /><element tagCode="2884" index="0" /><element tagCode="1" index="0" /></path><children /></elmPos><mouseover t="74303" id="74" /><mousemove t="74303" x="1228" y="394"  /><elmPos t="74319" id="75" x="945" y="466" h="9" w="360" ><path><element tagCode="2884" index="0" id="wrapper" /><element tagCode="2884" index="1" id="header" parentid="2" /><element tagCode="40" index="0" parentid="39" /><element tagCode="2884" index="1" id="pre-header" /><element tagCode="2884" index="0" parentid="43" /><element tagCode="117" index="1" parentid="48" /><element tagCode="76" index="3" parentid="46" /><element tagCode="2884" index="0" parentid="47" /><element tagCode="2884" index="0" /><element tagCode="2884" index="2" /><element tagCode="2884" index="0" /></path><children /></elmPos><mouseover t="74319" id="75" /><mousemove t="74319" x="1218" y="464"  /><elmPos t="74333" id="76" x="1196" y="500" h="26" w="108" ><path><element tagCode="2884" index="0" id="wrapper" /><element tagCode="2884" index="1" id="header" parentid="2" /><element tagCode="40" index="0" parentid="39" /><element tagCode="2884" index="1" id="pre-header" /><element tagCode="2884" index="0" parentid="43" /><element tagCode="117" index="1" parentid="48" /><element tagCode="76" index="3" parentid="46" /><element tagCode="2884" index="0" parentid="47" /><element tagCode="2884" index="0" /><element tagCode="2884" index="2" /><element tagCode="2884" index="2" /><element tagCode="1" index="0" /></path><children /></elmPos><mouseover t="74333" id="76" /><mousemove t="74333" x="1215" y="510"  /><elmPos t="74349" id="77" x="915" y="78" h="522" w="420" ><path><element tagCode="2884" index="0" id="wrapper" /><element tagCode="2884" index="1" id="header" parentid="2" /><element tagCode="40" index="0" parentid="39" /><element tagCode="2884" index="1" id="pre-header" /><element tagCode="2884" index="0" parentid="43" /><element tagCode="117" index="1" parentid="48" /><element tagCode="76" index="3" parentid="46" /><element tagCode="2884" index="0" parentid="47" /><element tagCode="2884" index="0" /></path><children><child tagCode="2884" x="0" y="0" w="420" h="56" index="0" /><child tagCode="2884" x="30" y="56" w="360" h="312" index="1" /><child tagCode="2884" x="0" y="388" w="420" h="60" index="2" /><child tagCode="2884" x="0" y="478" w="420" h="44" index="3" /></children></elmPos><mouseover t="74349" id="77" /><mousemove t="74349" x="1215" y="531"  /><mousemove t="74363" x="1215" y="545"  /><elmPos t="74384" id="78" x="915" y="556" h="44" w="420" ><path><element tagCode="2884" index="0" id="wrapper" /><element tagCode="2884" index="1" id="header" parentid="2" /><element tagCode="40" index="0" parentid="39" /><element tagCode="2884" index="1" id="pre-header" /><element tagCode="2884" index="0" parentid="43" /><element tagCode="117" index="1" parentid="48" /><element tagCode="76" index="3" parentid="46" /><element tagCode="2884" index="0" parentid="47" /><element tagCode="2884" index="0" /><element tagCode="2884" index="3" id="minicart-banner" parentid="77" /></path><children><child tagCode="2884" x="30" y="10" w="360" h="14" index="0" /></children></elmPos><mouseover t="74384" id="78" /><mousemove t="74384" x="1218" y="557"  /><mousemove t="74398" x="1219" y="560"  /><mousemove t="74624" x="1219" y="561"  /><mousemove t="74636" x="1219" y="562"  /><mousemove t="74649" x="1219" y="564"  /><elmPos t="74676" id="79" x="945" y="566" h="14" w="360" ><path><element tagCode="2884" index="0" id="wrapper" /><element tagCode="2884" index="1" id="header" parentid="2" /><element tagCode="40" index="0" parentid="39" /><element tagCode="2884" index="1" id="pre-header" /><element tagCode="2884" index="0" parentid="43" /><element tagCode="117" index="1" parentid="48" /><element tagCode="76" index="3" parentid="46" /><element tagCode="2884" index="0" parentid="47" /><element tagCode="2884" index="0" /><element tagCode="2884" index="3" id="minicart-banner" parentid="77" /><element tagCode="2884" index="0" parentid="78" /></path><children /></elmPos><mouseover t="74676" id="79" /><mousemove t="74676" x="1219" y="572"  /><mouseover t="74691" id="78" /><mousemove t="74691" x="1225" y="592"  /><execextern t="74707" streamID="24" /><mouseover t="74727" id="2" /><mousemove t="74727" x="1232" y="603"  /><execextern t="74764" streamID="25" /><mousemove t="74767" x="1256" y="622"  /><unload t="74981" exitPause="200" /></recording>