{"VersionInfo":{"util":"2.9.0.7-a4f4a451","model":"2.9.0.13-25d4967c","parser":"2.9.0.13-7e06ccef","exporter":"2.9.0.13-015c9cec","pipe":"2.9.0.13-f78280e8"},"DeviceTypeID":2,"Device":"Apple iPhone","OperatingSystem":"iOS","PhysicalDisplayHeight":40,"PhysicalDisplayWidth":23,"RecorderIsMobile":true,"IsTouch":true,"TapCount":2,"ZoomCount":0,"Campaign":null,"Content":null,"Medium":"Internal","Term":null,"ClientHeightFinal":638,"ClientHeightInitial":638,"ClientWidthFinal":375,"ClientWidthInitial":375,"SizeWndEndH":638,"SizeWndIniH":638,"SizeWndEndW":375,"SizeWndIniW":375,"LayoutViewportWidth":375,"SizeScrW":375,"SizeScrH":812,"TrueSizeScrH":812,"TrueSizeScrW":375,"XMLSize":16516,"DSRSize":56043,"CountScrollX":0,"CountScrollY":245,"MaxScrollPercent":48,"SizeScrollH":2591,"SizeScrollW":400,"PreviousSubmitIndication":null,"SubmitCount":0,"CountryCode":"US","City":"McCormick","Country":"United States","Region":"South Carolina","RegionCode":"SC","ActiveTime":12585,"Domain":"www.nautica.com","LanguageCode":"en-US","Navigator":"Ch69","Platform":"iPhone","BodyCheck":null,"HtmlCheck":null,"Version":16,"VersionMinor":15,"ClicksBelowFold":0,"ClicksOnLinkLikeElements":0,"ClicksOnNonLinkLikeElements":0,"Exposure":44,"WRAttemptedCounter":192,"WRCheckedCounter":192,"WRGlobalCounter":192,"WRRecordedCounter":151,"MessageCount":30,"MessagesSize":20788,"OriginalSID":1970617804964495,"SID":1970617804964495,"PID":94,"UID":1798968441454628,"SubscriberId":69859,"UserAgent":"Mozilla/5.0 (iPhone; CPU iPhone OS 12_0 like Mac OS X) AppleWebKit/605.1.15 (KHTML, like Gecko) CriOS/69.0.3497.105 Mobile/15E148 Safari/605.1","PopulationType":null,"CountJSError":0,"CountNonClickTaleJsErrors":0,"JsErrors":[],"Tags":[{"TagName":"CT2MappingTag_272_7218156989762378_4218810576465155_2688456907869739","TagTypeID":0},{"TagName":"Config: Release_20181008","TagTypeID":0},{"TagName":"VE Onload | Category | big-%26-tall-mixed-media-full-zip-hoodie","TagTypeID":0},{"TagName":"VE | Onload - Nautica.com - big-%26-tall-mixed-media-full-zip-hoodie-Z81572.html","TagTypeID":0},{"TagName":"VE | Onload - PDP page","TagTypeID":0},{"TagName":"VE Onload | Men's PDP","TagTypeID":0},{"TagName":"VE Onload | Page Type | product","TagTypeID":0}],"RecordingGUID":"44c2dcac-d3b6-4eae-b893-33b7a6e20eae","Referrer":"https://www.nautica.com/mens-big-and-tall/?view=grid&srule=price-low-to-high&sz=60&start=0","ContentSourceID":2,"Location":"https://www.nautica.com/big-%26-tall-mixed-media-full-zip-hoodie/Z81572.html?dwvar_Z81572_color=675#uuid=414361ab59a3713c25686d8348&display=106&sz=99","FormCount":0,"ContentSize":148821,"HTMLSize":148821,"HtmlCharset":"UTF-8","WebpageHash":"l6zJRFA7u2mKPl1eQJ6ttpOGuns=","CountMouseDown":0,"CountMouseMove":0,"ClientDate":1540347366085,"Length":13550,"ProcessingDateTimeUtc":"2018-10-24 02:16:18.795","ProcessingDateTimeZone":"2018-10-23 20:16:18.795","ClientRecordingDateTimeUtc":"2018-10-24 02:16:06.085","ClientRecordingDateTimeZone":"2018-10-23 20:16:06.085","RecordingDate":1540347364255,"RecordingDateJs":1540347364255,"RecordingEndDate":1540347377805,"TimeDOMLoad":1032,"TimeExitPause":200,"TimeInit":1830,"TimeLoad":3133,"TimeStart":1187,"TimeToFirstClick":3729,"TimeUnload":13550,"TimeZone":-240,"Description":"","CreateDate":"2018-10-24T02:16:18.783","ErrorCount":0,"AuthenticationUnixTime":1540347365635,"OrientationChangeCount":0,"Source":"nautica.com","IP":"172.27.15.155","ClientDateTime":0,"TimeWebPageFetch":0,"CityID":null,"LocationID":-1,"DeviceID":null,"DomainID":null,"FetchURL":"","FullRecordingData":"","HttpCharset":"","ReferrerID":-1,"TrafficCampaignID":-1,"TrafficContentID":-1,"TrafficMediumID":-1,"TrafficSourceID":-1,"TrafficTermID":-1,"UserAgentID":-1,"CountryID":null,"RegionID":null, "cage_ip":"172.27.13.40", "cage_version":"2.2.31", "cage_time":1540347378829,"avroSize":4408,"avroCompressedSize":3054}