{"ActiveTime":22840,"AuthenticationUnixTime":1540384686049,"BodyCheck":null,"Campaign":null,"City":null,"CityID":null,"ClicksBelowFold":0,"ClicksOnLinkLikeElements":1,"ClicksOnNonLinkLikeElements":0,"ClientDate":1540384686049,"ClientDateTime":0,"ClientHeightFinal":560,"ClientHeightInitial":516,"ClientRecordingDateTimeUtc":"2018-10-24 12:38:06.049","ClientRecordingDateTimeZone":"2018-10-24 07:38:06.049","ClientWidthFinal":360,"ClientWidthInitial":360,"Content":null,"ContentSize":252744,"ContentSourceID":2,"CountJSError":0,"CountMouseDown":0,"CountMouseMove":0,"CountNonClickTaleJsErrors":0,"Country":"United States","CountryCode":"US","CountryID":null,"CountScrollX":0,"CountScrollY":282,"CreateDate":"2018-10-24T12:38:06.049","Description":"","Device":"SM-S550TL Galaxy On5","DeviceID":null,"DeviceTypeID":2,"Domain":"www.nautica.com","DomainID":null,"ErrorCount":0,"Exposure":86,"FetchURL":"","FormCount":0,"FullRecordingData":"","HtmlCharset":"UTF-8","HtmlCheck":null,"HttpCharset":"","IP":null,"IsPhysicalSizeDefault":false,"IsTouch":true,"JsErrors":[],"LanguageCode":"en-US","LayoutViewportWidth":360,"Length":23422,"Location":"https://www.nautica.com/mens/","LocationID":-1,"MaxScrollPercent":86,"Medium":"Internal","MessageCount":14,"MessagesSize":0,"Navigator":"Ch67","OperatingSystem":"Android","OperatingSystemID":null,"OrientationChangeCount":0,"OriginalSID":0,"PhysicalDisplayHeight":44,"PhysicalDisplayWidth":24,"PID":94,"Platform":"Linux armv7l","PreviousSubmitIndication":null,"PopulationType":null,"ProcessingDateTimeUtc":"2018-10-24 12:38:19.568","ProcessingDateTimeZone":"2018-10-24 07:38:19.568","RecorderIsMobile":true,"RecordingDate":1540384686049,"RecordingGUID":"f6d3d552-14c1-495c-882a-288025346bda","RecordingDateJs":1540384686049,"RecordingEndDate":1540384709471,"Referrer":"https://www.nautica.com/mens-nautica-heritage/","ReferrerID":-1,"Region":"Florida","RegionCode":"FL","RegionID":null,"SID":1971229262626829,"SizeScrollH":3579,"SizeScrollW":360,"SizeScrW":360,"SizeScrH":640,"TrueSizeScrW":360,"TrueSizeScrH":640,"SizeWndEndH":560,"SizeWndEndW":360,"SizeWndIniH":516,"SizeWndIniW":360,"Source":"nautica.com","SubmitCount":0,"SubscriberId":69859,"Tags":[{"TagName":"Config: Release_20181008","TagTypeID":0},{"TagName":"CT2MappingTag_272_6989037147797839_490224591387716_4333111802060104","TagTypeID":0},{"TagName":"VE | Onload - Nautica.com - mens-","TagTypeID":0},{"TagName":"VE Onload | Page Type | category","TagTypeID":0},{"TagName":"VE Onload | Category | mens","TagTypeID":0},{"TagName":"VE | Onload - PLP page","TagTypeID":0},{"TagName":"VE Onload | Men's PLP","TagTypeID":0}],"TapCount":4,"Term":null,"TimeDOMLoad":3340,"TimeExitPause":200,"TimeInit":7242,"TimeLoad":12060,"TimeStart":6021,"TimeToFirstClick":8703,"TimeUnload":23422,"TimeWebPageFetch":0,"TimeZone":-240,"TrafficCampaignID":-1,"TrafficContentID":-1,"TrafficMediumID":-1,"TrafficSourceID":-1,"TrafficTermID":-1,"UID":1971202763735140,"UserAgent":"Mozilla/5.0 (Linux; Android 6.0.1; SM-S550TL Build/MMB29K) AppleWebKit/537.36 (KHTML, like Gecko) Chrome/67.0.3396.87 Mobile Safari/537.36","UserAgentID":-1,"Version":16,"VersionMinor":15,"WebPageHash":"qPwVvv3KEyUtgrp2tkpWtYL8Dpk=","WRAttemptedCounter":32,"WRCheckedCounter":32,"WRGlobalCounter":32,"WRRecordedCounter":31,"XMLSize":18869,"DSRSize":17180,"HTMLSize":252744,"ZoomCount":1,"MachineName":"WIN-9S1CHG83531","IpAddress":"172.27.13.155","ProcessVersion":"1.0.1.157","ProcessingStartTimeUtc":"2018-10-24T12:38:19.521143Z","ProcessingEndTimeUtc":"2018-10-24T12:38:19.5680156Z","ProcessingElapsedMilliseconds":46, "cage_ip":"172.27.13.236", "cage_version":"2.2.31", "cage_time":1540384703342,"avroSize":4779,"avroCompressedSize":3370}