{"ActiveTime":2904,"AuthenticationUnixTime":1540337461561,"BodyCheck":null,"Campaign":"20181003_Col_70,8-8364","City":"Laguna Woods","CityID":null,"ClicksBelowFold":0,"ClicksOnLinkLikeElements":0,"ClicksOnNonLinkLikeElements":0,"ClientDate":1540337461561,"ClientDateTime":0,"ClientHeightFinal":682,"ClientHeightInitial":682,"ClientRecordingDateTimeUtc":"2018-10-23 23:31:01.561","ClientRecordingDateTimeZone":"2018-10-23 18:31:01.561","ClientWidthFinal":393,"ClientWidthInitial":393,"Content":"2475454397","ContentSize":279701,"ContentSourceID":2,"CountJSError":0,"CountMouseDown":0,"CountMouseMove":0,"CountNonClickTaleJsErrors":0,"Country":"United States","CountryCode":"US","CountryID":null,"CountScrollX":0,"CountScrollY":0,"CreateDate":"2018-10-23T23:31:01.561","Description":"","Device":"Mi 8","DeviceID":null,"DeviceTypeID":2,"Domain":"www.nautica.com","DomainID":null,"ErrorCount":0,"Exposure":15,"FetchURL":"","FormCount":0,"FullRecordingData":"","HtmlCharset":"UTF-8","HtmlCheck":null,"HttpCharset":"","IP":null,"IsPhysicalSizeDefault":false,"IsTouch":false,"JsErrors":[],"LanguageCode":"zh-CHS","LayoutViewportWidth":393,"Length":12044,"Location":"https://www.nautica.com/sale/?j=101852&sfmc_sub=8788964&l=1525_HTML&u=12283291&mid=7279337&jb=0=&e=8788964&utm_source=exacttarget&utm_medium=email&utm_term=1525&utm_campaign=20181003_Col_70&emid=ZmVuZ21saXUyMDA0QGhvdG1haWwuY29t&source=PJ_AD:Z:NAU&utm_medium=affiliate&utm_source=61616&utm_campaign=8-8364&utm_content=2475454397&utm_term=c03cf4dd76c14b23b341a30920b851b6_US_i_-_OE_-_M_1036339_1757479827_android&clickId=2475454397","LocationID":-1,"MaxScrollPercent":17,"Medium":"email,affiliate","MessageCount":17,"MessagesSize":0,"Navigator":"WK537","OperatingSystem":"Android","OperatingSystemID":null,"OrientationChangeCount":0,"OriginalSID":0,"PhysicalDisplayHeight":56,"PhysicalDisplayWidth":27,"PID":94,"Platform":"Linux armv8l","PreviousSubmitIndication":null,"PopulationType":null,"ProcessingDateTimeUtc":"2018-10-23 23:31:08.161","ProcessingDateTimeZone":"2018-10-23 18:31:08.161","RecorderIsMobile":true,"RecordingDate":1540337461561,"RecordingGUID":"b0694b25-4b83-46e0-b83b-a23fee977b71","RecordingDateJs":1540337461561,"RecordingEndDate":1540337473605,"Referrer":null,"ReferrerID":-1,"Region":"California","RegionCode":"CA","RegionID":null,"SID":1970455536615464,"SizeScrollH":4067,"SizeScrollW":423,"SizeScrW":393,"SizeScrH":818,"TrueSizeScrW":393,"TrueSizeScrH":818,"SizeWndEndH":682,"SizeWndEndW":393,"SizeWndIniH":682,"SizeWndIniW":393,"Source":"exacttarget,61616","SubmitCount":0,"SubscriberId":69859,"Tags":[{"TagName":"Config: Release_20181008","TagTypeID":0},{"TagName":"CT2MappingTag_272_4876078413152838_6827237995142860_982015324285198","TagTypeID":0},{"TagName":"VE | Onload - Nautica.com - sale-","TagTypeID":0},{"TagName":"VE Onload | Page Type | category","TagTypeID":0},{"TagName":"VE Onload | Category | sale","TagTypeID":0},{"TagName":"VE | Onload - PLP page","TagTypeID":0}],"TapCount":0,"Term":"1525,c03cf4dd76c14b23b341a30920b851b6_US_i_-_OE_-_M_1036339_1757479827_android","TimeDOMLoad":1876,"TimeExitPause":200,"TimeInit":2891,"TimeLoad":4140,"TimeStart":2161,"TimeToFirstClick":null,"TimeUnload":12044,"TimeWebPageFetch":0,"TimeZone":-420,"TrafficCampaignID":-1,"TrafficContentID":-1,"TrafficMediumID":-1,"TrafficSourceID":-1,"TrafficTermID":-1,"UID":1952634645545604,"UserAgent":"Mozilla/5.0 (Linux; Android 8.1.0; MI 8 Build/OPM1.171019.026; wv) AppleWebKit/537.36 (KHTML, like Gecko) Version/4.0 Chrome/62.0.3202.84 Mobile Safari/537.36","UserAgentID":-1,"Version":16,"VersionMinor":15,"WebPageHash":"T7/FQaxlUtWqrgzFojeIJRk07Mw=","WRAttemptedCounter":73,"WRCheckedCounter":73,"WRGlobalCounter":73,"WRRecordedCounter":73,"XMLSize":4288,"DSRSize":47054,"HTMLSize":279701,"ZoomCount":0,"MachineName":"WIN-9S1CHG83531","IpAddress":"172.27.13.155","ProcessVersion":"1.0.1.157","ProcessingStartTimeUtc":"2018-10-23T23:31:08.114905Z","ProcessingEndTimeUtc":"2018-10-23T23:31:08.1617783Z","ProcessingElapsedMilliseconds":46, "cage_ip":"172.27.13.236", "cage_version":"2.2.31", "cage_time":1540337471393,"avroSize":1888,"avroCompressedSize":1123}