<?xml version="1.0" encoding="utf-8"?><recording xmlns:xsd="http://www.w3.org/2001/XMLSchema" xmlns:xsi="http://www.w3.org/2001/XMLSchema-instance" machine="WIN-9S1CHG83531" procIp="172.27.13.155" procVersion="1.0.1.157" ip="" userAgent="Mozilla/5.0 (Linux; Android 8.1.0; MI 8 Build/OPM1.171019.026; wv) AppleWebKit/537.36 (KHTML, like Gecko) Version/4.0 Chrome/62.0.3202.84 Mobile Safari/537.36" contentSource="stream" fetchFrom="" location="https://www.nautica.com/sale/?j=101852&amp;sfmc_sub=8788964&amp;l=1525_HTML&amp;u=12283291&amp;mid=7279337&amp;jb=0=&amp;e=8788964&amp;utm_source=exacttarget&amp;utm_medium=email&amp;utm_term=1525&amp;utm_campaign=20181003_Col_70&amp;emid=ZmVuZ21saXUyMDA0QGhvdG1haWwuY29t&amp;source=PJ_AD:Z:NAU&amp;utm_medium=affiliate&amp;utm_source=61616&amp;utm_campaign=8-8364&amp;utm_content=2475454397&amp;utm_term=c03cf4dd76c14b23b341a30920b851b6_US_i_-_OE_-_M_1036339_1757479827_android&amp;clickId=2475454397" t="2891" navigator="WK537" platform="Linux armv8l" scrw="393" scrh="818" scrx="0" scry="0" scrDepth="32" itime="1540337458292" timeZone="-7" w="393" h="682" cw="393" ch="682" eventMask="383" cookieFlag="1" languageCode="zh-CHS" uid="1952634645545604" uid2="0" referrer="" country="United States" countryCode="US" webPageHash="4fbfc541ac6552d5aaae0cc5a23788251934eccc" version="16" length="12044" activeTime="2904" rtime="1540337461561" errorCount="0" messagesCount="17" messagesSize="58960" pid="94" sid="1970455536615464" tapCount="0" originalLocation="https://www.nautica.com/sale/?j=101852&amp;sfmc_sub=8788964&amp;l=1525_HTML&amp;u=12283291&amp;mid=7279337&amp;jb=0=&amp;e=8788964&amp;utm_source=exacttarget&amp;utm_medium=email&amp;utm_term=1525&amp;utm_campaign=20181003_Col_70&amp;emid=ZmVuZ21saXUyMDA0QGhvdG1haWwuY29t&amp;source=PJ_AD:Z:NAU&amp;utm_medium=affiliate&amp;utm_source=61616&amp;utm_campaign=8-8364&amp;utm_content=2475454397&amp;utm_term=c03cf4dd76c14b23b341a30920b851b6_US_i_-_OE_-_M_1036339_1757479827_android&amp;clickId=2475454397" enriched="true" TrueSizeScrW="393" TrueSizeScrH="818" sw="423" sh="4067" pageContentSize="279701" recorderVersionMajor="16" recorderVersionMinor="15" historyLength="2" isClassifiedInThisSession="false" lh="682" lw="393" orientation="0" isRecorderMobile="true" exposure="15" deviceType="2" device="Mi 8" operatingSystem="Android" physicalDisplayHeight="56" physicalDisplayWidth="27" devicePixelRatio="2.7" globalPageviewCounter="73" attemptedPageviewCounter="73" checkedPageviewCounter="73" recordedPageviewCounter="73" clicksOnLinkLikeElements="0" clicksOnNonLinkLikeElements="0" clicksBelowFold="0" ><domload t="1876" /><execextern t="2159" streamID="7" /><tag t="2159">Config: Release_20181008</tag><start t="2161" /><tag t="2163">CT2MappingTag_272_4876078413152838_6827237995142860_982015324285198</tag><init t="2891" w="393" h="682" cw="393" ch="682" lw="393" lh="682" orientation="0" /><elmPos t="2904" id="0" x="0" y="0" h="4019" w="423" ><path></path><children><child tagCode="2884" x="0" y="0" w="393" h="4019" index="1" /></children></elmPos><focus t="2904" id="0" /><field t="2915" name="isMobile">true</field><tag t="2917">VE | Onload - Nautica.com - sale-</tag><stream t="3122" id="1" size="279680" /><uploadstream t="3332" streamID="1" /><stream t="3404" id="2" size="11431" /><execextern t="3404" streamID="2" /><stream t="3518" id="3" size="20213" /><execextern t="3518" streamID="3" /><tag t="3552">VE Onload | Page Type | category</tag><tag t="3552">VE Onload | Category | sale</tag><execextern t="3586" streamID="8" /><execextern t="3588" streamID="9" /><execextern t="3682" streamID="10" /><execextern t="3689" streamID="11" /><stream t="3717" id="4" size="2962" /><execextern t="3717" streamID="4" /><execextern t="4140" streamID="12" /><load t="4140" w="393" h="682" cw="393" ch="682" sw="423" sh="4067" lw="393" lh="682" orientation="0" /><tag t="4145">VE | Onload - PLP page</tag><execextern t="4168" streamID="13" /><execextern t="4289" streamID="14" /><stream t="5169" id="5" size="2372" /><execextern t="5169" streamID="5" /><execextern t="5192" streamID="15" /><execextern t="5230" streamID="16" /><stream t="6196" id="6" size="2910" /><execextern t="6196" streamID="6" /><execextern t="7225" streamID="17" /><unload t="12044" exitPause="200" /></recording>