<?xml version="1.0" encoding="utf-8"?><recording xmlns:xsd="http://www.w3.org/2001/XMLSchema" xmlns:xsi="http://www.w3.org/2001/XMLSchema-instance" ip=""  TrueSizeScrH="768" TrueSizeScrW="1366" enriched="true" userAgent="Mozilla/5.0 (Windows NT 10.0; Win64; x64) AppleWebKit/537.36 (KHTML, like Gecko) Chrome/69.0.3497.100 Safari/537.36" contentSource="stream" fetchFrom="" location="https://www.nautica.com/kids-boys-tees/?prefn1=size&amp;prefv1=M%2810%2F12%29" t="11434" navigator="Ch69" platform="Win32" scrw="1366" scrh="768" scrx="0" scry="0" scrDepth="24" itime="1540329902459" timeZone="-6" w="1366" h="657" cw="1366" ch="657" eventMask="383" cookieFlag="1" languageCode="es-" uid="1887198846042338" uid2="0" referrer="https://www.nautica.com/sale-boys-2t-7/" country="Guatemala" countryCode="GT" webPageHash="25176a860313336b87750207dc61b515ebf2dbac" version="16" length="1812386" activeTime="20926" rtime="1540329902994" errorCount="0" messagesCount="56" messagesSize="62001" pid="94" sid="1970331867922581" tapCount="0" originalLocation="https://www.nautica.com/kids-boys-tees/?prefn1=size&amp;amp;prefv1=M%2810%2F12%29" sw="1379" sh="3294" pageContentSize="222588" recorderVersionMajor="16" recorderVersionMinor="15" historyLength="7" isClassifiedInThisSession="false" lh="640" lw="1349" orientation="0" isRecorderMobile="false" exposure="19" deviceType="1" operatingSystem="Windows" physicalDisplayHeight="0" physicalDisplayWidth="0" devicePixelRatio="1" globalPageviewCounter="62" attemptedPageviewCounter="62" checkedPageviewCounter="62" recordedPageviewCounter="49" clicksOnLinkLikeElements="0" clicksOnNonLinkLikeElements="0" clicksBelowFold="0"><domload t="8505" /><execextern t="10441" streamID="5" /><tag t="10441">Config: Release_20181008</tag><start t="10444" /><tag t="10448">CT2MappingTag_272_8376665776915672_6908123017700518_8205885407322364</tag><init t="11434" w="1366" h="657" cw="1366" ch="657" lw="1349" lh="640" orientation="0" /><field t="11453" name="isMobile">false</field><tag t="11454">VE | Onload - Nautica.com - kids-boys-tees-</tag><tag t="11455">VE Onload | Page Type | category</tag><tag t="11455">VE Onload | Category | kids-boys-tees</tag><tag t="11455">VE | Onload - PLP page</tag><stream t="11619" id="1" size="222536" /><uploadstream t="11621" streamID="1" /><execextern t="11650" streamID="6" /><execextern t="11667" streamID="7" /><execextern t="11908" streamID="8" /><execextern t="12084" streamID="9" /><execextern t="12320" streamID="10" /><execextern t="12506" streamID="11" /><execextern t="12528" streamID="12" /><execextern t="12689" streamID="13" /><stream t="12975" id="2" size="3097" /><execextern t="12975" streamID="2" /><execextern t="13104" streamID="14" /><execextern t="13120" streamID="15" /><stream t="13469" id="3" size="2373" /><execextern t="13469" streamID="3" /><execextern t="13612" streamID="16" /><execextern t="13857" streamID="17" /><stream t="13999" id="4" size="3045" /><execextern t="13999" streamID="4" /><load t="14677" w="1366" h="657" cw="1366" ch="657" sw="1379" sh="3294" lw="1349" lh="640" orientation="0" /><execextern t="14687" streamID="18" /><execextern t="15634" streamID="19" /><execextern t="18107" streamID="20" /><execextern t="18611" streamID="21" /><execextern t="23113" streamID="22" /><execextern t="23614" streamID="23" /><execextern t="28120" streamID="24" /><execextern t="28620" streamID="25" /><execextern t="33123" streamID="26" /><execextern t="33626" streamID="27" /><mouseout t="37527" /><execextern t="37532" streamID="28" /><elmPath t="37534" id="0"><path><element  tagCode="2884" index="2" id="wrapper"/></path></elmPath><elmPath t="37534" id="1"><path><element  tagCode="2884" index="2" id="wrapper"/><element  tagCode="2884" index="3" id="main" parentid="0"/></path></elmPath><elmPath t="37534" id="2"><path><element  tagCode="2884" index="2" id="wrapper"/><element  tagCode="2884" index="3" id="main" parentid="0"/><element  tagCode="2884" index="3" id="primary" parentid="1"/></path></elmPath><elmPath t="37534" id="3"><path><element  tagCode="2884" index="2" id="wrapper"/><element  tagCode="2884" index="3" id="main" parentid="0"/><element  tagCode="2884" index="3" id="primary" parentid="1"/><element  tagCode="2884" index="3" parentid="2"/><element  tagCode="117" index="0" id="search-result-items"/></path></elmPath><elmPath t="37534" id="4"><path><element  tagCode="2884" index="2" id="wrapper"/><element  tagCode="2884" index="3" id="main" parentid="0"/><element  tagCode="2884" index="3" id="primary" parentid="1"/><element  tagCode="2884" index="3" parentid="2"/><element  tagCode="117" index="0" id="search-result-items"/><element  tagCode="76" index="1" parentid="3"/><element  tagCode="2884" index="0" id="ce51db4f8c938151ffec7fdb01"/></path></elmPath><elmPos t="37534" id="5" x="672" y="300" h="295" w="295" ><path><element  tagCode="2884" index="2" id="wrapper"/><element  tagCode="2884" index="3" id="main" parentid="0"/><element  tagCode="2884" index="3" id="primary" parentid="1"/><element  tagCode="2884" index="3" parentid="2"/><element  tagCode="117" index="0" id="search-result-items"/><element  tagCode="76" index="1" parentid="3"/><element  tagCode="2884" index="0" id="ce51db4f8c938151ffec7fdb01"/><element  tagCode="2884" index="0" parentid="4"/><element  tagCode="2884" index="0"/><element  tagCode="1" index="0"/><element  tagCode="873" index="0"/></path><children /></elmPos><mouseover t="37534" id="5" /><mousemove t="37534" x="684" y="314" /><mousemove t="37966" x="680" y="315" /><mousemove t="37974" x="673" y="317" /><execextern t="37993" streamID="29" /><mouseout t="37993" /><execextern t="38004" streamID="30" /><elmPath t="38007" id="6"><path><element  tagCode="2884" index="2" id="wrapper"/><element  tagCode="2884" index="3" id="main" parentid="0"/><element  tagCode="2884" index="3" id="primary" parentid="1"/><element  tagCode="2884" index="3" parentid="2"/><element  tagCode="117" index="0" id="search-result-items"/><element  tagCode="76" index="0" parentid="3"/><element  tagCode="2884" index="0" id="a651d04a93fc70c7cfa2382df2"/></path></elmPath><elmPos t="38008" id="7" x="358" y="300" h="295" w="295" ><path><element  tagCode="2884" index="2" id="wrapper"/><element  tagCode="2884" index="3" id="main" parentid="0"/><element  tagCode="2884" index="3" id="primary" parentid="1"/><element  tagCode="2884" index="3" parentid="2"/><element  tagCode="117" index="0" id="search-result-items"/><element  tagCode="76" index="0" parentid="3"/><element  tagCode="2884" index="0" id="a651d04a93fc70c7cfa2382df2"/><element  tagCode="2884" index="0" parentid="6"/><element  tagCode="2884" index="0"/><element  tagCode="1" index="0"/><element  tagCode="873" index="0"/></path><children /></elmPos><mouseover t="38008" id="7" /><mousemove t="38008" x="643" y="326" /><mousemove t="38014" x="522" y="368" /><mousemove t="38025" x="475" y="388" /><mousemove t="38041" x="386" y="443" /><execextern t="38059" streamID="31" /><elmPos t="38062" id="8" x="67" y="290" h="390" w="260" ><path><element  tagCode="2884" index="2" id="wrapper"/><element  tagCode="2884" index="3" id="main" parentid="0"/><element  tagCode="2884" index="3" id="primary" parentid="1"/><element  tagCode="2884" index="0" parentid="2"/><element  tagCode="2884" index="0"/></path><children /></elmPos><mouseover t="38062" id="8" /><mousemove t="38062" x="324" y="484" /><elmPos t="38075" id="9" x="239" y="481" h="28" w="77" ><path><element  tagCode="2884" index="2" id="wrapper"/><element  tagCode="2884" index="3" id="main" parentid="0"/><element  tagCode="2884" index="3" id="primary" parentid="1"/><element  tagCode="2884" index="0" parentid="2"/><element  tagCode="2884" index="0"/><element  tagCode="2884" index="2" parentid="8"/><element  tagCode="117" index="0"/><element  tagCode="76" index="2"/><element  tagCode="1" index="0" id="swatch-4t"/></path><children /></elmPos><mouseover t="38075" id="9" /><mousemove t="38075" x="304" y="500" /><mousemove t="38091" x="299" y="503" /><mousemove t="38106" x="308" y="490" /><execextern t="38129" streamID="32" /><elmPos t="38131" id="10" x="67" y="290" h="390" w="291" ><path><element  tagCode="2884" index="2" id="wrapper"/><element  tagCode="2884" index="3" id="main" parentid="0"/><element  tagCode="2884" index="3" id="primary" parentid="1"/><element  tagCode="2884" index="0" parentid="2"/></path><children /></elmPos><mouseover t="38131" id="10" /><mousemove t="38131" x="334" y="419" /><mousemove t="38141" x="340" y="326" /><elmPos t="38159" id="1" x="67" y="218" h="2637" w="1215"><path><element  tagCode="2884" index="2" id="wrapper"/><element  tagCode="2884" index="3" id="main" parentid="0"/></path><children><child tagCode="2884" x="982" y="0" w="232" h="65" index="0" /><child tagCode="2884" x="0" y="15" w="206" h="17" index="1" /></children></elmPos><mouseover t="38159" id="1" /><mousemove t="38159" x="358" y="266" /><mousemove t="38175" x="392" y="226" /><elmPos t="38192" id="11" x="0" y="178" h="40" w="1349" ><path><element  tagCode="2884" index="2" id="wrapper"/><element  tagCode="2884" index="2" parentid="0"/><element  tagCode="2884" index="0"/><element  tagCode="2884" index="0"/><element  tagCode="2884" index="0" id="header-banner_for-remove"/></path><children /></elmPos><mouseover t="38192" id="11" /><mousemove t="38192" x="447" y="184" /><mouseout t="38207" /><tag t="38208">Action | Top Nav - Women</tag><execextern t="38216" streamID="33" /><elmPath t="38220" id="12"><path><element  tagCode="2884" index="2" id="wrapper"/><element  tagCode="2884" index="1" id="header" parentid="0"/></path></elmPath><elmPath t="38220" id="13"><path><element  tagCode="2884" index="2" id="wrapper"/><element  tagCode="2884" index="1" id="header" parentid="0"/><element  tagCode="40" index="0" parentid="12"/><element  tagCode="2884" index="2" id="navigation"/></path></elmPath><elmPath t="38220" id="14"><path><element  tagCode="2884" index="2" id="wrapper"/><element  tagCode="2884" index="1" id="header" parentid="0"/><element  tagCode="40" index="0" parentid="12"/><element  tagCode="2884" index="2" id="navigation"/><element  tagCode="2884" index="0" parentid="13"/><element  tagCode="2884" index="0"/><element  tagCode="2830" index="0"/><element  tagCode="117" index="0" id="navigation-menu"/></path></elmPath><elmPos t="38220" id="15" x="444" y="148" h="14" w="56" ><path><element  tagCode="2884" index="2" id="wrapper"/><element  tagCode="2884" index="1" id="header" parentid="0"/><element  tagCode="40" index="0" parentid="12"/><element  tagCode="2884" index="2" id="navigation"/><element  tagCode="2884" index="0" parentid="13"/><element  tagCode="2884" index="0"/><element  tagCode="2830" index="0"/><element  tagCode="117" index="0" id="navigation-menu"/><element  tagCode="76" index="1" parentid="14"/><element  tagCode="1" index="0" id="nav-womens"/></path><children /></elmPos><mouseover t="38220" id="15" /><mousemove t="38220" x="485" y="153" /><elmPos t="38244" id="14" x="0" y="132" h="46" w="1349"><path><element  tagCode="2884" index="2" id="wrapper"/><element  tagCode="2884" index="1" id="header" parentid="0"/><element  tagCode="40" index="0" parentid="12"/><element  tagCode="2884" index="2" id="navigation"/><element  tagCode="2884" index="0" parentid="13"/><element  tagCode="2884" index="0"/><element  tagCode="2830" index="0"/><element  tagCode="117" index="0" id="navigation-menu"/></path><children><child tagCode="76" x="335" y="16" w="30" h="14" index="0" /><child tagCode="76" x="445" y="16" w="54" h="14" index="1" /><child tagCode="76" x="578" y="16" w="32" h="14" index="2" /><child tagCode="76" x="690" y="16" w="40" h="14" index="3" /><child tagCode="76" x="811" y="16" w="91" h="14" index="4" /><child tagCode="76" x="981" y="16" w="32" h="14" index="5" /></children></elmPos><mouseover t="38245" id="14" /><mousemove t="38245" x="497" y="139" /><mousemove t="38308" x="496" y="142" /><mousemove t="38324" x="495" y="142" /><mousemove t="38341" x="496" y="143" /><mousemove t="38357" x="517" y="141" /><elmPos t="38375" id="16" x="0" y="72" h="106" w="1349" ><path><element  tagCode="2884" index="2" id="wrapper"/><element  tagCode="2884" index="1" id="header" parentid="0"/><element  tagCode="40" index="0" parentid="12"/><element  tagCode="2884" index="2" id="navigation"/><element  tagCode="2884" index="0" parentid="13"/><element  tagCode="2884" index="0"/><element  tagCode="2830" index="0"/></path><children><child tagCode="1" x="563" y="5" w="223" h="32" index="0" /></children></elmPos><mouseover t="38375" id="16" /><mousemove t="38375" x="567" y="126" /><elmPos t="38392" id="17" x="563" y="77" h="32" w="223" ><path><element  tagCode="2884" index="2" id="wrapper"/><element  tagCode="2884" index="1" id="header" parentid="0"/><element  tagCode="40" index="0" parentid="12"/><element  tagCode="2884" index="2" id="navigation"/><element  tagCode="2884" index="0" parentid="13"/><element  tagCode="2884" index="0"/><element  tagCode="2830" index="0"/><element  tagCode="1" index="0" parentid="16"/></path><children /></elmPos><mouseover t="38392" id="17" /><mousemove t="38392" x="613" y="104" /><mousemove t="38408" x="627" y="84" /><mouseover t="38425" id="16" /><mousemove t="38425" x="634" y="73" /><elmPath t="38442" id="18"><path><element  tagCode="2884" index="2" id="wrapper"/><element  tagCode="2884" index="1" id="header" parentid="0"/><element  tagCode="40" index="0" parentid="12"/><element  tagCode="2884" index="1" id="pre-header"/></path></elmPath><elmPos t="38442" id="19" x="0" y="42" h="37" w="1349" ><path><element  tagCode="2884" index="2" id="wrapper"/><element  tagCode="2884" index="1" id="header" parentid="0"/><element  tagCode="40" index="0" parentid="12"/><element  tagCode="2884" index="1" id="pre-header"/><element  tagCode="2884" index="0" parentid="18"/></path><children /></elmPos><mouseover t="38442" id="19" /><mousemove t="38442" x="643" y="48" /><elmPos t="38460" id="20" x="0" y="0" h="34" w="1349" ><path><element  tagCode="2884" index="2" id="wrapper"/><element  tagCode="2884" index="0" id="monetate_htmlCountdown_595bde1" parentid="0"/></path><children /></elmPos><mouseover t="38460" id="20" /><mousemove t="38460" x="658" y="20" /><mouseout t="38464" /><execextern t="38634" streamID="34" /><execextern t="38745" streamID="35" /><execextern t="66195" streamID="36" /><execextern t="66730" streamID="37" /><execextern t="117190" streamID="38" /><execextern t="117608" streamID="39" /><execextern t="168194" streamID="40" /><execextern t="168806" streamID="41" /><execextern t="219191" streamID="42" /><execextern t="219589" streamID="43" /><execextern t="270191" streamID="44" /><execextern t="270556" streamID="45" /><execextern t="321197" streamID="46" /><execextern t="321806" streamID="47" /><execextern t="372191" streamID="48" /><execextern t="372564" streamID="49" /><execextern t="423191" streamID="50" /><execextern t="424127" streamID="51" /><execextern t="474201" streamID="52" /><execextern t="474883" streamID="53" /><execextern t="525193" streamID="54" /><execextern t="525555" streamID="55" /><execextern t="576190" streamID="56" /><execextern t="576575" streamID="57" /><execextern t="627190" streamID="58" /><execextern t="627846" streamID="59" /><execextern t="678195" streamID="60" /><execextern t="678567" streamID="61" /><execextern t="729194" streamID="62" /><execextern t="729554" streamID="63" /><execextern t="780190" streamID="64" /><execextern t="780783" streamID="65" /><execextern t="831196" streamID="66" /><execextern t="831569" streamID="67" /><execextern t="882193" streamID="68" /><execextern t="882587" streamID="69" /><execextern t="933191" streamID="70" /><execextern t="933824" streamID="71" /><execextern t="984190" streamID="72" /><execextern t="984567" streamID="73" /><execextern t="1035189" streamID="74" /><execextern t="1035547" streamID="75" /><execextern t="1086193" streamID="76" /><execextern t="1087012" streamID="77" /><execextern t="1137196" streamID="78" /><execextern t="1137588" streamID="79" /><execextern t="1188189" streamID="80" /><execextern t="1188564" streamID="81" /><execextern t="1239191" streamID="82" /><execextern t="1239820" streamID="83" /><execextern t="1290193" streamID="84" /><execextern t="1290607" streamID="85" /><execextern t="1341191" streamID="86" /><execextern t="1341598" streamID="87" /><execextern t="1392192" streamID="88" /><execextern t="1393866" streamID="89" /><execextern t="1444190" streamID="90" /><execextern t="1444541" streamID="91" /><execextern t="1495192" streamID="92" /><execextern t="1495572" streamID="93" /><execextern t="1546190" streamID="94" /><execextern t="1546836" streamID="95" /><execextern t="1597191" streamID="96" /><execextern t="1597544" streamID="97" /><execextern t="1648189" streamID="98" /><execextern t="1649763" streamID="99" /><execextern t="1700210" streamID="100" /><execextern t="1700919" streamID="101" /><execextern t="1751196" streamID="102" /><execextern t="1751916" streamID="103" /><execextern t="1802192" streamID="104" /><execextern t="1802569" streamID="105" /><stop t="1812386" exitPause="200" /></recording>