{"VersionInfo":{"util":"2.9.0.7-a4f4a451","model":"2.9.0.13-25d4967c","parser":"2.9.0.13-7e06ccef","exporter":"2.9.0.13-015c9cec","pipe":"2.9.0.13-f78280e8"},"DeviceTypeID":1,"Device":"","OperatingSystem":"Windows","PhysicalDisplayHeight":null,"PhysicalDisplayWidth":null,"RecorderIsMobile":false,"IsTouch":false,"TapCount":0,"ZoomCount":0,"Campaign":null,"Content":null,"Medium":"Internal","Term":null,"ClientHeightFinal":657,"ClientHeightInitial":657,"ClientWidthFinal":1366,"ClientWidthInitial":1366,"SizeWndEndH":657,"SizeWndIniH":657,"SizeWndEndW":1366,"SizeWndIniW":1366,"LayoutViewportWidth":1349,"SizeScrW":1366,"SizeScrH":768,"TrueSizeScrH":768,"TrueSizeScrW":1366,"XMLSize":17119,"DSRSize":56749,"CountScrollX":0,"CountScrollY":0,"MaxScrollPercent":20,"SizeScrollH":3294,"SizeScrollW":1379,"PreviousSubmitIndication":null,"SubmitCount":0,"CountryCode":"GT","City":"El Salvador","Country":"Guatemala","Region":"Departamento de Huehuetenango","RegionCode":"HU","ActiveTime":20926,"Domain":"www.nautica.com","LanguageCode":"es-","Navigator":"Ch69","Platform":"Win32","BodyCheck":null,"HtmlCheck":null,"Version":16,"VersionMinor":15,"ClicksBelowFold":0,"ClicksOnLinkLikeElements":0,"ClicksOnNonLinkLikeElements":0,"Exposure":19,"WRAttemptedCounter":62,"WRCheckedCounter":62,"WRGlobalCounter":62,"WRRecordedCounter":49,"MessageCount":56,"MessagesSize":34914,"OriginalSID":1970331867922581,"SID":1970331867922581,"PID":94,"UID":1887198846042338,"SubscriberId":69859,"UserAgent":"Mozilla/5.0 (Windows NT 10.0; Win64; x64) AppleWebKit/537.36 (KHTML, like Gecko) Chrome/69.0.3497.100 Safari/537.36","PopulationType":null,"CountJSError":0,"CountNonClickTaleJsErrors":0,"JsErrors":[],"Tags":[{"TagName":"VE Onload | Page Type | category","TagTypeID":0},{"TagName":"VE Onload | Category | kids-boys-tees","TagTypeID":0},{"TagName":"CT2MappingTag_272_8376665776915672_6908123017700518_8205885407322364","TagTypeID":0},{"TagName":"Config: Release_20181008","TagTypeID":0},{"TagName":"VE | Onload - Nautica.com - kids-boys-tees-","TagTypeID":0},{"TagName":"Action | Top Nav - Women","TagTypeID":0},{"TagName":"VE | Onload - PLP page","TagTypeID":0}],"RecordingGUID":"6284d6c1-4c77-41a1-8fa7-7aad35f52cc5","Referrer":"https://www.nautica.com/sale-boys-2t-7/","ContentSourceID":2,"Location":"https://www.nautica.com/kids-boys-tees/?prefn1=size&prefv1=M%2810%2F12%29","FormCount":0,"ContentSize":222588,"HTMLSize":222588,"HtmlCharset":"UTF-8","WebpageHash":"JRdqhgMTM2uHdQIH3GG1Fevy26w=","CountMouseDown":0,"CountMouseMove":28,"ClientDate":1540329914428,"Length":1812386,"ProcessingDateTimeUtc":"2018-10-23 21:55:15.239","ProcessingDateTimeZone":"2018-10-23 15:55:15.239","ClientRecordingDateTimeUtc":"2018-10-23 21:25:14.428","ClientRecordingDateTimeZone":"2018-10-23 15:25:14.428","RecordingDate":1540329902994,"RecordingDateJs":1540329902994,"RecordingEndDate":1540331715380,"TimeDOMLoad":8505,"TimeExitPause":200,"TimeInit":11434,"TimeLoad":14677,"TimeStart":10444,"TimeToFirstClick":null,"TimeUnload":null,"TimeZone":-360,"Description":"","CreateDate":"2018-10-23T21:55:15.206","ErrorCount":0,"AuthenticationUnixTime":1540329913423,"OrientationChangeCount":0,"Source":"nautica.com","IP":"172.27.15.155","ClientDateTime":0,"TimeWebPageFetch":0,"CityID":null,"LocationID":-1,"DeviceID":null,"DomainID":null,"FetchURL":"","FullRecordingData":"","HttpCharset":"","ReferrerID":-1,"TrafficCampaignID":-1,"TrafficContentID":-1,"TrafficMediumID":-1,"TrafficSourceID":-1,"TrafficTermID":-1,"UserAgentID":-1,"CountryID":null,"RegionID":null, "cage_ip":"172.27.13.40", "cage_version":"2.2.31", "cage_time":1540331715344,"avroSize":4782,"avroCompressedSize":2570}