{"VersionInfo":{"util":"2.9.0.7-a4f4a451","model":"2.9.0.13-25d4967c","parser":"2.9.0.13-7e06ccef","exporter":"2.9.0.13-015c9cec","pipe":"2.9.0.13-f78280e8"},"DeviceTypeID":1,"Device":"","OperatingSystem":"Windows","PhysicalDisplayHeight":null,"PhysicalDisplayWidth":null,"RecorderIsMobile":false,"IsTouch":false,"TapCount":0,"ZoomCount":0,"Campaign":null,"Content":null,"Medium":"Organic search","Term":null,"ClientHeightFinal":969,"ClientHeightInitial":969,"ClientWidthFinal":1920,"ClientWidthInitial":1920,"SizeWndEndH":969,"SizeWndIniH":969,"SizeWndEndW":1920,"SizeWndIniW":1920,"LayoutViewportWidth":1903,"SizeScrW":1920,"SizeScrH":1080,"TrueSizeScrH":1080,"TrueSizeScrW":1920,"XMLSize":55630,"DSRSize":139657,"CountScrollX":0,"CountScrollY":152,"MaxScrollPercent":97,"SizeScrollH":4804,"SizeScrollW":1903,"PreviousSubmitIndication":null,"SubmitCount":0,"CountryCode":"CZ","City":"Brodek u Prerova","Country":"Czech Republic","Region":"Olomoucky kraj","RegionCode":"OL","ActiveTime":40025,"Domain":"www.nautica.com","LanguageCode":"cs-CZ","Navigator":"Ch70","Platform":"Win32","BodyCheck":null,"HtmlCheck":null,"Version":16,"VersionMinor":15,"ClicksBelowFold":1,"ClicksOnLinkLikeElements":1,"ClicksOnNonLinkLikeElements":0,"Exposure":62,"WRAttemptedCounter":1,"WRCheckedCounter":1,"WRGlobalCounter":1,"WRRecordedCounter":1,"MessageCount":29,"MessagesSize":15927,"OriginalSID":1971137992524434,"SID":1971137992524434,"PID":94,"UID":1971137992524434,"SubscriberId":69859,"UserAgent":"Mozilla/5.0 (Windows NT 10.0; Win64; x64) AppleWebKit/537.36 (KHTML, like Gecko) Chrome/70.0.3538.67 Safari/537.36","PopulationType":null,"CountJSError":0,"CountNonClickTaleJsErrors":0,"JsErrors":[],"Tags":[{"TagName":"CT2MappingTag_272_8925382823613682_4422419125960862_4340827813910292","TagTypeID":0},{"TagName":"VE Onload | Category | external site","TagTypeID":0},{"TagName":"Config: Release_20181008","TagTypeID":0}],"RecordingGUID":"4bcc13e2-218c-45b8-9cd0-ee2be931462b","Referrer":"https://www.google.cz/","ContentSourceID":2,"Location":"https://www.nautica.com/","FormCount":1,"ContentSize":246200,"HTMLSize":246200,"HtmlCharset":"UTF-8","WebpageHash":"8Ym/PsERJsORjNDSKfoX7gMmeXE=","CountMouseDown":1,"CountMouseMove":337,"ClientDate":1540379116184,"Length":37829,"ProcessingDateTimeUtc":"2018-10-24 11:05:46.500","ProcessingDateTimeZone":"2018-10-24 05:05:46.500","ClientRecordingDateTimeUtc":"2018-10-24 11:05:16.184","ClientRecordingDateTimeZone":"2018-10-24 05:05:16.184","RecordingDate":1540379106284,"RecordingDateJs":1540379106284,"RecordingEndDate":1540379144113,"TimeDOMLoad":6794,"TimeExitPause":200,"TimeInit":9900,"TimeLoad":10173,"TimeStart":5250,"TimeToFirstClick":12639,"TimeUnload":37829,"TimeZone":120,"Description":"","CreateDate":"2018-10-24T11:05:46.488","ErrorCount":0,"AuthenticationUnixTime":1540379115364,"OrientationChangeCount":0,"Source":"google.cz","IP":"172.27.15.155","ClientDateTime":0,"TimeWebPageFetch":0,"CityID":null,"LocationID":-1,"DeviceID":null,"DomainID":null,"FetchURL":"","FullRecordingData":"","HttpCharset":"","ReferrerID":-1,"TrafficCampaignID":-1,"TrafficContentID":-1,"TrafficMediumID":-1,"TrafficSourceID":-1,"TrafficTermID":-1,"UserAgentID":-1,"CountryID":null,"RegionID":null, "cage_ip":"172.27.13.40", "cage_version":"2.2.31", "cage_time":1540379146554,"avroSize":15103,"avroCompressedSize":6512}