<?xml version="1.0" encoding="utf-8"?><recording xmlns:xsd="http://www.w3.org/2001/XMLSchema" xmlns:xsi="http://www.w3.org/2001/XMLSchema-instance" ip=""  TrueSizeScrH="1080" TrueSizeScrW="1920" enriched="true" userAgent="Mozilla/5.0 (Windows NT 10.0; Win64; x64) AppleWebKit/537.36 (KHTML, like Gecko) Chrome/64.0.3282.140 Safari/537.36 Edge/17.17134" contentSource="stream" fetchFrom="" location="https://www.nautica.com/?e=19122172&amp;j=104144&amp;sfmc_sub=19122172&amp;l=45_HTML&amp;u=12624562&amp;mid=7279337&amp;jb=15=&amp;utm_source=exacttarget&amp;utm_medium=email&amp;utm_term=45&amp;utm_campaign=20181012_Rewards&amp;emid=YXpicmllZ2VyQGFvbC5jb20=" t="7176" navigator="ED17" platform="Win32" scrw="1920" scrh="1080" scrx="0" scry="0" scrDepth="24" itime="1540338553836" timeZone="-4" w="1920" h="963" cw="1920" ch="963" eventMask="383" cookieFlag="1" languageCode="en-US" uid="1893635807510573" uid2="0" referrer="" country="United States" countryCode="US" webPageHash="225258c9f4bbedae63a75c9b44ccf9b7d66133d0" version="16" length="9733" activeTime="10403" rtime="1540338551231" errorCount="0" messagesCount="25" messagesSize="51726" pid="94" sid="1970473505768064" tapCount="0" originalLocation="https://www.nautica.com/?e=19122172&amp;amp;j=104144&amp;amp;sfmc_sub=19122172&amp;amp;l=45_HTML&amp;amp;u=12624562&amp;amp;mid=7279337&amp;amp;jb=15=&amp;amp;utm_source=exacttarget&amp;amp;utm_medium=email&amp;amp;utm_term=45&amp;amp;utm_campaign=20181012_Rewards&amp;amp;emid=YXpicmllZ2VyQGFvbC5jb20=" sw="1920" sh="4802" pageContentSize="155358" recorderVersionMajor="16" recorderVersionMinor="15" historyLength="37" isClassifiedInThisSession="false" lh="963" lw="1904" orientation="0" isRecorderMobile="false" exposure="20" deviceType="1" operatingSystem="Windows" physicalDisplayHeight="0" physicalDisplayWidth="0" devicePixelRatio="1" globalPageviewCounter="167" attemptedPageviewCounter="167" checkedPageviewCounter="167" recordedPageviewCounter="166" clicksOnLinkLikeElements="1" clicksOnNonLinkLikeElements="0" clicksBelowFold="0" timeToFirstClick="8894"><tag t="6004">CT2MappingTag_272_7497822500763153_5269964624152251_1199531271962647</tag><start t="6005" /><tag t="6007">Config: Release_20181008</tag><execextern t="6007" streamID="7" /><domload t="6541" /><init t="7176" w="1920" h="963" cw="1920" ch="963" lw="1904" lh="963" orientation="0" /><elmPos t="7181" id="0" x="0" y="0" h="3822" w="1904" ><path></path><children><child tagCode="2884" x="0" y="15" w="1904" h="3807" index="1" /></children></elmPos><focus t="7181" id="0" /><stream t="6179" id="1" size="161740" /><uploadstream t="6279" streamID="1" /><elmPath t="6280" id="1"><path><element  tagCode="2884" index="1" id="wrapper"/></path></elmPath><elmPath t="6280" id="2"><path><element  tagCode="2884" index="1" id="wrapper"/><element  tagCode="2884" index="2" id="main-homepg" parentid="1"/></path></elmPath><elmPath t="6280" id="3"><path><element  tagCode="2884" index="1" id="wrapper"/><element  tagCode="2884" index="2" id="main-homepg" parentid="1"/><element  tagCode="2884" index="0" id="home-1-main" parentid="2"/></path></elmPath><elmPos t="6280" id="4" x="-10" y="275" h="77" w="1924" ><path><element  tagCode="2884" index="1" id="wrapper"/><element  tagCode="2884" index="2" id="main-homepg" parentid="1"/><element  tagCode="2884" index="0" id="home-1-main" parentid="2"/><element  tagCode="2884" index="0" parentid="3"/><element  tagCode="2884" index="0"/><element  tagCode="2884" index="0"/><element  tagCode="2884" index="0"/><element  tagCode="2884" index="0"/><element  tagCode="2884" index="0"/><element  tagCode="1" index="0"/><element  tagCode="2884" index="2"/></path><children /></elmPos><mouseover t="6280" id="4" /><mousemove t="6280" x="1327" y="308" /><execextern t="6298" streamID="8" /><stream t="6324" id="2" size="2421" /><execextern t="6324" streamID="2" /><mousemove t="6339" x="1326" y="308" /><mousemove t="6380" x="1325" y="307" /><tag t="6383">VE Onload | Category | campaign</tag><execextern t="6389" streamID="9" /><stream t="6394" id="3" size="3097" /><execextern t="6394" streamID="3" /><execextern t="6414" streamID="10" /><execextern t="6422" streamID="11" /><elmPath t="6428" id="2"><path><element  tagCode="2884" index="1" id="wrapper"/><element  tagCode="2884" index="3" id="main-homepg" parentid="1"/></path></elmPath><elmPath t="6428" id="3"><path><element  tagCode="2884" index="1" id="wrapper"/><element  tagCode="2884" index="3" id="main-homepg" parentid="1"/><element  tagCode="2884" index="0" id="home-1-main" parentid="2"/></path></elmPath><elmPath t="6428" id="4"><path><element  tagCode="2884" index="1" id="wrapper"/><element  tagCode="2884" index="3" id="main-homepg" parentid="1"/><element  tagCode="2884" index="0" id="home-1-main" parentid="2"/><element  tagCode="2884" index="0" parentid="3"/><element  tagCode="2884" index="0"/><element  tagCode="2884" index="0"/><element  tagCode="2884" index="0"/><element  tagCode="2884" index="0"/><element  tagCode="2884" index="0"/><element  tagCode="1" index="0"/><element  tagCode="2884" index="2"/></path></elmPath><elmPos t="6429" id="5" x="-10" y="206" h="180" w="1924" ><path><element  tagCode="2884" index="1" id="wrapper"/><element  tagCode="2884" index="3" id="main-homepg" parentid="1"/><element  tagCode="2884" index="0" id="home-1-main" parentid="2"/><element  tagCode="2884" index="0" parentid="3"/><element  tagCode="2884" index="0"/><element  tagCode="2884" index="0"/><element  tagCode="2884" index="0"/><element  tagCode="2884" index="0"/><element  tagCode="2884" index="0"/></path><children /></elmPos><mouseover t="6429" id="5" /><mousemove t="6429" x="1325" y="304" /><execextern t="6447" streamID="12" /><execextern t="6450" streamID="13" /><elmPos t="6456" id="6" x="-10" y="264" h="39" w="1924" ><path><element  tagCode="2884" index="1" id="wrapper"/><element  tagCode="2884" index="3" id="main-homepg" parentid="1"/><element  tagCode="2884" index="0" id="home-1-main" parentid="2"/><element  tagCode="2884" index="0" parentid="3"/><element  tagCode="2884" index="0"/><element  tagCode="2884" index="0"/><element  tagCode="2884" index="0"/><element  tagCode="2884" index="0"/><element  tagCode="2884" index="0"/><element  tagCode="1" index="0" parentid="5"/><element  tagCode="2884" index="1"/></path><children /></elmPos><mouseover t="6456" id="6" /><mousemove t="6456" x="1325" y="302" /><mousemove t="6457" x="1325" y="301" /><stream t="6479" id="4" size="8588" /><execextern t="6479" streamID="4" /><mousemove t="6506" x="1324" y="298" /><field t="6518" name="isMobile">false</field><stream t="6592" id="5" size="44281" /><execextern t="6592" streamID="5" /><execextern t="6610" streamID="14" /><mousemove t="6632" x="1324" y="296" /><execextern t="6648" streamID="15" /><stream t="6657" id="6" size="55062" /><execextern t="6657" streamID="6" /><execextern t="6685" streamID="16" /><mousemove t="6903" x="1324" y="295" /><mousemove t="6918" x="1325" y="295" /><mousemove t="6927" x="1326" y="294" /><mousemove t="6935" x="1329" y="293" /><mousemove t="6943" x="1334" y="292" /><mousemove t="6952" x="1339" y="291" /><mousemove t="6956" x="1346" y="291" /><mousemove t="6965" x="1354" y="289" /><mousemove t="6971" x="1364" y="284" /><mousemove t="6979" x="1382" y="279" /><mousemove t="6986" x="1404" y="278" /><mousemove t="6997" x="1431" y="273" /><mousemove t="7002" x="1456" y="270" /><mousemove t="7023" x="1508" y="264" /><elmPath t="7029" id="1"><path><element  tagCode="2884" index="2" id="wrapper"/></path></elmPath><elmPath t="7029" id="2"><path><element  tagCode="2884" index="2" id="wrapper"/><element  tagCode="2884" index="3" id="main-homepg" parentid="1"/></path></elmPath><elmPath t="7029" id="3"><path><element  tagCode="2884" index="2" id="wrapper"/><element  tagCode="2884" index="3" id="main-homepg" parentid="1"/><element  tagCode="2884" index="0" id="home-1-main" parentid="2"/></path></elmPath><elmPath t="7029" id="4"><path><element  tagCode="2884" index="2" id="wrapper"/><element  tagCode="2884" index="3" id="main-homepg" parentid="1"/><element  tagCode="2884" index="0" id="home-1-main" parentid="2"/><element  tagCode="2884" index="0" parentid="3"/><element  tagCode="2884" index="0"/><element  tagCode="2884" index="0"/><element  tagCode="2884" index="0"/><element  tagCode="2884" index="0"/><element  tagCode="2884" index="0"/><element  tagCode="1" index="0"/><element  tagCode="2884" index="2"/></path></elmPath><elmPath t="7029" id="5"><path><element  tagCode="2884" index="2" id="wrapper"/><element  tagCode="2884" index="3" id="main-homepg" parentid="1"/><element  tagCode="2884" index="0" id="home-1-main" parentid="2"/><element  tagCode="2884" index="0" parentid="3"/><element  tagCode="2884" index="0"/><element  tagCode="2884" index="0"/><element  tagCode="2884" index="0"/><element  tagCode="2884" index="0"/><element  tagCode="2884" index="0"/></path></elmPath><elmPath t="7029" id="6"><path><element  tagCode="2884" index="2" id="wrapper"/><element  tagCode="2884" index="3" id="main-homepg" parentid="1"/><element  tagCode="2884" index="0" id="home-1-main" parentid="2"/><element  tagCode="2884" index="0" parentid="3"/><element  tagCode="2884" index="0"/><element  tagCode="2884" index="0"/><element  tagCode="2884" index="0"/><element  tagCode="2884" index="0"/><element  tagCode="2884" index="0"/><element  tagCode="1" index="0" parentid="5"/><element  tagCode="2884" index="1"/></path></elmPath><mouseover t="7029" id="5" /><mousemove t="7029" x="1537" y="259" /><elmPos t="7036" id="7" x="-10" y="206" h="48" w="1924" ><path><element  tagCode="2884" index="2" id="wrapper"/><element  tagCode="2884" index="3" id="main-homepg" parentid="1"/><element  tagCode="2884" index="0" id="home-1-main" parentid="2"/><element  tagCode="2884" index="0" parentid="3"/><element  tagCode="2884" index="0"/><element  tagCode="2884" index="0"/><element  tagCode="2884" index="0"/><element  tagCode="2884" index="0"/><element  tagCode="2884" index="0"/><element  tagCode="1" index="0" parentid="5"/><element  tagCode="2884" index="0"/></path><children /></elmPos><mouseover t="7036" id="7" /><mousemove t="7036" x="1564" y="251" /><mousemove t="7043" x="1589" y="244" /><mousemove t="7051" x="1616" y="236" /><mousemove t="7059" x="1641" y="228" /><mousemove t="7067" x="1660" y="221" /><mousemove t="7075" x="1683" y="213" /><mousemove t="7083" x="1697" y="207" /><elmPos t="7095" id="8" x="-10" y="177" h="283" w="1924" ><path><element  tagCode="2884" index="2" id="wrapper"/><element  tagCode="2884" index="3" id="main-homepg" parentid="1"/><element  tagCode="2884" index="0" id="home-1-main" parentid="2"/><element  tagCode="2884" index="0" parentid="3"/><element  tagCode="2884" index="0"/><element  tagCode="2884" index="0"/><element  tagCode="2884" index="0"/><element  tagCode="1" index="0"/><element  tagCode="873" index="0"/></path><children /></elmPos><mouseover t="7095" id="8" /><mousemove t="7095" x="1708" y="202" /><mousemove t="7100" x="1719" y="197" /><mousemove t="7108" x="1728" y="192" /><mousemove t="7115" x="1735" y="188" /><mousemove t="7123" x="1741" y="183" /><mousemove t="7130" x="1745" y="179" /><elmPath t="7140" id="9"><path><element  tagCode="2884" index="2" id="wrapper"/><element  tagCode="2884" index="1" id="header" parentid="1"/></path></elmPath><elmPath t="7140" id="10"><path><element  tagCode="2884" index="2" id="wrapper"/><element  tagCode="2884" index="1" id="header" parentid="1"/><element  tagCode="40" index="0" parentid="9"/><element  tagCode="2884" index="2" id="navigation"/></path></elmPath><elmPos t="7141" id="11" x="0" y="131" h="46" w="1904" ><path><element  tagCode="2884" index="2" id="wrapper"/><element  tagCode="2884" index="1" id="header" parentid="1"/><element  tagCode="40" index="0" parentid="9"/><element  tagCode="2884" index="2" id="navigation"/><element  tagCode="2884" index="0" parentid="10"/><element  tagCode="2884" index="0"/><element  tagCode="2830" index="0"/><element  tagCode="117" index="0" id="navigation-menu"/></path><children><child tagCode="76" x="613" y="16" w="30" h="14" index="0" /><child tagCode="76" x="723" y="16" w="53" h="14" index="1" /><child tagCode="76" x="857" y="16" w="30" h="14" index="2" /><child tagCode="76" x="967" y="16" w="40" h="14" index="3" /><child tagCode="76" x="1087" y="16" w="91" h="14" index="4" /><child tagCode="76" x="1258" y="16" w="32" h="14" index="5" /></children></elmPos><mouseover t="7141" id="11" /><mousemove t="7141" x="1749" y="176" /><mousemove t="7147" x="1751" y="173" /><mousemove t="7155" x="1753" y="171" /><mousemove t="7162" x="1753" y="169" /><mousemove t="7170" x="1754" y="167" /><mousemove t="7179" x="1755" y="166" /><mousemove t="7187" x="1755" y="164" /><mousemove t="7195" x="1756" y="162" /><mousemove t="7202" x="1757" y="161" /><mousemove t="7211" x="1759" y="159" /><mousemove t="7218" x="1761" y="157" /><mousemove t="7227" x="1764" y="155" /><mousemove t="7234" x="1766" y="151" /><mousemove t="7242" x="1770" y="149" /><mousemove t="7251" x="1772" y="147" /><mousemove t="7258" x="1775" y="144" /><mousemove t="7266" x="1778" y="141" /><mousemove t="7274" x="1782" y="139" /><mousemove t="7282" x="1785" y="135" /><mousemove t="7290" x="1788" y="133" /><elmPos t="7299" id="12" x="0" y="71" h="106" w="1904" ><path><element  tagCode="2884" index="2" id="wrapper"/><element  tagCode="2884" index="1" id="header" parentid="1"/><element  tagCode="40" index="0" parentid="9"/><element  tagCode="2884" index="2" id="navigation"/><element  tagCode="2884" index="0" parentid="10"/><element  tagCode="2884" index="0"/><element  tagCode="2830" index="0"/></path><children><child tagCode="1" x="840" y="5" w="223" h="32" index="0" /></children></elmPos><mouseover t="7299" id="12" /><mousemove t="7299" x="1791" y="130" /><mousemove t="7307" x="1795" y="126" /><mousemove t="7314" x="1798" y="124" /><mousemove t="7323" x="1802" y="121" /><mousemove t="7330" x="1804" y="119" /><mousemove t="7339" x="1807" y="118" /><mousemove t="7346" x="1809" y="117" /><mousemove t="7355" x="1810" y="115" /><mousemove t="7363" x="1812" y="114" /><mousemove t="7371" x="1814" y="111" /><mousemove t="7379" x="1817" y="111" /><mousemove t="7387" x="1817" y="109" /><mousemove t="7395" x="1819" y="108" /><mousemove t="7403" x="1820" y="107" /><execextern t="7438" streamID="17" /><execextern t="7459" streamID="18" /><execextern t="7463" streamID="19" /><load t="7466" w="1920" h="963" cw="1920" ch="963" sw="1904" sh="4802" lw="1904" lh="963" orientation="0" /><mousemove t="7469" x="1821" y="107" /><mousemove t="7470" x="1826" y="102" /><mousemove t="7480" x="1827" y="101" /><mousemove t="7483" x="1827" y="100" /><mousemove t="7490" x="1829" y="99" /><mousemove t="7498" x="1830" y="98" /><mousemove t="7507" x="1831" y="96" /><mousemove t="7514" x="1833" y="94" /><mousemove t="7522" x="1835" y="93" /><mousemove t="7610" x="1837" y="91" /><execextern t="7619" streamID="20" /><mousemove t="7622" x="1852" y="77" /><mousemove t="7623" x="1853" y="76" /><mousemove t="7634" x="1854" y="75" /><mousemove t="7691" x="1855" y="74" /><mousemove t="7707" x="1856" y="73" /><mousemove t="7715" x="1857" y="73" /><mousemove t="7731" x="1858" y="72" /><mouseout t="7738" /><elmPath t="7740" id="13"><path><element  tagCode="2884" index="2" id="wrapper"/><element  tagCode="2884" index="1" id="header" parentid="1"/><element  tagCode="40" index="0" parentid="9"/><element  tagCode="2884" index="1" id="pre-header"/></path></elmPath><elmPos t="7740" id="14" x="1854" y="42" h="37" w="30" ><path><element  tagCode="2884" index="2" id="wrapper"/><element  tagCode="2884" index="1" id="header" parentid="1"/><element  tagCode="40" index="0" parentid="9"/><element  tagCode="2884" index="1" id="pre-header"/><element  tagCode="2884" index="0" parentid="13"/><element  tagCode="117" index="1"/><element  tagCode="76" index="3"/></path><children /></elmPos><mouseover t="7740" id="14" /><mousemove t="7740" x="1858" y="71" /><execextern t="7744" streamID="21" /><mousemove t="7753" x="1860" y="71" /><mousemove t="7755" x="1860" y="70" /><mousemove t="7763" x="1861" y="70" /><mousemove t="7771" x="1863" y="68" /><elmPos t="7788" id="15" x="1864" y="42" h="28" w="20" ><path><element  tagCode="2884" index="2" id="wrapper"/><element  tagCode="2884" index="1" id="header" parentid="1"/><element  tagCode="40" index="0" parentid="9"/><element  tagCode="2884" index="1" id="pre-header"/><element  tagCode="2884" index="0" parentid="13"/><element  tagCode="117" index="1"/><element  tagCode="76" index="3"/><element  tagCode="1" index="0" parentid="14"/><element  tagCode="147" index="0"/><element  tagCode="873" index="0"/></path><children /></elmPos><mouseover t="7788" id="15" /><mousemove t="7788" x="1865" y="66" /><mousemove t="7797" x="1866" y="65" /><mousemove t="7803" x="1867" y="64" /><mousemove t="7849" x="1869" y="61" /><mousemove t="7910" x="1870" y="60" /><execextern t="7915" streamID="22" /><execextern t="7918" streamID="23" /><mousemove t="7997" x="1870" y="59" /><mousemove t="8006" x="1871" y="58" /><execextern t="8072" streamID="24" /><mousemove t="8076" x="1872" y="58" /><execextern t="8081" streamID="25" /><execextern t="8451" streamID="26" /><mousedown t="8614" x="1872" y="58" b="1" /><elmPos t="8631" id="16" x="1864" y="42" h="37" w="20" ><path><element  tagCode="2884" index="2" id="wrapper"/><element  tagCode="2884" index="1" id="header" parentid="1"/><element  tagCode="40" index="0" parentid="9"/><element  tagCode="2884" index="1" id="pre-header"/><element  tagCode="2884" index="0" parentid="13"/><element  tagCode="117" index="1"/><element  tagCode="76" index="3"/><element  tagCode="1" index="0" parentid="14"/></path><children /></elmPos><focus t="8633" id="16" /><tag t="8791">VE Action | Top Banner | Element Clicked</tag><tag t="8799">VE Action | Top Banner | 0        Your Bag  You have
3 items in your cart  Close           Big &amp; Tall Classic Fit Long Sleeve Button Down    $59.99  $29.99     Color:  True Navy    Size:  1XL    Qty:  1            Ribbed Quarter-Zip Sweater    $59.50  $29.75     Color:  Royal Burgundy    Size:  XL    Qty:  1            Catharpin Gusset Wallet    $39.49  $19.74     Color:  Brown Stone    Size:  One Size    Qty:  1         3 items in your bag   Subtotal  $79.48    Checkout     FREE Shipping on all US orders $50+!     Clicked</tag><tag t="8815">VE | Action | Top Bar - interacted with Top Bar</tag><tag t="8841">VE Action | All Pages | Clicked on cart</tag><mouseup t="8855" x="1872" y="58" b="1" /><execextern t="8890" streamID="27" /><execextern t="8893" streamID="28" /><elmPath t="8894" id="15"><path><element  tagCode="2884" index="2" id="wrapper"/><element  tagCode="2884" index="1" id="header" parentid="1"/><element  tagCode="40" index="0" parentid="9"/><element  tagCode="2884" index="1" id="pre-header"/><element  tagCode="2884" index="0" parentid="13"/><element  tagCode="117" index="1"/><element  tagCode="76" index="3"/><element  tagCode="1" index="0" parentid="14"/><element  tagCode="147" index="0" parentid="16"/><element  tagCode="873" index="0"/></path></elmPath><click t="8894" id="15" /><link t="8896" id="16" url="https://www.nautica.com/cart" /><execextern t="8966" streamID="29" /><mousemove t="8981" x="1871" y="58" /><mousemove t="8990" x="1871" y="59" /><mousemove t="8997" x="1870" y="59" /><mousemove t="9006" x="1868" y="60" /><mousemove t="9012" x="1867" y="61" /><mousemove t="9022" x="1865" y="64" /><mouseover t="9031" id="14" /><mousemove t="9031" x="1862" y="66" /><mousemove t="9038" x="1859" y="68" /><mousemove t="9044" x="1855" y="71" /><execextern t="9056" streamID="30" /><mouseover t="9059" id="12" /><mousemove t="9059" x="1852" y="75" /><mousemove t="9062" x="1847" y="78" /><mousemove t="9069" x="1841" y="84" /><mousemove t="9076" x="1833" y="89" /><mousemove t="9085" x="1825" y="95" /><mousemove t="9093" x="1814" y="101" /><mousemove t="9100" x="1799" y="108" /><mousemove t="9110" x="1781" y="116" /><mousemove t="9116" x="1764" y="125" /><elmPath t="9125" id="11"><path><element  tagCode="2884" index="2" id="wrapper"/><element  tagCode="2884" index="1" id="header" parentid="1"/><element  tagCode="40" index="0" parentid="9"/><element  tagCode="2884" index="2" id="navigation"/><element  tagCode="2884" index="0" parentid="10"/><element  tagCode="2884" index="0"/><element  tagCode="2830" index="0"/><element  tagCode="117" index="0" id="navigation-menu" parentid="12"/></path></elmPath><mouseover t="9125" id="11" /><mousemove t="9125" x="1740" y="137" /><mousemove t="9132" x="1712" y="147" /><mousemove t="9141" x="1690" y="156" /><mousemove t="9148" x="1658" y="172" /><mouseover t="9159" id="8" /><mousemove t="9159" x="1626" y="180" /><mousemove t="9164" x="1598" y="192" /><mousemove t="9172" x="1571" y="205" /><mouseover t="9182" id="7" /><mousemove t="9182" x="1546" y="216" /><mousemove t="9188" x="1520" y="227" /><mousemove t="9197" x="1499" y="238" /><mousemove t="9206" x="1476" y="249" /><mouseover t="9214" id="5" /><mousemove t="9214" x="1458" y="258" /><mouseover t="9222" id="6" /><mousemove t="9222" x="1441" y="265" /><mousemove t="9229" x="1429" y="274" /><mousemove t="9236" x="1417" y="286" /><mousemove t="9244" x="1405" y="295" /><mousemove t="9254" x="1394" y="302" /><mouseover t="9261" id="5" /><mousemove t="9261" x="1382" y="308" /><elmPath t="9269" id="4"><path><element  tagCode="2884" index="2" id="wrapper"/><element  tagCode="2884" index="3" id="main-homepg" parentid="1"/><element  tagCode="2884" index="0" id="home-1-main" parentid="2"/><element  tagCode="2884" index="0" parentid="3"/><element  tagCode="2884" index="0"/><element  tagCode="2884" index="0"/><element  tagCode="2884" index="0"/><element  tagCode="2884" index="0"/><element  tagCode="2884" index="0"/><element  tagCode="1" index="0" parentid="5"/><element  tagCode="2884" index="2"/></path></elmPath><elmPos t="9269" id="4" x="-10" y="309" h="77" w="1924" ><children /></elmPos><mouseover t="9270" id="4" /><mousemove t="9270" x="1371" y="315" /><mousemove t="9278" x="1359" y="322" /><mousemove t="9285" x="1346" y="329" /><mousemove t="9294" x="1330" y="337" /><mousemove t="9301" x="1317" y="345" /><mousemove t="9308" x="1306" y="352" /><mousemove t="9317" x="1294" y="358" /><mousemove t="9325" x="1285" y="364" /><mousemove t="9332" x="1277" y="371" /><mousemove t="9341" x="1271" y="375" /><mousemove t="9348" x="1265" y="378" /><mousemove t="9357" x="1259" y="381" /><mousemove t="9364" x="1256" y="383" /><mousemove t="9373" x="1254" y="385" /><mouseover t="9382" id="8" /><mousemove t="9382" x="1252" y="388" /><mousemove t="9389" x="1251" y="388" /><mousemove t="9396" x="1250" y="389" /><mousemove t="9405" x="1250" y="390" /><mousemove t="9414" x="1250" y="391" /><mousemove t="9420" x="1249" y="391" /><mousemove t="9446" x="1249" y="393" /><mousemove t="9454" x="1248" y="394" /><mousemove t="9463" x="1248" y="395" /><mousemove t="9470" x="1247" y="395" /><mousemove t="9479" x="1247" y="396" /><mousemove t="9486" x="1247" y="398" /><mousemove t="9502" x="1247" y="399" /><unload t="9733" exitPause="200" /></recording>