{"VersionInfo":{"util":"2.9.0.7-a4f4a451","model":"2.9.0.13-25d4967c","parser":"2.9.0.13-7e06ccef","exporter":"2.9.0.13-015c9cec","pipe":"2.9.0.13-f78280e8"},"DeviceTypeID":1,"Device":"","OperatingSystem":"Windows","PhysicalDisplayHeight":null,"PhysicalDisplayWidth":null,"RecorderIsMobile":false,"IsTouch":false,"TapCount":0,"ZoomCount":0,"Campaign":"20181012_Rewards","Content":null,"Medium":"email","Term":"45","ClientHeightFinal":963,"ClientHeightInitial":963,"ClientWidthFinal":1920,"ClientWidthInitial":1920,"SizeWndEndH":963,"SizeWndIniH":963,"SizeWndEndW":1920,"SizeWndIniW":1920,"LayoutViewportWidth":1904,"SizeScrW":1920,"SizeScrH":1080,"TrueSizeScrH":1080,"TrueSizeScrW":1920,"XMLSize":23135,"DSRSize":159217,"CountScrollX":0,"CountScrollY":0,"MaxScrollPercent":20,"SizeScrollH":4802,"SizeScrollW":1904,"PreviousSubmitIndication":null,"SubmitCount":0,"CountryCode":"US","City":null,"Country":"United States","Region":null,"RegionCode":null,"ActiveTime":10403,"Domain":"www.nautica.com","LanguageCode":"en-US","Navigator":"ED17","Platform":"Win32","BodyCheck":null,"HtmlCheck":null,"Version":16,"VersionMinor":15,"ClicksBelowFold":0,"ClicksOnLinkLikeElements":1,"ClicksOnNonLinkLikeElements":0,"Exposure":20,"WRAttemptedCounter":167,"WRCheckedCounter":167,"WRGlobalCounter":167,"WRRecordedCounter":166,"MessageCount":25,"MessagesSize":14510,"OriginalSID":1970473505768064,"SID":1970473505768064,"PID":94,"UID":1893635807510573,"SubscriberId":69859,"UserAgent":"Mozilla/5.0 (Windows NT 10.0; Win64; x64) AppleWebKit/537.36 (KHTML, like Gecko) Chrome/64.0.3282.140 Safari/537.36 Edge/17.17134","PopulationType":null,"CountJSError":0,"CountNonClickTaleJsErrors":0,"JsErrors":[],"Tags":[{"TagName":"CT2MappingTag_272_7497822500763153_5269964624152251_1199531271962647","TagTypeID":0},{"TagName":"Config: Release_20181008","TagTypeID":0},{"TagName":"VE Onload | Category | campaign","TagTypeID":0},{"TagName":"VE Action | All Pages | Clicked on cart","TagTypeID":0},{"TagName":"VE Action | Top Banner | 0        Your Bag  You have\n3 items in your cart  Close           Big & Tall Classic Fit Long Sleeve Button Down    $59.99  $29.99     Color:  True Navy    Size:  1XL    Qty:  1            Ribbed Quarter-Zip Sweater    $59.50  $29.75     Color:  Royal Burgundy    Size:  XL    Qty:  1            Catharpin Gusset Wallet    $39.49  $19.74     Color:  Brown Stone    Size:  One Size    Qty:  1         3 items in your bag   Subtotal  $79.48    Checkout     FREE Shipping on all US orders $50+!     Clicked","TagTypeID":0},{"TagName":"VE Action | Top Banner | Element Clicked","TagTypeID":0},{"TagName":"VE | Action | Top Bar - interacted with Top Bar","TagTypeID":0}],"RecordingGUID":"4fb8ea25-1404-44e1-b51c-c3cf90d95f67","Referrer":null,"ContentSourceID":2,"Location":"https://www.nautica.com/?e=19122172&j=104144&sfmc_sub=19122172&l=45_HTML&u=12624562&mid=7279337&jb=15=&utm_source=exacttarget&utm_medium=email&utm_term=45&utm_campaign=20181012_Rewards&emid=YXpicmllZ2VyQGFvbC5jb20=","FormCount":0,"ContentSize":155358,"HTMLSize":155358,"HtmlCharset":"UTF-8","WebpageHash":"IlJYyfS77a5jp1ybRMz5t9ZhM9A=","CountMouseDown":1,"CountMouseMove":163,"ClientDate":1540338558407,"Length":9733,"ProcessingDateTimeUtc":"2018-10-23 23:49:21.857","ProcessingDateTimeZone":"2018-10-23 17:49:21.857","ClientRecordingDateTimeUtc":"2018-10-23 23:49:18.407","ClientRecordingDateTimeZone":"2018-10-23 17:49:18.407","RecordingDate":1540338551231,"RecordingDateJs":1540338551231,"RecordingEndDate":1540338560964,"TimeDOMLoad":6541,"TimeExitPause":200,"TimeInit":7176,"TimeLoad":7466,"TimeStart":6005,"TimeToFirstClick":8894,"TimeUnload":9733,"TimeZone":-240,"Description":"","CreateDate":"2018-10-23T23:49:21.846","ErrorCount":0,"AuthenticationUnixTime":1540338558311,"OrientationChangeCount":0,"Source":"exacttarget","IP":"172.27.15.155","ClientDateTime":0,"TimeWebPageFetch":0,"CityID":null,"LocationID":-1,"DeviceID":null,"DomainID":null,"FetchURL":"","FullRecordingData":"","HttpCharset":"","ReferrerID":-1,"TrafficCampaignID":-1,"TrafficContentID":-1,"TrafficMediumID":-1,"TrafficSourceID":-1,"TrafficTermID":-1,"UserAgentID":-1,"CountryID":null,"RegionID":null, "cage_ip":"172.27.13.40", "cage_version":"2.2.31", "cage_time":1540338561900,"avroSize":6796,"avroCompressedSize":3444}