{"VersionInfo":{"util":"2.9.0.7-a4f4a451","model":"2.9.0.13-25d4967c","parser":"2.9.0.13-7e06ccef","exporter":"2.9.0.13-015c9cec","pipe":"2.9.0.13-f78280e8"},"DeviceTypeID":1,"Device":"","OperatingSystem":"Windows","PhysicalDisplayHeight":null,"PhysicalDisplayWidth":null,"RecorderIsMobile":false,"IsTouch":false,"TapCount":0,"ZoomCount":0,"Campaign":null,"Content":null,"Medium":"Internal","Term":null,"ClientHeightFinal":969,"ClientHeightInitial":969,"ClientWidthFinal":1920,"ClientWidthInitial":1920,"SizeWndEndH":969,"SizeWndIniH":969,"SizeWndEndW":1920,"SizeWndIniW":1920,"LayoutViewportWidth":1903,"SizeScrW":1920,"SizeScrH":1080,"TrueSizeScrH":1080,"TrueSizeScrW":1920,"XMLSize":55669,"DSRSize":176980,"CountScrollX":0,"CountScrollY":154,"MaxScrollPercent":58,"SizeScrollH":5506,"SizeScrollW":1903,"PreviousSubmitIndication":null,"SubmitCount":0,"CountryCode":"US","City":"Gaffney","Country":"United States","Region":"South Carolina","RegionCode":"SC","ActiveTime":46934,"Domain":"www.nautica.com","LanguageCode":"en-US","Navigator":"Ch69","Platform":"Win32","BodyCheck":null,"HtmlCheck":null,"Version":16,"VersionMinor":15,"ClicksBelowFold":1,"ClicksOnLinkLikeElements":1,"ClicksOnNonLinkLikeElements":0,"Exposure":58,"WRAttemptedCounter":18,"WRCheckedCounter":18,"WRGlobalCounter":18,"WRRecordedCounter":18,"MessageCount":66,"MessagesSize":49022,"OriginalSID":1971255077143187,"SID":1971255077143187,"PID":94,"UID":1971164198060149,"SubscriberId":69859,"UserAgent":"Mozilla/5.0 (Windows NT 6.3; Win64; x64) AppleWebKit/537.36 (KHTML, like Gecko) Chrome/69.0.3497.100 Safari/537.36","PopulationType":null,"CountJSError":0,"CountNonClickTaleJsErrors":0,"JsErrors":[],"Tags":[{"TagName":"VE | Onload - Nautica.com - kids-boys-shirts-sweaters-","TagTypeID":0},{"TagName":"VE Onload | Page Type | category","TagTypeID":0},{"TagName":"VE Onload | Category | kids-boys-shirts-sweaters","TagTypeID":0},{"TagName":"CT2MappingTag_272_5384983418257308_3895301372143560_6354592751930852","TagTypeID":0},{"TagName":"Config: Release_20181024","TagTypeID":0},{"TagName":"VE Action | PLP | Clicked Any Product","TagTypeID":0},{"TagName":"VE | Onload - PLP page","TagTypeID":0}],"RecordingGUID":"babafd39-2a10-45f4-b632-b29931ee4df2","Referrer":"https://www.nautica.com/?utm_source=rakuten&utm_medium=retargeting&utm_campaign=nautica&rd_eid=ea44987b-47af-452e-9929-3bf24a87ccac&rdmid=4822&rdadid=6128970","ContentSourceID":2,"Location":"https://www.nautica.com/kids-boys-shirts-sweaters/#uuid=abebc708058b4ca40e9537dfb6","FormCount":0,"ContentSize":233970,"HTMLSize":233970,"HtmlCharset":"UTF-8","WebpageHash":"/oSxFoeY1ZBRA9a1M7gN0td7oc4=","CountMouseDown":1,"CountMouseMove":348,"ClientDate":1540386262868,"Length":186795,"ProcessingDateTimeUtc":"2018-10-24 13:07:23.832","ProcessingDateTimeZone":"2018-10-24 07:07:23.832","ClientRecordingDateTimeUtc":"2018-10-24 13:04:22.868","ClientRecordingDateTimeZone":"2018-10-24 07:04:22.868","RecordingDate":1540386257044,"RecordingDateJs":1540386257044,"RecordingEndDate":1540386443839,"TimeDOMLoad":3316,"TimeExitPause":200,"TimeInit":5824,"TimeLoad":10036,"TimeStart":4639,"TimeToFirstClick":186100,"TimeUnload":186795,"TimeZone":-420,"Description":"","CreateDate":"2018-10-24T13:07:23.816","ErrorCount":0,"AuthenticationUnixTime":1540386261642,"OrientationChangeCount":0,"Source":"nautica.com","IP":"172.27.15.155","ClientDateTime":0,"TimeWebPageFetch":0,"CityID":null,"LocationID":-1,"DeviceID":null,"DomainID":null,"FetchURL":"","FullRecordingData":"","HttpCharset":"","ReferrerID":-1,"TrafficCampaignID":-1,"TrafficContentID":-1,"TrafficMediumID":-1,"TrafficSourceID":-1,"TrafficTermID":-1,"UserAgentID":-1,"CountryID":null,"RegionID":null, "cage_ip":"172.27.13.40", "cage_version":"2.2.31", "cage_time":1540386443891,"avroSize":16044,"avroCompressedSize":6985}