<?xml version="1.0" encoding="utf-8"?><recording xmlns:xsd="http://www.w3.org/2001/XMLSchema" xmlns:xsi="http://www.w3.org/2001/XMLSchema-instance" machine="WIN-9S1CHG83531" procIp="172.27.13.155" procVersion="1.0.1.157" ip="" userAgent="Mozilla/5.0 (Windows NT 10.0; Win64; x64) AppleWebKit/537.36 (KHTML, like Gecko) Chrome/70.0.3538.67 Safari/537.36" contentSource="stream" fetchFrom="" location="https://www.nautica.com/" t="9900" navigator="Ch70" platform="Win32" scrw="1920" scrh="1080" scrx="0" scry="0" scrDepth="24" itime="1540379112162" timeZone="2" w="1920" h="969" cw="1920" ch="969" eventMask="383" cookieFlag="1" languageCode="cs-CZ" uid="1971137992524434" uid2="0" referrer="https://www.google.cz/" country="Czech Republic" countryCode="CZ" webPageHash="b44a071c490b86530018bb15616c19a33aa58945" version="16" length="37829" activeTime="40025" rtime="1540379115364" errorCount="0" messagesCount="29" messagesSize="74779" pid="94" sid="1971137992524434" tapCount="0" originalLocation="https://www.nautica.com/" enriched="true" TrueSizeScrW="1920" TrueSizeScrH="1080" sw="1920" sh="4804" pageContentSize="246210" recorderVersionMajor="16" recorderVersionMinor="15" historyLength="3" isClassifiedInThisSession="true" lh="969" lw="1903" orientation="0" isRecorderMobile="false" exposure="62" deviceType="1" operatingSystem="Windows" devicePixelRatio="1" globalPageviewCounter="1" attemptedPageviewCounter="1" checkedPageviewCounter="1" recordedPageviewCounter="1" clicksOnLinkLikeElements="1" clicksOnNonLinkLikeElements="0" clicksBelowFold="0" timeToFirstClick="12639" ><tag t="5248">CT2MappingTag_272_8925382823613682_4422419125960862_4340827813910292</tag><start t="5250" /><tag t="5251">Config: Release_20181008</tag><execextern t="5251" streamID="9" /><domload t="6794" /><init t="9900" w="1920" h="969" cw="1920" ch="969" lw="1903" lh="969" orientation="0" /><scrolly t="9901" y="934" /><elmPos t="9904" id="0" x="0" y="0" h="4337" w="1903" ><path></path><children><child tagCode="2884" x="0" y="122" w="1903" h="4215" index="1" /></children></elmPos><focus t="9904" id="0" /><field t="6817" name="isMobile">false</field><tag t="6817">VE Onload | Category | external site</tag><stream t="6883" id="1" size="246163" /><uploadstream t="6884" streamID="1" /><elmPath t="6893" id="1"><path><element tagCode="2884" index="1" id="wrapper" /></path></elmPath><elmPath t="6893" id="2"><path><element tagCode="2884" index="1" id="wrapper" /><element tagCode="2884" index="3" id="main-homepg" parentid="1" /></path></elmPath><elmPath t="6893" id="3"><path><element tagCode="2884" index="1" id="wrapper" /><element tagCode="2884" index="3" id="main-homepg" parentid="1" /><element tagCode="2884" index="0" id="home-1-main" parentid="2" /></path></elmPath><elmPos t="6893" id="4" x="1419" y="1160" h="442" w="442" ><path><element tagCode="2884" index="1" id="wrapper" /><element tagCode="2884" index="3" id="main-homepg" parentid="1" /><element tagCode="2884" index="0" id="home-1-main" parentid="2" /><element tagCode="2884" index="0" parentid="3" /><element tagCode="2884" index="0" /><element tagCode="2884" index="0" /><element tagCode="2884" index="2" /><element tagCode="2884" index="0" /><element tagCode="2884" index="3" /><element tagCode="1" index="0" /><element tagCode="873" index="0" /></path><children /></elmPos><mouseover t="6893" id="4" /><mousemove t="6893" x="1811" y="510"  /><mousemove t="6900" x="1798" y="513"  /><scrolly t="6906" y="937" /><mousemove t="6920" x="1777" y="519"  /><mousemove t="6921" x="1767" y="521"  /><scrolly t="6921" y="992" /><mousemove t="6935" x="1753" y="525"  /><scrolly t="6936" y="1064" /><mousemove t="6953" x="1747" y="528"  /><scrolly t="6954" y="1180" /><elmPos t="6971" id="5" x="-10" y="156" h="3241" w="1923" ><path><element tagCode="2884" index="1" id="wrapper" /><element tagCode="2884" index="3" id="main-homepg" parentid="1" /><element tagCode="2884" index="0" id="home-1-main" parentid="2" /><element tagCode="2884" index="0" parentid="3" /><element tagCode="2884" index="0" /><element tagCode="2884" index="0" /></path><children><child tagCode="2884" x="0" y="2187" w="1923" h="449" index="4" /></children></elmPos><mouseover t="6971" id="5" /><mousemove t="6971" x="1746" y="529"  /><scrolly t="6972" y="1311" /><elmPos t="6987" id="6" x="-10" y="1739" h="604" w="1923" ><path><element tagCode="2884" index="1" id="wrapper" /><element tagCode="2884" index="3" id="main-homepg" parentid="1" /><element tagCode="2884" index="0" id="home-1-main" parentid="2" /><element tagCode="2884" index="0" parentid="3" /><element tagCode="2884" index="0" /><element tagCode="2884" index="0" /><element tagCode="2884" index="3" parentid="5" /><element tagCode="1" index="0" /><element tagCode="873" index="0" /></path><children /></elmPos><mouseover t="6987" id="6" /><mousemove t="6987" x="1744" y="530"  /><scrolly t="6988" y="1429" /><mousemove t="7001" x="1739" y="530"  /><scrolly t="7004" y="1504" /><mousemove t="7019" x="1732" y="530"  /><scrolly t="7020" y="1533" /><mousemove t="7037" x="1723" y="530"  /><scrolly t="7037" y="1534" /><mousemove t="7054" x="1710" y="530"  /><mousemove t="7070" x="1693" y="530"  /><mousemove t="7087" x="1673" y="530"  /><mousemove t="7103" x="1649" y="530"  /><mousemove t="7120" x="1622" y="530"  /><mousemove t="7136" x="1593" y="530"  /><stream t="7158" id="2" size="7266" /><execextern t="7158" streamID="2" /><elmPath t="7173" id="7"><path><element tagCode="2884" index="0" id="monetate_lightbox" /></path></elmPath><elmPos t="7173" id="8" x="0" y="1534" h="5969" w="1903" ><path><element tagCode="2884" index="0" id="monetate_lightbox" /><element tagCode="2884" index="0" id="monetate_lightbox_mask" parentid="7" /></path><children /></elmPos><mouseover t="7173" id="8" /><mousemove t="7173" x="1535" y="530"  /><execextern t="7174" streamID="10" /><execextern t="7175" streamID="11" /><mousemove t="7186" x="1468" y="534"  /><execextern t="7188" streamID="12" /><execextern t="7189" streamID="13" /><mousemove t="7203" x="1408" y="534"  /><execextern t="7204" streamID="14" /><execextern t="7206" streamID="15" /><execextern t="7208" streamID="16" /><mousemove t="7218" x="1374" y="534"  /><execextern t="7220" streamID="17" /><execextern t="7220" streamID="18" /><mousemove t="7234" x="1345" y="529"  /><execextern t="7236" streamID="19" /><execextern t="7237" streamID="20" /><mousemove t="7252" x="1328" y="525"  /><execextern t="7253" streamID="21" /><execextern t="7254" streamID="22" /><mousemove t="7269" x="1326" y="524"  /><execextern t="7270" streamID="23" /><execextern t="7271" streamID="24" /><mousemove t="7287" x="1325" y="524"  /><execextern t="7287" streamID="25" /><execextern t="7288" streamID="26" /><execextern t="7303" streamID="27" /><execextern t="7304" streamID="28" /><execextern t="7326" streamID="29" /><execextern t="7328" streamID="30" /><execextern t="7330" streamID="31" /><mousemove t="7435" x="1329" y="526"  /><mousemove t="7437" x="1334" y="529"  /><scrolly t="7437" y="1536" /><mousemove t="7451" x="1344" y="535"  /><scrolly t="7453" y="1542" /><mousemove t="7470" x="1354" y="540"  /><scrolly t="7471" y="1555" /><mousemove t="7475" x="1355" y="542"  /><mousemove t="7487" x="1356" y="543"  /><scrolly t="7487" y="1580" /><mousemove t="7502" x="1356" y="547"  /><scrolly t="7503" y="1622" /><mousemove t="7519" x="1356" y="550"  /><scrolly t="7520" y="1679" /><mousemove t="7535" x="1356" y="555"  /><execextern t="7538" streamID="32" /><scrolly t="7541" y="0" /><mousemove t="7543" x="1356" y="557"  /><mousemove t="7568" x="1356" y="559"  /><scrolly t="7569" y="2" /><scrolly t="7586" y="8" /><mousemove t="7603" x="1356" y="560"  /><scrolly t="7606" y="16" /><mousemove t="7618" x="1356" y="562"  /><scrolly t="7620" y="27" /><mousemove t="7635" x="1356" y="563"  /><scrolly t="7636" y="41" /><mousemove t="7656" x="1356" y="564"  /><scrolly t="7657" y="55" /><mousemove t="7670" x="1356" y="565"  /><scrolly t="7671" y="69" /><scrolly t="7688" y="81" /><scrolly t="7704" y="90" /><scrolly t="7722" y="96" /><scrolly t="7736" y="99" /><scrolly t="7753" y="100" /><mousemove t="8039" x="1355" y="568"  /><mousemove t="8053" x="1351" y="572"  /><mousemove t="8055" x="1346" y="577"  /><mousemove t="8068" x="1339" y="582"  /><mousemove t="8086" x="1319" y="595"  /><scrolly t="8087" y="104" /><mousemove t="8088" x="1308" y="603"  /><mousemove t="8103" x="1298" y="609"  /><scrolly t="8103" y="111" /><mousemove t="8118" x="1279" y="619"  /><scrolly t="8120" y="123" /><mousemove t="8125" x="1272" y="624"  /><mousemove t="8137" x="1259" y="629"  /><execextern t="8138" streamID="33" /><scrolly t="8140" y="141" /><mousemove t="8151" x="1258" y="629"  /><scrolly t="8153" y="168" /><mousemove t="8168" x="1254" y="629"  /><scrolly t="8168" y="201" /><mousemove t="8180" x="1253" y="629"  /><scrolly t="8185" y="245" /><execextern t="8194" streamID="34" /><mousemove t="8205" x="1253" y="627"  /><scrolly t="8205" y="299" /><mousemove t="8219" x="1256" y="618"  /><scrolly t="8221" y="361" /><mousemove t="8235" x="1260" y="612"  /><scrolly t="8236" y="427" /><mousemove t="8252" x="1272" y="597"  /><scrolly t="8254" y="491" /><mousemove t="8269" x="1286" y="579"  /><scrolly t="8270" y="543" /><mousemove t="8286" x="1303" y="551"  /><scrolly t="8288" y="578" /><mousemove t="8302" x="1329" y="491"  /><scrolly t="8304" y="596" /><mousemove t="8319" x="1361" y="401"  /><scrolly t="8320" y="600" /><mousemove t="8335" x="1381" y="300"  /><mousemove t="8354" x="1386" y="204"  /><mousemove t="8369" x="1392" y="132"  /><mousemove t="8385" x="1398" y="95"  /><mousemove t="8402" x="1402" y="78"  /><mousemove t="8452" x="1404" y="77"  /><mousemove t="8468" x="1413" y="82"  /><mousemove t="8485" x="1454" y="103"  /><mousemove t="8503" x="1481" y="115"  /><mousemove t="8519" x="1490" y="119"  /><stream t="8532" id="3" size="4511" /><execextern t="8532" streamID="3" /><mousemove t="8550" x="1511" y="127"  /><mousemove t="8551" x="1521" y="132"  /><mousemove t="8568" x="1529" y="135"  /><mousemove t="8585" x="1534" y="138"  /><mousemove t="8593" x="1536" y="138"  /><scrolly t="8618" y="597" /><scrolly t="8637" y="590" /><scrolly t="8654" y="576" /><scrolly t="8670" y="545" /><scrolly t="8685" y="479" /><execextern t="8697" streamID="35" /><scrolly t="8701" y="377" /><scrolly t="8720" y="248" /><execextern t="8737" streamID="36" /><scrolly t="8740" y="123" /><scrolly t="8752" y="37" /><scrolly t="8772" y="1" /><scrolly t="8787" y="0" /><mousemove t="9300" x="1539" y="138"  /><mousemove t="9306" x="1544" y="137"  /><mousemove t="9319" x="1554" y="134"  /><mousemove t="9335" x="1572" y="128"  /><mousemove t="9351" x="1585" y="124"  /><mousemove t="9368" x="1594" y="120"  /><mousemove t="9386" x="1603" y="116"  /><mousemove t="9403" x="1605" y="115"  /><mousemove t="9418" x="1608" y="115"  /><mousemove t="9435" x="1609" y="115"  /><mousemove t="9490" x="1610" y="115"  /><mousemove t="9504" x="1613" y="115"  /><mousemove t="9519" x="1618" y="115"  /><mousemove t="9528" x="1620" y="115"  /><mousemove t="9535" x="1625" y="117"  /><mousemove t="9552" x="1646" y="118"  /><mousemove t="9568" x="1677" y="119"  /><mousemove t="9584" x="1716" y="122"  /><mousemove t="9602" x="1752" y="122"  /><mousemove t="9618" x="1787" y="120"  /><mousemove t="9635" x="1808" y="117"  /><mouseout t="9636" /><execextern t="10172" streamID="37" /><load t="10173" w="1920" h="969" cw="1920" ch="969" sw="1903" sh="4804" lw="1903" lh="969" orientation="0" /><execextern t="10326" streamID="38" /><execextern t="10587" streamID="39" /><stream t="10920" id="4" size="2562" /><execextern t="10920" streamID="4" /><execextern t="11042" streamID="40" /><execextern t="11149" streamID="41" /><stream t="11534" id="5" size="12384" /><execextern t="11534" streamID="5" /><stream t="11639" id="6" size="12392" /><execextern t="11639" streamID="6" /><execextern t="11663" streamID="42" /><elmPath t="11754" id="7"><path><element tagCode="2884" index="1" id="monetate_lightbox" /></path></elmPath><elmPath t="11754" id="8"><path><element tagCode="2884" index="1" id="monetate_lightbox" /><element tagCode="2884" index="0" id="monetate_lightbox_mask" parentid="7" /></path></elmPath><elmPos t="11755" id="8" x="0" y="0" h="5969" w="1903"><children /></elmPos><mouseover t="11755" id="8" /><mousemove t="11755" x="1608" y="127"  /><mousemove t="11770" x="1513" y="157"  /><mousemove t="11787" x="1400" y="187"  /><mousemove t="11803" x="1312" y="204"  /><elmPath t="11819" id="9"><path><element tagCode="2884" index="1" id="monetate_lightbox" /><element tagCode="2884" index="1" id="monetate_lightbox_content_container" parentid="7" /></path></elmPath><elmPath t="11820" id="10"><path><element tagCode="2884" index="1" id="monetate_lightbox" /><element tagCode="2884" index="1" id="monetate_lightbox_content_container" parentid="7" /><element tagCode="2884" index="0" id="monetate_lightbox_content" parentid="9" /></path></elmPath><elmPos t="11820" id="11" x="612" y="162" h="492" w="679" ><path><element tagCode="2884" index="1" id="monetate_lightbox" /><element tagCode="2884" index="1" id="monetate_lightbox_content_container" parentid="7" /><element tagCode="2884" index="0" id="monetate_lightbox_content" parentid="9" /><element tagCode="873" index="0" parentid="10" /></path><children /></elmPos><mouseover t="11820" id="11" /><mousemove t="11820" x="1249" y="214"  /><mousemove t="11836" x="1225" y="217"  /><mousemove t="11852" x="1224" y="217"  /><mousemove t="11887" x="1225" y="216"  /><mousemove t="11902" x="1230" y="214"  /><mousemove t="11919" x="1232" y="212"  /><mousemove t="11937" x="1234" y="211"  /><mousemove t="11970" x="1235" y="211"  /><mousemove t="12037" x="1235" y="210"  /><mousemove t="12052" x="1235" y="209"  /><mousemove t="12069" x="1234" y="204"  /><mousemove t="12085" x="1234" y="202"  /><mousemove t="12103" x="1233" y="193"  /><mousemove t="12120" x="1240" y="184"  /><elmPath t="12138" id="12"><path><element tagCode="2884" index="1" id="monetate_lightbox" /><element tagCode="2884" index="1" id="monetate_lightbox_content_container" parentid="7" /><element tagCode="2884" index="0" id="monetate_lightbox_content" parentid="9" /><element tagCode="2061" index="0" id="monetate_lightbox_contentMap" name="monetate_lightbox_contentMap" parentid="10" /></path></elmPath><elmPos t="12138" id="13" x="1291" y="643" h="14" w="0" ><path><element tagCode="2884" index="1" id="monetate_lightbox" /><element tagCode="2884" index="1" id="monetate_lightbox_content_container" parentid="7" /><element tagCode="2884" index="0" id="monetate_lightbox_content" parentid="9" /><element tagCode="2061" index="0" id="monetate_lightbox_contentMap" name="monetate_lightbox_contentMap" parentid="10" /><element tagCode="641" index="4" parentid="12" /></path><children /></elmPos><mouseover t="12138" id="13" /><mousemove t="12138" x="1252" y="177"  /><mousemove t="12153" x="1264" y="175"  /><mousemove t="12170" x="1275" y="174"  /><mousemove t="12185" x="1279" y="174"  /><mousemove t="12202" x="1280" y="174"  /><mousemove t="12235" x="1281" y="174"  /><mousemove t="12252" x="1282" y="174"  /><mousemove t="12270" x="1282" y="175"  /><mousemove t="12403" x="1282" y="176"  /><mousemove t="12419" x="1281" y="177"  /><mousemove t="12454" x="1279" y="177"  /><mousemove t="12468" x="1278" y="177"  /><mousemove t="12535" x="1277" y="177"  /><mousedown t="12557" x="1277" y="177" b="1"  /><mousemove t="12588" x="1277" y="177"  /><mouseup t="12631" x="1277" y="177" b="1"  /><execextern t="12638" streamID="43" /><click t="12639" id="13" /><link t="12639" id="13" url="https://www.nautica.com/#close" /><mousemove t="12752" x="1279" y="179"  /><mouseover t="12780" id="8" /><mousemove t="12780" x="1293" y="184"  /><mousemove t="12811" x="1331" y="199"  /><mousemove t="12839" x="1372" y="220"  /><execextern t="12846" streamID="44" /><mousemove t="12871" x="1453" y="263"  /><mousemove t="12894" x="1480" y="282"  /><mousemove t="12922" x="1516" y="306"  /><mousemove t="12945" x="1543" y="323"  /><mousemove t="12971" x="1561" y="340"  /><mousemove t="12999" x="1573" y="352"  /><mousemove t="13025" x="1576" y="357"  /><mousemove t="13049" x="1577" y="359"  /><mousemove t="13075" x="1577" y="360"  /><execextern t="13198" streamID="45" /><elmPath t="13304" id="1"><path><element tagCode="2884" index="3" id="wrapper" /></path></elmPath><elmPath t="13304" id="2"><path><element tagCode="2884" index="3" id="wrapper" /><element tagCode="2884" index="3" id="main-homepg" parentid="1" /></path></elmPath><elmPath t="13304" id="3"><path><element tagCode="2884" index="3" id="wrapper" /><element tagCode="2884" index="3" id="main-homepg" parentid="1" /><element tagCode="2884" index="0" id="home-1-main" parentid="2" /></path></elmPath><elmPath t="13304" id="4"><path><element tagCode="2884" index="3" id="wrapper" /><element tagCode="2884" index="3" id="main-homepg" parentid="1" /><element tagCode="2884" index="0" id="home-1-main" parentid="2" /><element tagCode="2884" index="0" parentid="3" /><element tagCode="2884" index="0" /><element tagCode="2884" index="0" /><element tagCode="2884" index="2" /><element tagCode="2884" index="0" /><element tagCode="2884" index="3" /><element tagCode="1" index="0" /><element tagCode="873" index="0" /></path></elmPath><elmPath t="13304" id="5"><path><element tagCode="2884" index="3" id="wrapper" /><element tagCode="2884" index="3" id="main-homepg" parentid="1" /><element tagCode="2884" index="0" id="home-1-main" parentid="2" /><element tagCode="2884" index="0" parentid="3" /><element tagCode="2884" index="0" /><element tagCode="2884" index="0" /></path></elmPath><elmPath t="13304" id="6"><path><element tagCode="2884" index="3" id="wrapper" /><element tagCode="2884" index="3" id="main-homepg" parentid="1" /><element tagCode="2884" index="0" id="home-1-main" parentid="2" /><element tagCode="2884" index="0" parentid="3" /><element tagCode="2884" index="0" /><element tagCode="2884" index="0" /><element tagCode="2884" index="3" parentid="5" /><element tagCode="1" index="0" /><element tagCode="873" index="0" /></path></elmPath><elmPos t="13305" id="14" x="-10" y="309" h="76" w="1923" ><path><element tagCode="2884" index="3" id="wrapper" /><element tagCode="2884" index="3" id="main-homepg" parentid="1" /><element tagCode="2884" index="0" id="home-1-main" parentid="2" /><element tagCode="2884" index="0" parentid="3" /><element tagCode="2884" index="0" /><element tagCode="2884" index="0" /><element tagCode="2884" index="0" parentid="5" /><element tagCode="2884" index="0" /><element tagCode="2884" index="0" /><element tagCode="1" index="0" /><element tagCode="2884" index="2" /></path><children /></elmPos><mouseover t="13305" id="14" /><mousemove t="13305" x="1574" y="360"  /><mousemove t="13320" x="1570" y="359"  /><mousemove t="13334" x="1567" y="359"  /><mousemove t="13351" x="1556" y="359"  /><mousemove t="13368" x="1552" y="359"  /><mousemove t="13385" x="1548" y="359"  /><mousemove t="13401" x="1543" y="359"  /><mousemove t="13417" x="1542" y="360"  /><mousemove t="13452" x="1540" y="360"  /><mousemove t="13502" x="1539" y="360"  /><mousemove t="13518" x="1538" y="360"  /><mousemove t="13619" x="1537" y="360"  /><execextern t="13704" streamID="46" /><mousemove t="13706" x="1535" y="360"  /><mousemove t="13735" x="1535" y="361"  /><mousemove t="13752" x="1534" y="361"  /><mousemove t="13802" x="1533" y="361"  /><mousemove t="13836" x="1533" y="362"  /><mousemove t="14003" x="1532" y="362"  /><mousemove t="14019" x="1531" y="362"  /><mousemove t="14204" x="1530" y="363"  /><mousemove t="15019" x="1530" y="364"  /><mousemove t="15036" x="1529" y="365"  /><mousemove t="15051" x="1528" y="367"  /><mousemove t="15052" x="1528" y="368"  /><scrolly t="15054" y="5" /><mousemove t="15069" x="1525" y="370"  /><scrolly t="15069" y="19" /><elmPos t="15081" id="15" x="-10" y="178" h="283" w="1923" ><path><element tagCode="2884" index="3" id="wrapper" /><element tagCode="2884" index="3" id="main-homepg" parentid="1" /><element tagCode="2884" index="0" id="home-1-main" parentid="2" /><element tagCode="2884" index="0" parentid="3" /><element tagCode="2884" index="0" /><element tagCode="2884" index="0" /><element tagCode="2884" index="0" parentid="5" /><element tagCode="1" index="0" /><element tagCode="873" index="0" /></path><children /></elmPos><mouseover t="15081" id="15" /><mousemove t="15081" x="1524" y="370"  /><scrolly t="15085" y="58" /><elmPos t="15092" id="16" x="-10" y="415" h="29" w="1923" ><path><element tagCode="2884" index="3" id="wrapper" /><element tagCode="2884" index="3" id="main-homepg" parentid="1" /><element tagCode="2884" index="0" id="home-1-main" parentid="2" /><element tagCode="2884" index="0" parentid="3" /><element tagCode="2884" index="0" /><element tagCode="2884" index="0" /><element tagCode="2884" index="0" parentid="5" /><element tagCode="2884" index="0" /><element tagCode="2884" index="1" /></path><children /></elmPos><mouseover t="15092" id="16" /><mousemove t="15092" x="1521" y="370"  /><execextern t="15102" streamID="47" /><scrolly t="15108" y="137" /><elmPos t="15117" id="17" x="-10" y="448" h="648" w="1923" ><path><element tagCode="2884" index="3" id="wrapper" /><element tagCode="2884" index="3" id="main-homepg" parentid="1" /><element tagCode="2884" index="0" id="home-1-main" parentid="2" /><element tagCode="2884" index="0" parentid="3" /><element tagCode="2884" index="0" /><element tagCode="2884" index="0" /><element tagCode="2884" index="1" parentid="5" /><element tagCode="1" index="1" /><element tagCode="873" index="0" /></path><children /></elmPos><mouseover t="15117" id="17" /><mousemove t="15117" x="1515" y="369"  /><mousemove t="15118" x="1510" y="367"  /><scrolly t="15119" y="270" /><mousemove t="15136" x="1509" y="367"  /><scrolly t="15137" y="387" /><mousemove t="15152" x="1506" y="366"  /><scrolly t="15154" y="543" /><mousemove t="15168" x="1505" y="365"  /><scrolly t="15169" y="704" /><mousemove t="15187" x="1501" y="364"  /><scrolly t="15188" y="861" /><elmPath t="15204" id="4"><path><element tagCode="2884" index="3" id="wrapper" /><element tagCode="2884" index="3" id="main-homepg" parentid="1" /><element tagCode="2884" index="0" id="home-1-main" parentid="2" /><element tagCode="2884" index="0" parentid="3" /><element tagCode="2884" index="0" /><element tagCode="2884" index="0" /><element tagCode="2884" index="2" parentid="5" /><element tagCode="2884" index="0" /><element tagCode="2884" index="3" /><element tagCode="1" index="0" /><element tagCode="873" index="0" /></path></elmPath><mouseover t="15204" id="4" /><mousemove t="15204" x="1500" y="364"  /><scrolly t="15205" y="989" /><scrolly t="15220" y="1066" /><mousemove t="15235" x="1500" y="363"  /><scrolly t="15236" y="1097" /><scrolly t="15263" y="1100" /><mousemove t="15286" x="1498" y="363"  /><mousemove t="15317" x="1497" y="364"  /><scrolly t="15785" y="1104" /><scrolly t="15804" y="1113" /><scrolly t="15820" y="1138" /><scrolly t="15835" y="1179" /><scrolly t="15851" y="1262" /><scrolly t="15868" y="1377" /><scrolly t="15885" y="1511" /><scrolly t="15902" y="1651" /><scrolly t="15919" y="1780" /><scrolly t="15936" y="1888" /><scrolly t="15953" y="1957" /><scrolly t="15969" y="1991" /><scrolly t="16007" y="2000" /><scrolly t="16535" y="2001" /><scrolly t="16552" y="2007" /><scrolly t="16570" y="2023" /><elmPos t="16584" id="18" x="-10" y="2343" h="388" w="1923" ><path><element tagCode="2884" index="3" id="wrapper" /><element tagCode="2884" index="3" id="main-homepg" parentid="1" /><element tagCode="2884" index="0" id="home-1-main" parentid="2" /><element tagCode="2884" index="0" parentid="3" /><element tagCode="2884" index="0" /><element tagCode="2884" index="0" /><element tagCode="2884" index="4" parentid="5" /><element tagCode="2884" index="0" /><element tagCode="1" index="0" /><element tagCode="873" index="0" /></path><children /></elmPos><mouseover t="16585" id="18" /><mousemove t="16585" x="1497" y="366"  /><scrolly t="16585" y="2069" /><scrolly t="16601" y="2136" /><scrolly t="16619" y="2243" /><mousemove t="16635" x="1497" y="368"  /><scrolly t="16636" y="2378" /><scrolly t="16653" y="2524" /><execextern t="16655" streamID="48" /><scrolly t="16669" y="2658" /><scrolly t="16686" y="2750" /><scrolly t="16701" y="2794" /><scrolly t="16733" y="2800" /><stream t="17242" id="7" size="8119" /><execextern t="17242" streamID="7" /><scrolly t="17334" y="2803" /><scrolly t="17352" y="2813" /><elmPos t="17362" id="19" x="-10" y="2791" h="606" w="1923" ><path><element tagCode="2884" index="3" id="wrapper" /><element tagCode="2884" index="3" id="main-homepg" parentid="1" /><element tagCode="2884" index="0" id="home-1-main" parentid="2" /><element tagCode="2884" index="0" parentid="3" /><element tagCode="2884" index="0" /><element tagCode="2884" index="0" /><element tagCode="2884" index="5" parentid="5" /><element tagCode="1" index="0" /><element tagCode="873" index="0" /></path><children /></elmPos><mouseover t="17362" id="19" /><mousemove t="17362" x="1497" y="370"  /><mousemove t="17369" x="1497" y="371"  /><scrolly t="17369" y="2833" /><mousemove t="17376" x="1496" y="372"  /><scrolly t="17386" y="2870" /><mousemove t="17402" x="1495" y="372"  /><scrolly t="17402" y="2935" /><mousemove t="17418" x="1494" y="374"  /><scrolly t="17420" y="3027" /><elmPath t="17435" id="20"><path><element tagCode="2884" index="3" id="wrapper" /><element tagCode="2884" index="3" id="main-homepg" parentid="1" /><element tagCode="2884" index="5" id="home-Olapic" parentid="2" /></path></elmPath><elmPos t="17435" id="21" x="0" y="3397" h="584" w="1903" ><path><element tagCode="2884" index="3" id="wrapper" /><element tagCode="2884" index="3" id="main-homepg" parentid="1" /><element tagCode="2884" index="5" id="home-Olapic" parentid="2" /><element tagCode="2884" index="0" parentid="20" /><element tagCode="2884" index="0" /><element tagCode="2884" index="0" id="monetate_product_grid_142222b9" /></path><children><child tagCode="2884" x="0" y="66" w="1903" h="518" index="0" /></children></elmPos><mouseover t="17435" id="21" /><mousemove t="17435" x="1494" y="375"  /><scrolly t="17436" y="3146" /><scrolly t="17452" y="3266" /><scrolly t="17468" y="3368" /><scrolly t="17485" y="3443" /><scrolly t="17501" y="3484" /><scrolly t="17518" y="3498" /><scrolly t="17537" y="3500" /><scrolly t="17937" y="3498" /><scrolly t="17952" y="3494" /><scrolly t="17969" y="3487" /><scrolly t="17985" y="3477" /><scrolly t="18002" y="3464" /><scrolly t="18019" y="3449" /><scrolly t="18035" y="3430" /><scrolly t="18051" y="3410" /><scrolly t="18069" y="3387" /><execextern t="18093" streamID="49" /><scrolly t="18094" y="3364" /><scrolly t="18126" y="3318" /><scrolly t="18135" y="3313" /><scrolly t="18151" y="3299" /><scrolly t="18168" y="3285" /><scrolly t="18185" y="3270" /><scrolly t="18202" y="3256" /><scrolly t="18218" y="3242" /><execextern t="18248" streamID="50" /><scrolly t="18248" y="3229" /><scrolly t="18271" y="3211" /><scrolly t="18294" y="3205" /><execextern t="18315" streamID="51" /><scrolly t="18315" y="3201" /><scrolly t="18338" y="3200" /><execextern t="18754" streamID="52" /><elmPos t="18885" id="22" x="1432" y="3463" h="456" w="456" ><path><element tagCode="2884" index="3" id="wrapper" /><element tagCode="2884" index="3" id="main-homepg" parentid="1" /><element tagCode="2884" index="5" id="home-Olapic" parentid="2" /><element tagCode="2884" index="0" parentid="20" /><element tagCode="2884" index="0" /><element tagCode="2884" index="0" id="monetate_product_grid_142222b9" /><element tagCode="2884" index="0" parentid="21" /><element tagCode="2884" index="0" /><element tagCode="2884" index="3" /><element tagCode="1" index="0" /><element tagCode="2884" index="0" /><element tagCode="873" index="0" /></path><children /></elmPos><mouseover t="18885" id="22" /><mousemove t="18885" x="1490" y="375"  /><mousemove t="18902" x="1477" y="369"  /><mousemove t="18917" x="1444" y="350"  /><elmPos t="18934" id="23" x="956" y="3463" h="456" w="456" ><path><element tagCode="2884" index="3" id="wrapper" /><element tagCode="2884" index="3" id="main-homepg" parentid="1" /><element tagCode="2884" index="5" id="home-Olapic" parentid="2" /><element tagCode="2884" index="0" parentid="20" /><element tagCode="2884" index="0" /><element tagCode="2884" index="0" id="monetate_product_grid_142222b9" /><element tagCode="2884" index="0" parentid="21" /><element tagCode="2884" index="0" /><element tagCode="2884" index="2" /><element tagCode="1" index="0" /><element tagCode="2884" index="0" /><element tagCode="873" index="0" /></path><children /></elmPos><mouseover t="18934" id="23" /><mousemove t="18934" x="1370" y="311"  /><mousemove t="18951" x="1351" y="304"  /><mousemove t="18968" x="1323" y="298"  /><mousemove t="18984" x="1297" y="295"  /><mousemove t="19000" x="1271" y="289"  /><mousemove t="19017" x="1258" y="285"  /><mousemove t="19035" x="1252" y="283"  /><mousemove t="19052" x="1238" y="275"  /><mousemove t="19069" x="1238" y="273"  /><mousemove t="19085" x="1236" y="271"  /><mousemove t="19101" x="1236" y="270"  /><mousemove t="19118" x="1235" y="269"  /><mousemove t="19135" x="1235" y="267"  /><mousemove t="19152" x="1235" y="265"  /><mousemove t="19168" x="1235" y="264"  /><mouseover t="19200" id="21" /><mousemove t="19200" x="1235" y="262"  /><mouseover t="19251" id="23" /><mousemove t="19251" x="1235" y="264"  /><scrolly t="19251" y="3201" /><scrolly t="19267" y="3206" /><scrolly t="19284" y="3214" /><scrolly t="19301" y="3227" /><scrolly t="19318" y="3246" /><scrolly t="19335" y="3270" /><scrolly t="19352" y="3298" /><mousemove t="19368" x="1236" y="264"  /><scrolly t="19368" y="3326" /><scrolly t="19391" y="3352" /><scrolly t="19412" y="3373" /><scrolly t="19436" y="3388" /><scrolly t="19457" y="3400" /><mousemove t="19809" x="1237" y="264"  /><mousemove t="19836" x="1238" y="264"  /><scrolly t="19838" y="3402" /><mousemove t="19854" x="1238" y="265"  /><scrolly t="19855" y="3408" /><scrolly t="19870" y="3422" /><scrolly t="19886" y="3438" /><scrolly t="19901" y="3465" /><scrolly t="19918" y="3501" /><scrolly t="19935" y="3544" /><scrolly t="19952" y="3590" /><scrolly t="19968" y="3633" /><scrolly t="19992" y="3666" /><scrolly t="20013" y="3687" /><scrolly t="20036" y="3700" /><elmPos t="22500" id="24" x="951" y="3922" h="59" w="476" ><path><element tagCode="2884" index="3" id="wrapper" /><element tagCode="2884" index="3" id="main-homepg" parentid="1" /><element tagCode="2884" index="5" id="home-Olapic" parentid="2" /><element tagCode="2884" index="0" parentid="20" /><element tagCode="2884" index="0" /><element tagCode="2884" index="0" id="monetate_product_grid_142222b9" /><element tagCode="2884" index="0" parentid="21" /><element tagCode="2884" index="0" /><element tagCode="2884" index="2" /><element tagCode="1" index="0" /><element tagCode="2884" index="1" /></path><children /></elmPos><mouseover t="22500" id="24" /><mousemove t="22500" x="1243" y="265"  /><mousemove t="22536" x="1237" y="265"  /><mousemove t="22552" x="1212" y="265"  /><elmPos t="22569" id="25" x="956" y="3927" h="40" w="244" ><path><element tagCode="2884" index="3" id="wrapper" /><element tagCode="2884" index="3" id="main-homepg" parentid="1" /><element tagCode="2884" index="5" id="home-Olapic" parentid="2" /><element tagCode="2884" index="0" parentid="20" /><element tagCode="2884" index="0" /><element tagCode="2884" index="0" id="monetate_product_grid_142222b9" /><element tagCode="2884" index="0" parentid="21" /><element tagCode="2884" index="0" /><element tagCode="2884" index="2" /><element tagCode="1" index="0" /><element tagCode="2884" index="1" /><element tagCode="147" index="0" parentid="24" /></path><children /></elmPos><mouseover t="22569" id="25" /><mousemove t="22569" x="1170" y="265"  /><mouseover t="22586" id="24" /><mousemove t="22586" x="1114" y="269"  /><mousemove t="22602" x="1056" y="280"  /><elmPath t="22618" id="26"><path><element tagCode="2884" index="3" id="wrapper" /><element tagCode="2884" index="3" id="main-homepg" parentid="1" /><element tagCode="2884" index="5" id="home-Olapic" parentid="2" /><element tagCode="2884" index="0" parentid="20" /><element tagCode="2884" index="0" /><element tagCode="2884" index="1" id="olapic_specific_widget" /></path></elmPath><elmPath t="22619" id="27"><path><element tagCode="2884" index="3" id="wrapper" /><element tagCode="2884" index="3" id="main-homepg" parentid="1" /><element tagCode="2884" index="5" id="home-Olapic" parentid="2" /><element tagCode="2884" index="0" parentid="20" /><element tagCode="2884" index="0" /><element tagCode="2884" index="1" id="olapic_specific_widget" /><element tagCode="2884" index="0" id="olapic-slider-widget" parentid="26" /></path></elmPath><elmPos t="22619" id="28" x="456" y="3981" h="86" w="990" ><path><element tagCode="2884" index="3" id="wrapper" /><element tagCode="2884" index="3" id="main-homepg" parentid="1" /><element tagCode="2884" index="5" id="home-Olapic" parentid="2" /><element tagCode="2884" index="0" parentid="20" /><element tagCode="2884" index="0" /><element tagCode="2884" index="1" id="olapic_specific_widget" /><element tagCode="2884" index="0" id="olapic-slider-widget" parentid="26" /><element tagCode="2884" index="0" parentid="27" /><element tagCode="2884" index="0" /></path><children><child tagCode="136" x="0" y="15" w="990" h="29" index="0" /><child tagCode="16" x="0" y="54" w="990" h="17" index="0" /></children></elmPos><mouseover t="22619" id="28" /><mousemove t="22619" x="976" y="284"  /><mousemove t="22634" x="878" y="283"  /><elmPos t="22652" id="29" x="475" y="3922" h="59" w="476" ><path><element tagCode="2884" index="3" id="wrapper" /><element tagCode="2884" index="3" id="main-homepg" parentid="1" /><element tagCode="2884" index="5" id="home-Olapic" parentid="2" /><element tagCode="2884" index="0" parentid="20" /><element tagCode="2884" index="0" /><element tagCode="2884" index="0" id="monetate_product_grid_142222b9" /><element tagCode="2884" index="0" parentid="21" /><element tagCode="2884" index="0" /><element tagCode="2884" index="1" /><element tagCode="1" index="0" /><element tagCode="2884" index="1" /></path><children /></elmPos><mouseover t="22652" id="29" /><mousemove t="22652" x="784" y="273"  /><mousemove t="22667" x="717" y="268"  /><mousemove t="22683" x="665" y="268"  /><mousemove t="22701" x="637" y="272"  /><mouseover t="22719" id="28" /><mousemove t="22719" x="608" y="295"  /><elmPos t="22735" id="30" x="456" y="3996" h="29" w="990" ><path><element tagCode="2884" index="3" id="wrapper" /><element tagCode="2884" index="3" id="main-homepg" parentid="1" /><element tagCode="2884" index="5" id="home-Olapic" parentid="2" /><element tagCode="2884" index="0" parentid="20" /><element tagCode="2884" index="0" /><element tagCode="2884" index="1" id="olapic_specific_widget" /><element tagCode="2884" index="0" id="olapic-slider-widget" parentid="26" /><element tagCode="2884" index="0" parentid="27" /><element tagCode="2884" index="0" /><element tagCode="136" index="0" parentid="28" /></path><children /></elmPos><mouseover t="22735" id="30" /><mousemove t="22735" x="598" y="315"  /><mouseover t="22752" id="28" /><mousemove t="22752" x="597" y="331"  /><elmPos t="22767" id="31" x="456" y="4035" h="17" w="990" ><path><element tagCode="2884" index="3" id="wrapper" /><element tagCode="2884" index="3" id="main-homepg" parentid="1" /><element tagCode="2884" index="5" id="home-Olapic" parentid="2" /><element tagCode="2884" index="0" parentid="20" /><element tagCode="2884" index="0" /><element tagCode="2884" index="1" id="olapic_specific_widget" /><element tagCode="2884" index="0" id="olapic-slider-widget" parentid="26" /><element tagCode="2884" index="0" parentid="27" /><element tagCode="2884" index="0" /><element tagCode="16" index="0" parentid="28" /></path><children /></elmPos><mouseover t="22767" id="31" /><mousemove t="22767" x="606" y="349"  /><elmPos t="22786" id="32" x="456" y="4067" h="182" w="182" ><path><element tagCode="2884" index="3" id="wrapper" /><element tagCode="2884" index="3" id="main-homepg" parentid="1" /><element tagCode="2884" index="5" id="home-Olapic" parentid="2" /><element tagCode="2884" index="0" parentid="20" /><element tagCode="2884" index="0" /><element tagCode="2884" index="1" id="olapic_specific_widget" /><element tagCode="2884" index="0" id="olapic-slider-widget" parentid="26" /><element tagCode="2884" index="1" parentid="27" /><element tagCode="2884" index="0" /><element tagCode="2884" index="0" /><element tagCode="117" index="0" /><element tagCode="76" index="1" /><element tagCode="1" index="0" /></path><children /></elmPos><mouseover t="22786" id="32" /><mousemove t="22786" x="618" y="368"  /><execextern t="22790" streamID="53" /><elmPos t="22802" id="33" x="456" y="4067" h="182" w="182" ><path><element tagCode="2884" index="3" id="wrapper" /><element tagCode="2884" index="3" id="main-homepg" parentid="1" /><element tagCode="2884" index="5" id="home-Olapic" parentid="2" /><element tagCode="2884" index="0" parentid="20" /><element tagCode="2884" index="0" /><element tagCode="2884" index="1" id="olapic_specific_widget" /><element tagCode="2884" index="0" id="olapic-slider-widget" parentid="26" /><element tagCode="2884" index="1" parentid="27" /><element tagCode="2884" index="0" /><element tagCode="2884" index="0" /><element tagCode="117" index="0" /><element tagCode="76" index="1" /><element tagCode="1" index="0" /><element tagCode="147" index="0" parentid="32" /></path><children /></elmPos><mouseover t="22802" id="33" /><mousemove t="22802" x="633" y="387"  /><elmPos t="22819" id="34" x="446" y="4067" h="182" w="1010" ><path><element tagCode="2884" index="3" id="wrapper" /><element tagCode="2884" index="3" id="main-homepg" parentid="1" /><element tagCode="2884" index="5" id="home-Olapic" parentid="2" /><element tagCode="2884" index="0" parentid="20" /><element tagCode="2884" index="0" /><element tagCode="2884" index="1" id="olapic_specific_widget" /><element tagCode="2884" index="0" id="olapic-slider-widget" parentid="26" /><element tagCode="2884" index="1" parentid="27" /><element tagCode="2884" index="0" /></path><children /></elmPos><mouseover t="22819" id="34" /><mousemove t="22819" x="650" y="405"  /><elmPos t="22835" id="35" x="658" y="4067" h="182" w="182" ><path><element tagCode="2884" index="3" id="wrapper" /><element tagCode="2884" index="3" id="main-homepg" parentid="1" /><element tagCode="2884" index="5" id="home-Olapic" parentid="2" /><element tagCode="2884" index="0" parentid="20" /><element tagCode="2884" index="0" /><element tagCode="2884" index="1" id="olapic_specific_widget" /><element tagCode="2884" index="0" id="olapic-slider-widget" parentid="26" /><element tagCode="2884" index="1" parentid="27" /><element tagCode="2884" index="0" /><element tagCode="2884" index="0" parentid="34" /><element tagCode="117" index="0" /><element tagCode="76" index="2" /><element tagCode="1" index="0" /></path><children /></elmPos><mouseover t="22835" id="35" /><mousemove t="22835" x="670" y="424"  /><elmPos t="22851" id="36" x="658" y="4067" h="182" w="182" ><path><element tagCode="2884" index="3" id="wrapper" /><element tagCode="2884" index="3" id="main-homepg" parentid="1" /><element tagCode="2884" index="5" id="home-Olapic" parentid="2" /><element tagCode="2884" index="0" parentid="20" /><element tagCode="2884" index="0" /><element tagCode="2884" index="1" id="olapic_specific_widget" /><element tagCode="2884" index="0" id="olapic-slider-widget" parentid="26" /><element tagCode="2884" index="1" parentid="27" /><element tagCode="2884" index="0" /><element tagCode="2884" index="0" parentid="34" /><element tagCode="117" index="0" /><element tagCode="76" index="2" /><element tagCode="1" index="0" /><element tagCode="147" index="0" parentid="35" /></path><children /></elmPos><mouseover t="22851" id="36" /><mousemove t="22851" x="697" y="443"  /><mousemove t="22867" x="731" y="460"  /><mousemove t="22884" x="761" y="469"  /><mousemove t="22901" x="793" y="472"  /><mousemove t="22918" x="829" y="473"  /><mouseover t="22935" id="34" /><mousemove t="22935" x="859" y="472"  /><elmPos t="22951" id="37" x="860" y="4067" h="182" w="182" ><path><element tagCode="2884" index="3" id="wrapper" /><element tagCode="2884" index="3" id="main-homepg" parentid="1" /><element tagCode="2884" index="5" id="home-Olapic" parentid="2" /><element tagCode="2884" index="0" parentid="20" /><element tagCode="2884" index="0" /><element tagCode="2884" index="1" id="olapic_specific_widget" /><element tagCode="2884" index="0" id="olapic-slider-widget" parentid="26" /><element tagCode="2884" index="1" parentid="27" /><element tagCode="2884" index="0" /><element tagCode="2884" index="0" parentid="34" /><element tagCode="117" index="0" /><element tagCode="76" index="3" /><element tagCode="1" index="0" /></path><children /></elmPos><mouseover t="22951" id="37" /><mousemove t="22951" x="888" y="459"  /><elmPos t="22969" id="38" x="860" y="4067" h="182" w="182" ><path><element tagCode="2884" index="3" id="wrapper" /><element tagCode="2884" index="3" id="main-homepg" parentid="1" /><element tagCode="2884" index="5" id="home-Olapic" parentid="2" /><element tagCode="2884" index="0" parentid="20" /><element tagCode="2884" index="0" /><element tagCode="2884" index="1" id="olapic_specific_widget" /><element tagCode="2884" index="0" id="olapic-slider-widget" parentid="26" /><element tagCode="2884" index="1" parentid="27" /><element tagCode="2884" index="0" /><element tagCode="2884" index="0" parentid="34" /><element tagCode="117" index="0" /><element tagCode="76" index="3" /><element tagCode="1" index="0" /><element tagCode="147" index="0" parentid="37" /></path><children /></elmPos><mouseover t="22969" id="38" /><mousemove t="22969" x="899" y="449"  /><mousemove t="22983" x="902" y="446"  /><mousemove t="23001" x="904" y="440"  /><mousemove t="23016" x="904" y="437"  /><mousemove t="23033" x="904" y="435"  /><mousemove t="23051" x="904" y="432"  /><mousemove t="23068" x="905" y="429"  /><mousemove t="23084" x="908" y="423"  /><mousemove t="23100" x="910" y="420"  /><mousemove t="23118" x="912" y="417"  /><mousemove t="23135" x="914" y="417"  /><mousemove t="23151" x="915" y="416"  /><mousemove t="23169" x="922" y="416"  /><mousemove t="23184" x="927" y="416"  /><mousemove t="23201" x="936" y="420"  /><mousemove t="23218" x="955" y="427"  /><mousemove t="23234" x="988" y="437"  /><mousemove t="23252" x="1010" y="445"  /><execextern t="23257" streamID="54" /><mouseover t="23295" id="34" /><mousemove t="23295" x="1048" y="455"  /><mousemove t="23300" x="1052" y="457"  /><mousemove t="23317" x="1057" y="458"  /><mousemove t="23335" x="1059" y="459"  /><mousemove t="23353" x="1061" y="461"  /><mousemove t="23402" x="1061" y="462"  /><stream t="23425" id="8" size="11406" /><execextern t="23425" streamID="8" /><mousemove t="23427" x="1053" y="462"  /><mouseover t="23433" id="37" /><mousemove t="23433" x="1036" y="462"  /><mouseover t="23450" id="38" /><mousemove t="23450" x="995" y="462"  /><elmPos t="23466" id="39" x="919" y="4149" h="17" w="64" ><path><element tagCode="2884" index="3" id="wrapper" /><element tagCode="2884" index="3" id="main-homepg" parentid="1" /><element tagCode="2884" index="5" id="home-Olapic" parentid="2" /><element tagCode="2884" index="0" parentid="20" /><element tagCode="2884" index="0" /><element tagCode="2884" index="1" id="olapic_specific_widget" /><element tagCode="2884" index="0" id="olapic-slider-widget" parentid="26" /><element tagCode="2884" index="1" parentid="27" /><element tagCode="2884" index="0" /><element tagCode="2884" index="0" parentid="34" /><element tagCode="117" index="0" /><element tagCode="76" index="3" /><element tagCode="1" index="0" /><element tagCode="147" index="0" parentid="37" /><element tagCode="1894" index="0" parentid="38" /><element tagCode="1894" index="0" /></path><children /></elmPos><mouseover t="23466" id="39" /><mousemove t="23466" x="963" y="462"  /><mouseover t="23484" id="38" /><mousemove t="23484" x="864" y="467"  /><mouseover t="23502" id="35" /><mousemove t="23502" x="734" y="477"  /><mouseover t="23518" id="36" /><mousemove t="23518" x="677" y="478"  /><mouseover t="23535" id="34" /><mousemove t="23535" x="647" y="478"  /><mousemove t="23551" x="646" y="473"  /><mousemove t="23567" x="656" y="459"  /><mouseover t="23584" id="35" /><mousemove t="23584" x="696" y="426"  /><mouseover t="23601" id="36" /><mousemove t="23601" x="775" y="375"  /><elmPos t="23617" id="40" x="870" y="3996" h="28" w="162" ><path><element tagCode="2884" index="3" id="wrapper" /><element tagCode="2884" index="3" id="main-homepg" parentid="1" /><element tagCode="2884" index="5" id="home-Olapic" parentid="2" /><element tagCode="2884" index="0" parentid="20" /><element tagCode="2884" index="0" /><element tagCode="2884" index="1" id="olapic_specific_widget" /><element tagCode="2884" index="0" id="olapic-slider-widget" parentid="26" /><element tagCode="2884" index="0" parentid="27" /><element tagCode="2884" index="0" /><element tagCode="136" index="0" parentid="28" /><element tagCode="1894" index="0" parentid="30" /><element tagCode="1894" index="0" /></path><children /></elmPos><mouseover t="23617" id="40" /><mousemove t="23617" x="891" y="321"  /><mouseover t="23652" id="25" /><mousemove t="23652" x="1118" y="251"  /><elmPos t="23668" id="41" x="956" y="3927" h="20" w="244" ><path><element tagCode="2884" index="3" id="wrapper" /><element tagCode="2884" index="3" id="main-homepg" parentid="1" /><element tagCode="2884" index="5" id="home-Olapic" parentid="2" /><element tagCode="2884" index="0" parentid="20" /><element tagCode="2884" index="0" /><element tagCode="2884" index="0" id="monetate_product_grid_142222b9" /><element tagCode="2884" index="0" parentid="21" /><element tagCode="2884" index="0" /><element tagCode="2884" index="2" /><element tagCode="1" index="0" /><element tagCode="2884" index="1" /><element tagCode="147" index="0" parentid="24" /><element tagCode="1894" index="0" parentid="25" /><element tagCode="1894" index="0" /></path><children /></elmPos><mouseover t="23668" id="41" /><mousemove t="23668" x="1200" y="239"  /><mouseover t="23685" id="24" /><mousemove t="23685" x="1254" y="234"  /><mousemove t="23701" x="1279" y="234"  /><mousemove t="23719" x="1280" y="234"  /><mousemove t="23751" x="1280" y="236"  /><execextern t="23762" streamID="55" /><mousemove t="23768" x="1280" y="242"  /><mousemove t="23795" x="1275" y="264"  /><mousemove t="23801" x="1271" y="273"  /><mouseover t="23816" id="30" /><mousemove t="23816" x="1261" y="299"  /><mousemove t="23833" x="1247" y="325"  /><elmPos t="23851" id="42" x="971" y="4035" h="17" w="305" ><path><element tagCode="2884" index="3" id="wrapper" /><element tagCode="2884" index="3" id="main-homepg" parentid="1" /><element tagCode="2884" index="5" id="home-Olapic" parentid="2" /><element tagCode="2884" index="0" parentid="20" /><element tagCode="2884" index="0" /><element tagCode="2884" index="1" id="olapic_specific_widget" /><element tagCode="2884" index="0" id="olapic-slider-widget" parentid="26" /><element tagCode="2884" index="0" parentid="27" /><element tagCode="2884" index="0" /><element tagCode="16" index="0" parentid="28" /><element tagCode="1894" index="0" parentid="31" /><element tagCode="1894" index="0" /></path><children /></elmPos><mouseover t="23851" id="42" /><mousemove t="23851" x="1235" y="347"  /><elmPos t="23867" id="43" x="1062" y="4067" h="182" w="182" ><path><element tagCode="2884" index="3" id="wrapper" /><element tagCode="2884" index="3" id="main-homepg" parentid="1" /><element tagCode="2884" index="5" id="home-Olapic" parentid="2" /><element tagCode="2884" index="0" parentid="20" /><element tagCode="2884" index="0" /><element tagCode="2884" index="1" id="olapic_specific_widget" /><element tagCode="2884" index="0" id="olapic-slider-widget" parentid="26" /><element tagCode="2884" index="1" parentid="27" /><element tagCode="2884" index="0" /><element tagCode="2884" index="0" parentid="34" /><element tagCode="117" index="0" /><element tagCode="76" index="4" /><element tagCode="1" index="0" /></path><children /></elmPos><mouseover t="23867" id="43" /><mousemove t="23867" x="1224" y="369"  /><elmPos t="23886" id="44" x="1062" y="4067" h="182" w="182" ><path><element tagCode="2884" index="3" id="wrapper" /><element tagCode="2884" index="3" id="main-homepg" parentid="1" /><element tagCode="2884" index="5" id="home-Olapic" parentid="2" /><element tagCode="2884" index="0" parentid="20" /><element tagCode="2884" index="0" /><element tagCode="2884" index="1" id="olapic_specific_widget" /><element tagCode="2884" index="0" id="olapic-slider-widget" parentid="26" /><element tagCode="2884" index="1" parentid="27" /><element tagCode="2884" index="0" /><element tagCode="2884" index="0" parentid="34" /><element tagCode="117" index="0" /><element tagCode="76" index="4" /><element tagCode="1" index="0" /><element tagCode="147" index="0" parentid="43" /></path><children /></elmPos><mouseover t="23886" id="44" /><mousemove t="23886" x="1211" y="390"  /><mousemove t="23900" x="1197" y="410"  /><mousemove t="23918" x="1186" y="425"  /><mousemove t="23934" x="1176" y="438"  /><mousemove t="23950" x="1175" y="440"  /><mousemove t="23967" x="1174" y="442"  /><mousemove t="23983" x="1173" y="442"  /><mousemove t="24017" x="1173" y="443"  /><mousemove t="24035" x="1167" y="444"  /><mousemove t="24050" x="1157" y="445"  /><mousemove t="24071" x="1150" y="446"  /><elmPos t="24084" id="45" x="1107" y="4149" h="17" w="92" ><path><element tagCode="2884" index="3" id="wrapper" /><element tagCode="2884" index="3" id="main-homepg" parentid="1" /><element tagCode="2884" index="5" id="home-Olapic" parentid="2" /><element tagCode="2884" index="0" parentid="20" /><element tagCode="2884" index="0" /><element tagCode="2884" index="1" id="olapic_specific_widget" /><element tagCode="2884" index="0" id="olapic-slider-widget" parentid="26" /><element tagCode="2884" index="1" parentid="27" /><element tagCode="2884" index="0" /><element tagCode="2884" index="0" parentid="34" /><element tagCode="117" index="0" /><element tagCode="76" index="4" /><element tagCode="1" index="0" /><element tagCode="147" index="0" parentid="43" /><element tagCode="1894" index="0" parentid="44" /><element tagCode="1894" index="0" /></path><children /></elmPos><mouseover t="24084" id="45" /><mousemove t="24084" x="1135" y="450"  /><mousemove t="24100" x="1118" y="454"  /><mouseover t="24119" id="44" /><mousemove t="24119" x="1100" y="459"  /><mousemove t="24133" x="1082" y="466"  /><mousemove t="24150" x="1068" y="473"  /><mouseover t="24168" id="43" /><mousemove t="24168" x="1062" y="475"  /><mouseover t="24203" id="34" /><mousemove t="24203" x="1061" y="475"  /><mousemove t="24552" x="1060" y="476"  /><mousemove t="24569" x="1060" y="482"  /><mousemove t="24585" x="1060" y="485"  /><mousemove t="24602" x="1059" y="486"  /><mousemove t="24749" x="1058" y="488"  /><mousemove t="24766" x="1057" y="489"  /><mousemove t="24783" x="1053" y="495"  /><mousemove t="24800" x="1049" y="501"  /><mousemove t="24817" x="1045" y="507"  /><mouseover t="24835" id="37" /><mousemove t="24835" x="1033" y="519"  /><mouseover t="24851" id="38" /><mousemove t="24851" x="1020" y="531"  /><mousemove t="24867" x="1006" y="539"  /><mousemove t="24885" x="993" y="546"  /><elmPos t="24903" id="46" x="456" y="4249" h="94" w="990" ><path><element tagCode="2884" index="3" id="wrapper" /><element tagCode="2884" index="3" id="main-homepg" parentid="1" /><element tagCode="2884" index="5" id="home-Olapic" parentid="2" /><element tagCode="2884" index="0" parentid="20" /><element tagCode="2884" index="0" /><element tagCode="2884" index="1" id="olapic_specific_widget" /><element tagCode="2884" index="0" id="olapic-slider-widget" parentid="26" /><element tagCode="2884" index="2" parentid="27" /><element tagCode="2884" index="0" /></path><children /></elmPos><mouseover t="24903" id="46" /><mousemove t="24903" x="981" y="550"  /><mousemove t="24919" x="980" y="550"  /><mousemove t="24935" x="978" y="550"  /><mousemove t="26068" x="979" y="550"  /><mousemove t="26085" x="982" y="552"  /><mousemove t="26101" x="989" y="556"  /><mousemove t="26118" x="997" y="559"  /><mousemove t="26134" x="1008" y="563"  /><mousemove t="26152" x="1024" y="571"  /><mousemove t="26167" x="1025" y="571"  /><mousemove t="26183" x="1026" y="572"  /><mousemove t="26200" x="1028" y="573"  /><execextern t="28265" streamID="56" /><execextern t="28771" streamID="57" /><execextern t="33274" streamID="58" /><execextern t="33782" streamID="59" /><mousemove t="36951" x="1044" y="566"  /><mouseover t="36969" id="43" /><mousemove t="36969" x="1103" y="530"  /><mouseover t="36983" id="30" /><mousemove t="36983" x="1339" y="321"  /><elmPath t="36999" id="47"><path><element tagCode="2884" index="3" id="wrapper" /><element tagCode="2884" index="1" id="header" parentid="1" /></path></elmPath><elmPath t="36999" id="48"><path><element tagCode="2884" index="3" id="wrapper" /><element tagCode="2884" index="1" id="header" parentid="1" /><element tagCode="40" index="0" parentid="47" /><element tagCode="2884" index="2" id="navigation" /></path></elmPath><elmPos t="36999" id="49" x="0" y="3783" h="46" w="1903" ><path><element tagCode="2884" index="3" id="wrapper" /><element tagCode="2884" index="1" id="header" parentid="1" /><element tagCode="40" index="0" parentid="47" /><element tagCode="2884" index="2" id="navigation" /><element tagCode="2884" index="0" parentid="48" /><element tagCode="2884" index="0" /><element tagCode="2830" index="0" /><element tagCode="117" index="0" id="navigation-menu" /></path><children><child tagCode="76" x="602" y="16" w="33" h="14" index="0" /><child tagCode="76" x="714" y="16" w="34" h="14" index="1" /><child tagCode="76" x="828" y="16" w="30" h="14" index="2" /><child tagCode="76" x="938" y="16" w="52" h="14" index="3" /><child tagCode="76" x="1070" y="16" w="98" h="14" index="4" /><child tagCode="76" x="1249" y="16" w="52" h="14" index="5" /></children></elmPos><mouseover t="36999" id="49" /><mousemove t="36999" x="1485" y="124"  /><mouseout t="37011" /><execextern t="37012" streamID="60" /><elmPath t="37014" id="50"><path><element tagCode="2884" index="3" id="wrapper" /><element tagCode="2884" index="1" id="header" parentid="1" /><element tagCode="40" index="0" parentid="47" /><element tagCode="2884" index="1" id="pre-header" /></path></elmPath><elmPath t="37014" id="51"><path><element tagCode="2884" index="3" id="wrapper" /><element tagCode="2884" index="1" id="header" parentid="1" /><element tagCode="40" index="0" parentid="47" /><element tagCode="2884" index="1" id="pre-header" /><element tagCode="2884" index="0" parentid="50" /><element tagCode="117" index="1" /><element tagCode="76" index="0" /><element tagCode="2884" index="0" id="header-search" ctid="header_search_0" /></path></elmPath><elmPos t="37014" id="52" x="1545" y="3713" h="24" w="116" ><path><element tagCode="2884" index="3" id="wrapper" /><element tagCode="2884" index="1" id="header" parentid="1" /><element tagCode="40" index="0" parentid="47" /><element tagCode="2884" index="1" id="pre-header" /><element tagCode="2884" index="0" parentid="50" /><element tagCode="117" index="1" /><element tagCode="76" index="0" /><element tagCode="2884" index="0" id="header-search" ctid="header_search_0" /><element tagCode="2406" index="0" name="simpleSearch" parentid="51" /><element tagCode="2884" index="0" /><element tagCode="2153" index="0" id="search-query" ctid="search_query_0" name="q" type="60" /></path><children /></elmPos><mouseover t="37014" id="52" /><mousemove t="37014" x="1550" y="27"  /><execextern t="37014" streamID="61" /><mouseout t="37015" /><unload t="37829" exitPause="200" /></recording>