{"ActiveTime":37828,"AuthenticationUnixTime":1540379115364,"BodyCheck":null,"Campaign":null,"City":"Brodek u Prerova","CityID":null,"ClicksBelowFold":0,"ClicksOnLinkLikeElements":1,"ClicksOnNonLinkLikeElements":0,"ClientDate":1540379115364,"ClientDateTime":0,"ClientHeightFinal":969,"ClientHeightInitial":969,"ClientRecordingDateTimeUtc":"2018-10-24 11:05:15.364","ClientRecordingDateTimeZone":"2018-10-24 06:05:15.364","ClientWidthFinal":1920,"ClientWidthInitial":1920,"Content":null,"ContentSize":246210,"ContentSourceID":2,"CountJSError":0,"CountMouseDown":1,"CountMouseMove":337,"CountNonClickTaleJsErrors":0,"Country":"Czech Republic","CountryCode":"CZ","CountryID":null,"CountScrollX":0,"CountScrollY":152,"CreateDate":"2018-10-24T11:05:15.364","Description":"","Device":"","DeviceID":null,"DeviceTypeID":1,"Domain":"www.nautica.com","DomainID":null,"ErrorCount":0,"Exposure":62,"FetchURL":"","FormCount":1,"FullRecordingData":"","HtmlCharset":"UTF-8","HtmlCheck":null,"HttpCharset":"","IP":null,"IsPhysicalSizeDefault":null,"IsTouch":false,"JsErrors":[],"LanguageCode":"cs-CZ","LayoutViewportWidth":1903,"Length":37829,"Location":"https://www.nautica.com/","LocationID":-1,"MaxScrollPercent":97,"Medium":"Organic search","MessageCount":29,"MessagesSize":0,"Navigator":"Ch70","OperatingSystem":"Windows","OperatingSystemID":null,"OrientationChangeCount":0,"OriginalSID":0,"PhysicalDisplayHeight":null,"PhysicalDisplayWidth":null,"PID":94,"Platform":"Win32","PreviousSubmitIndication":null,"PopulationType":null,"ProcessingDateTimeUtc":"2018-10-24 11:05:42.886","ProcessingDateTimeZone":"2018-10-24 06:05:42.886","RecorderIsMobile":false,"RecordingDate":1540379115364,"RecordingGUID":"d3e6e036-96c4-4517-9b7d-826deba0d577","RecordingDateJs":1540379115364,"RecordingEndDate":1540379153193,"Referrer":"https://www.google.cz/","ReferrerID":-1,"Region":"Olomoucky kraj","RegionCode":"OL","RegionID":null,"SID":1971137992524434,"SizeScrollH":4804,"SizeScrollW":1903,"SizeScrW":1920,"SizeScrH":1080,"TrueSizeScrW":1920,"TrueSizeScrH":1080,"SizeWndEndH":969,"SizeWndEndW":1920,"SizeWndIniH":969,"SizeWndIniW":1920,"Source":"google.cz","SubmitCount":0,"SubscriberId":69859,"Tags":[{"TagName":"CT2MappingTag_272_8925382823613682_4422419125960862_4340827813910292","TagTypeID":0},{"TagName":"Config: Release_20181008","TagTypeID":0},{"TagName":"VE Onload | Category | external site","TagTypeID":0}],"TapCount":0,"Term":null,"TimeDOMLoad":6794,"TimeExitPause":200,"TimeInit":9900,"TimeLoad":10173,"TimeStart":5250,"TimeToFirstClick":12639,"TimeUnload":37829,"TimeWebPageFetch":0,"TimeZone":120,"TrafficCampaignID":-1,"TrafficContentID":-1,"TrafficMediumID":-1,"TrafficSourceID":-1,"TrafficTermID":-1,"UID":1971137992524434,"UserAgent":"Mozilla/5.0 (Windows NT 10.0; Win64; x64) AppleWebKit/537.36 (KHTML, like Gecko) Chrome/70.0.3538.67 Safari/537.36","UserAgentID":-1,"Version":16,"VersionMinor":15,"WebPageHash":"tEoHHEkLhlMAGLsVYWwZozqliUU=","WRAttemptedCounter":1,"WRCheckedCounter":1,"WRGlobalCounter":1,"WRRecordedCounter":1,"XMLSize":55991,"DSRSize":70772,"HTMLSize":246210,"ZoomCount":0,"MachineName":"WIN-9S1CHG83531","IpAddress":"172.27.13.155","ProcessVersion":"1.0.1.157","ProcessingStartTimeUtc":"2018-10-24T11:05:42.8244656Z","ProcessingEndTimeUtc":"2018-10-24T11:05:42.9025924Z","ProcessingElapsedMilliseconds":78, "cage_ip":"172.27.13.236", "cage_version":"2.2.31", "cage_time":1540379146614,"avroSize":15101,"avroCompressedSize":6511}