{"ActiveTime":66916,"AuthenticationUnixTime":1540334383788,"BodyCheck":null,"Campaign":null,"City":"Byron","CityID":null,"ClicksBelowFold":0,"ClicksOnLinkLikeElements":3,"ClicksOnNonLinkLikeElements":0,"ClientDate":1540334383788,"ClientDateTime":0,"ClientHeightFinal":652,"ClientHeightInitial":608,"ClientRecordingDateTimeUtc":"2018-10-23 22:39:43.788","ClientRecordingDateTimeZone":"2018-10-23 17:39:43.788","ClientWidthFinal":412,"ClientWidthInitial":412,"Content":null,"ContentSize":264506,"ContentSourceID":2,"CountJSError":3,"CountMouseDown":0,"CountMouseMove":0,"CountNonClickTaleJsErrors":3,"Country":"United States","CountryCode":"US","CountryID":null,"CountScrollX":2,"CountScrollY":303,"CreateDate":"2018-10-23T22:39:43.788","Description":"","Device":"SM-N920V Galaxy Note 5","DeviceID":null,"DeviceTypeID":2,"Domain":"www.nautica.com","DomainID":null,"ErrorCount":0,"Exposure":9,"FetchURL":"","FormCount":0,"FullRecordingData":"","HtmlCharset":"UTF-8","HtmlCheck":null,"HttpCharset":"","IP":null,"IsPhysicalSizeDefault":false,"IsTouch":true,"JsErrors":[{"IsClickTaleJsError":false,"JsErrorMessage":"Script error.","JsErrorUrl":"","Line":0},{"IsClickTaleJsError":false,"JsErrorMessage":"Script error.","JsErrorUrl":"","Line":0},{"IsClickTaleJsError":false,"JsErrorMessage":"Uncaught TypeError: Cannot read property 'width' of null","JsErrorUrl":"https://www.nautica.com/on/demandware.static/Sites-nau-Site/-/default/v1540306857866/js/main.js","Line":1}],"LanguageCode":"en-US","LayoutViewportWidth":412,"Length":66917,"Location":"https://www.nautica.com/short-sleeve-slim-fit-solid-deck-polo/KR7211.html?dwvar_KR7211_color=018#uuid=02ff14a079c00f1e780613d51d","LocationID":-1,"MaxScrollPercent":10,"Medium":"Internal","MessageCount":69,"MessagesSize":0,"Navigator":"Ch70","OperatingSystem":"Android","OperatingSystemID":null,"OrientationChangeCount":0,"OriginalSID":0,"PhysicalDisplayHeight":50,"PhysicalDisplayWidth":28,"PID":94,"Platform":"Linux armv8l","PreviousSubmitIndication":null,"PopulationType":null,"ProcessingDateTimeUtc":"2018-10-23 22:40:41.864","ProcessingDateTimeZone":"2018-10-23 17:40:41.864","RecorderIsMobile":true,"RecordingDate":1540334383788,"RecordingGUID":"8e0928f0-7041-446e-b198-708afd7f114c","RecordingDateJs":1540334383788,"RecordingEndDate":1540334450705,"Referrer":"https://www.nautica.com/mens-polos/","ReferrerID":-1,"Region":"Georgia","RegionCode":"GA","RegionID":null,"SID":1970405110382643,"SizeScrollH":13535,"SizeScrollW":442,"SizeScrW":412,"SizeScrH":732,"TrueSizeScrW":412,"TrueSizeScrH":732,"SizeWndEndH":652,"SizeWndEndW":412,"SizeWndIniH":608,"SizeWndIniW":412,"Source":"nautica.com","SubmitCount":0,"SubscriberId":69859,"Tags":[{"TagName":"jserror","TagTypeID":2},{"TagName":"CT2MappingTag_272_3540211536755681_3098650969704011_5743136426123291","TagTypeID":0},{"TagName":"Config: Release_20181008","TagTypeID":0},{"TagName":"VE | Onload - Nautica.com - short-sleeve-slim-fit-solid-deck-polo-KR7211.html","TagTypeID":0},{"TagName":"VE Action | Men's PDP | Color Swatches","TagTypeID":0},{"TagName":"VE Onload | Page Type | product","TagTypeID":0},{"TagName":"VE Onload | Category | short-sleeve-slim-fit-solid-deck-polo","TagTypeID":0},{"TagName":"VE | Onload - PDP page","TagTypeID":0}],"TapCount":36,"Term":null,"TimeDOMLoad":7738,"TimeExitPause":200,"TimeInit":10378,"TimeLoad":17494,"TimeStart":5873,"TimeToFirstClick":7406,"TimeUnload":66917,"TimeWebPageFetch":0,"TimeZone":-240,"TrafficCampaignID":-1,"TrafficContentID":-1,"TrafficMediumID":-1,"TrafficSourceID":-1,"TrafficTermID":-1,"UID":1970403399155948,"UserAgent":"Mozilla/5.0 (Linux; Android 7.0; SM-N920V) AppleWebKit/537.36 (KHTML, like Gecko) Chrome/70.0.3538.64 Mobile Safari/537.36","UserAgentID":-1,"Version":16,"VersionMinor":15,"WebPageHash":"c62ixX4bU3c0bHQenxUaWPy0+rM=","WRAttemptedCounter":5,"WRCheckedCounter":5,"WRGlobalCounter":5,"WRRecordedCounter":5,"XMLSize":49371,"DSRSize":479315,"HTMLSize":264506,"ZoomCount":4,"MachineName":"WIN-9S1CHG83531","IpAddress":"172.27.13.155","ProcessVersion":"1.0.1.157","ProcessingStartTimeUtc":"2018-10-23T22:40:41.7859557Z","ProcessingEndTimeUtc":"2018-10-23T22:40:41.86408Z","ProcessingElapsedMilliseconds":78, "cage_ip":"172.27.13.236", "cage_version":"2.2.31", "cage_time":1540334445020,"avroSize":12010,"avroCompressedSize":6334}