{"VersionInfo":{"util":"2.9.0.7-a4f4a451","model":"2.9.0.13-25d4967c","parser":"2.9.0.13-7e06ccef","exporter":"2.9.0.13-015c9cec","pipe":"2.9.0.13-f78280e8"},"DeviceTypeID":1,"Device":"","OperatingSystem":"Windows","PhysicalDisplayHeight":null,"PhysicalDisplayWidth":null,"RecorderIsMobile":false,"IsTouch":false,"TapCount":0,"ZoomCount":0,"Campaign":null,"Content":null,"Medium":"Internal","Term":null,"ClientHeightFinal":657,"ClientHeightInitial":657,"ClientWidthFinal":1366,"ClientWidthInitial":1366,"SizeWndEndH":657,"SizeWndIniH":657,"SizeWndEndW":1366,"SizeWndIniW":1366,"LayoutViewportWidth":1349,"SizeScrW":1366,"SizeScrH":768,"TrueSizeScrH":768,"TrueSizeScrW":1366,"XMLSize":95923,"DSRSize":18255,"CountScrollX":0,"CountScrollY":313,"MaxScrollPercent":71,"SizeScrollH":1942,"SizeScrollW":1349,"PreviousSubmitIndication":null,"SubmitCount":0,"CountryCode":"DO","City":"Santo Domingo","Country":"Dominican Republic","Region":"Nacional","RegionCode":"01","ActiveTime":74767,"Domain":"www.nautica.com","LanguageCode":"en-US","Navigator":"Ch69","Platform":"Win32","BodyCheck":null,"HtmlCheck":null,"Version":16,"VersionMinor":15,"ClicksBelowFold":0,"ClicksOnLinkLikeElements":0,"ClicksOnNonLinkLikeElements":1,"Exposure":70,"WRAttemptedCounter":270,"WRCheckedCounter":270,"WRGlobalCounter":270,"WRRecordedCounter":265,"MessageCount":22,"MessagesSize":16599,"OriginalSID":1970437177180455,"SID":1970437177180455,"PID":94,"UID":1864946723554659,"SubscriberId":69859,"UserAgent":"Mozilla/5.0 (Windows NT 10.0; Win64; x64) AppleWebKit/537.36 (KHTML, like Gecko) Chrome/69.0.3497.100 Safari/537.36","PopulationType":null,"CountJSError":0,"CountNonClickTaleJsErrors":0,"JsErrors":[],"Tags":[{"TagName":"VE | Onload - Nautica.com - order-history","TagTypeID":0},{"TagName":"Onload | Sign In Modal","TagTypeID":0},{"TagName":"CT2MappingTag_272_633622347409420_2302123209218798_8153990892422823","TagTypeID":0},{"TagName":"Config: Release_20181008","TagTypeID":0}],"RecordingGUID":"1781b265-55f3-4841-b91b-cc8e8756a35a","Referrer":"https://www.nautica.com/order-history","ContentSourceID":2,"Location":"https://www.nautica.com/order-history?dwcont=C1676249372","FormCount":1,"ContentSize":168515,"HTMLSize":168515,"HtmlCharset":"UTF-8","WebpageHash":"opkVJXbEYKeA9WyZmCIoht0tyeU=","CountMouseDown":1,"CountMouseMove":752,"ClientDate":1540336341470,"Length":74981,"ProcessingDateTimeUtc":"2018-10-23 23:13:31.724","ProcessingDateTimeZone":"2018-10-23 17:13:31.724","ClientRecordingDateTimeUtc":"2018-10-23 23:12:21.470","ClientRecordingDateTimeZone":"2018-10-23 17:12:21.470","RecordingDate":1540336336676,"RecordingDateJs":1540336336676,"RecordingEndDate":1540336411657,"TimeDOMLoad":3298,"TimeExitPause":200,"TimeInit":4794,"TimeLoad":6167,"TimeStart":4334,"TimeToFirstClick":72833,"TimeUnload":74981,"TimeZone":-240,"Description":"","CreateDate":"2018-10-23T23:13:31.711","ErrorCount":0,"AuthenticationUnixTime":1540336340990,"OrientationChangeCount":0,"Source":"nautica.com","IP":"172.27.15.155","ClientDateTime":0,"TimeWebPageFetch":0,"CityID":null,"LocationID":-1,"DeviceID":null,"DomainID":null,"FetchURL":"","FullRecordingData":"","HttpCharset":"","ReferrerID":-1,"TrafficCampaignID":-1,"TrafficContentID":-1,"TrafficMediumID":-1,"TrafficSourceID":-1,"TrafficTermID":-1,"UserAgentID":-1,"CountryID":null,"RegionID":null, "cage_ip":"172.27.13.40", "cage_version":"2.2.31", "cage_time":1540336411818,"avroSize":23714,"avroCompressedSize":11486}