{"ActiveTime":20926,"AuthenticationUnixTime":1540329913423,"BodyCheck":null,"Campaign":null,"City":"El Salvador","CityID":null,"ClicksBelowFold":0,"ClicksOnLinkLikeElements":0,"ClicksOnNonLinkLikeElements":0,"ClientDate":1540329913423,"ClientDateTime":0,"ClientHeightFinal":657,"ClientHeightInitial":657,"ClientRecordingDateTimeUtc":"2018-10-23 21:25:13.423","ClientRecordingDateTimeZone":"2018-10-23 16:25:13.423","ClientWidthFinal":1366,"ClientWidthInitial":1366,"Content":null,"ContentSize":222572,"ContentSourceID":2,"CountJSError":0,"CountMouseDown":0,"CountMouseMove":28,"CountNonClickTaleJsErrors":0,"Country":"Guatemala","CountryCode":"GT","CountryID":null,"CountScrollX":0,"CountScrollY":0,"CreateDate":"2018-10-23T21:25:13.423","Description":"","Device":"","DeviceID":null,"DeviceTypeID":1,"Domain":"www.nautica.com","DomainID":null,"ErrorCount":0,"Exposure":19,"FetchURL":"","FormCount":0,"FullRecordingData":"","HtmlCharset":"UTF-8","HtmlCheck":null,"HttpCharset":"","IP":null,"IsPhysicalSizeDefault":null,"IsTouch":false,"JsErrors":[],"LanguageCode":"","LayoutViewportWidth":1349,"Length":1812386,"Location":"https://www.nautica.com/kids-boys-tees/?prefn1=size&prefv1=M%2810%2F12%29","LocationID":-1,"MaxScrollPercent":20,"Medium":"Internal","MessageCount":56,"MessagesSize":0,"Navigator":"Ch69","OperatingSystem":"Windows","OperatingSystemID":null,"OrientationChangeCount":0,"OriginalSID":0,"PhysicalDisplayHeight":null,"PhysicalDisplayWidth":null,"PID":94,"Platform":"Win32","PreviousSubmitIndication":null,"PopulationType":null,"ProcessingDateTimeUtc":"2018-10-23 21:55:12.202","ProcessingDateTimeZone":"2018-10-23 16:55:12.202","RecorderIsMobile":false,"RecordingDate":1540329913423,"RecordingGUID":"e189aa18-d656-4916-a183-6b4382697318","RecordingDateJs":1540329913423,"RecordingEndDate":1540331725809,"Referrer":"https://www.nautica.com/sale-boys-2t-7/","ReferrerID":-1,"Region":"Departamento de Huehuetenango","RegionCode":"HU","RegionID":null,"SID":1970331867922581,"SizeScrollH":3294,"SizeScrollW":1379,"SizeScrW":1366,"SizeScrH":768,"TrueSizeScrW":1366,"TrueSizeScrH":768,"SizeWndEndH":657,"SizeWndEndW":1366,"SizeWndIniH":657,"SizeWndIniW":1366,"Source":"nautica.com","SubmitCount":0,"SubscriberId":69859,"Tags":[{"TagName":"Config: Release_20181008","TagTypeID":0},{"TagName":"CT2MappingTag_272_8376665776915672_6908123017700518_8205885407322364","TagTypeID":0},{"TagName":"VE | Onload - Nautica.com - kids-boys-tees-","TagTypeID":0},{"TagName":"VE Onload | Page Type | category","TagTypeID":0},{"TagName":"VE Onload | Category | kids-boys-tees","TagTypeID":0},{"TagName":"VE | Onload - PLP page","TagTypeID":0},{"TagName":"Action | Top Nav - Women","TagTypeID":0}],"TapCount":0,"Term":null,"TimeDOMLoad":8505,"TimeExitPause":200,"TimeInit":11434,"TimeLoad":14677,"TimeStart":10444,"TimeToFirstClick":null,"TimeUnload":null,"TimeWebPageFetch":0,"TimeZone":-360,"TrafficCampaignID":-1,"TrafficContentID":-1,"TrafficMediumID":-1,"TrafficSourceID":-1,"TrafficTermID":-1,"UID":1887198846042338,"UserAgent":"Mozilla/5.0 (Windows NT 10.0; Win64; x64) AppleWebKit/537.36 (KHTML, like Gecko) Chrome/69.0.3497.100 Safari/537.36","UserAgentID":-1,"Version":16,"VersionMinor":15,"WebPageHash":"ttv6MHsqFyMD25i4/aTF7b23p4k=","WRAttemptedCounter":62,"WRCheckedCounter":62,"WRGlobalCounter":62,"WRRecordedCounter":49,"XMLSize":17162,"DSRSize":39662,"HTMLSize":222572,"ZoomCount":0,"MachineName":"WIN-9S1CHG83531","IpAddress":"172.27.13.155","ProcessVersion":"1.0.1.157","ProcessingStartTimeUtc":"2018-10-23T21:55:12.1556136Z","ProcessingEndTimeUtc":"2018-10-23T21:55:12.202486Z","ProcessingElapsedMilliseconds":46, "cage_ip":"172.27.13.236", "cage_version":"2.2.31", "cage_time":1540331715339,"avroSize":4773,"avroCompressedSize":2561}