{"VersionInfo":{"util":"2.9.0.7-a4f4a451","model":"2.9.0.13-25d4967c","parser":"2.9.0.13-7e06ccef","exporter":"2.9.0.13-015c9cec","pipe":"2.9.0.13-f78280e8"},"DeviceTypeID":2,"Device":"Galaxy Note 5","OperatingSystem":"Android","PhysicalDisplayHeight":50,"PhysicalDisplayWidth":28,"RecorderIsMobile":true,"IsTouch":true,"TapCount":40,"ZoomCount":0,"Campaign":null,"Content":null,"Medium":"Internal","Term":null,"ClientHeightFinal":652,"ClientHeightInitial":608,"ClientWidthFinal":412,"ClientWidthInitial":412,"SizeWndEndH":652,"SizeWndIniH":608,"SizeWndEndW":412,"SizeWndIniW":412,"LayoutViewportWidth":412,"SizeScrW":412,"SizeScrH":732,"TrueSizeScrH":732,"TrueSizeScrW":412,"XMLSize":49544,"DSRSize":932592,"CountScrollX":2,"CountScrollY":303,"MaxScrollPercent":10,"SizeScrollH":13535,"SizeScrollW":442,"PreviousSubmitIndication":null,"SubmitCount":0,"CountryCode":"US","City":"Byron","Country":"United States","Region":"Georgia","RegionCode":"GA","ActiveTime":69645,"Domain":"www.nautica.com","LanguageCode":"en-US","Navigator":"Ch70","Platform":"Linux armv8l","BodyCheck":null,"HtmlCheck":null,"Version":16,"VersionMinor":15,"ClicksBelowFold":0,"ClicksOnLinkLikeElements":3,"ClicksOnNonLinkLikeElements":0,"Exposure":9,"WRAttemptedCounter":5,"WRCheckedCounter":5,"WRGlobalCounter":5,"WRRecordedCounter":5,"MessageCount":69,"MessagesSize":48228,"OriginalSID":1970405110382643,"SID":1970405110382643,"PID":94,"UID":1970403399155948,"SubscriberId":69859,"UserAgent":"Mozilla/5.0 (Linux; Android 7.0; SM-N920V) AppleWebKit/537.36 (KHTML, like Gecko) Chrome/70.0.3538.64 Mobile Safari/537.36","PopulationType":null,"CountJSError":3,"CountNonClickTaleJsErrors":3,"JsErrors":[{"jsErrorMessage":"Script error.","jsErrorUrl":"","line":0,"isClickTaleJsError":false},{"jsErrorMessage":"Script error.","jsErrorUrl":"","line":0,"isClickTaleJsError":false},{"jsErrorMessage":"Uncaught TypeError: Cannot read property 'width' of null","jsErrorUrl":"https://www.nautica.com/on/demandware.static/Sites-nau-Site/-/default/v1540306857866/js/main.js","line":1,"isClickTaleJsError":false}],"Tags":[{"TagName":"VE Action | Men's PDP | Color Swatches","TagTypeID":0},{"TagName":"VE | Onload - Nautica.com - short-sleeve-slim-fit-solid-deck-polo-KR7211.html","TagTypeID":0},{"TagName":"Config: Release_20181008","TagTypeID":0},{"TagName":"VE Onload | Category | short-sleeve-slim-fit-solid-deck-polo","TagTypeID":0},{"TagName":"CT2MappingTag_272_3540211536755681_3098650969704011_5743136426123291","TagTypeID":0},{"TagName":"VE | Onload - PDP page","TagTypeID":0},{"TagName":"VE Onload | Page Type | product","TagTypeID":0}],"RecordingGUID":"7c81c943-61dd-465a-a51f-3040f7438e9b","Referrer":"https://www.nautica.com/mens-polos/","ContentSourceID":2,"Location":"https://www.nautica.com/short-sleeve-slim-fit-solid-deck-polo/KR7211.html?dwvar_KR7211_color=018#uuid=02ff14a079c00f1e780613d51d","FormCount":0,"ContentSize":264534,"HTMLSize":264534,"HtmlCharset":"UTF-8","WebpageHash":"4a1fodGT+2vwT4KzuXsCoTVR/Io=","CountMouseDown":0,"CountMouseMove":0,"ClientDate":1540334384586,"Length":66917,"ProcessingDateTimeUtc":"2018-10-23 22:40:44.893","ProcessingDateTimeZone":"2018-10-23 16:40:44.893","ClientRecordingDateTimeUtc":"2018-10-23 22:39:44.586","ClientRecordingDateTimeZone":"2018-10-23 16:39:44.586","RecordingDate":1540334374208,"RecordingDateJs":1540334374208,"RecordingEndDate":1540334441125,"TimeDOMLoad":7738,"TimeExitPause":200,"TimeInit":10378,"TimeLoad":17494,"TimeStart":5873,"TimeToFirstClick":7406,"TimeUnload":66917,"TimeZone":-240,"Description":"","CreateDate":"2018-10-23T22:40:44.854","ErrorCount":0,"AuthenticationUnixTime":1540334383788,"OrientationChangeCount":0,"Source":"nautica.com","IP":"172.27.15.155","ClientDateTime":0,"TimeWebPageFetch":0,"CityID":null,"LocationID":-1,"DeviceID":null,"DomainID":null,"FetchURL":"","FullRecordingData":"","HttpCharset":"","ReferrerID":-1,"TrafficCampaignID":-1,"TrafficContentID":-1,"TrafficMediumID":-1,"TrafficSourceID":-1,"TrafficTermID":-1,"UserAgentID":-1,"CountryID":null,"RegionID":null, "cage_ip":"172.27.13.40", "cage_version":"2.2.31", "cage_time":1540334445019,"avroSize":12045,"avroCompressedSize":6346}