<?xml version="1.0" encoding="utf-8"?><recording xmlns:xsd="http://www.w3.org/2001/XMLSchema" xmlns:xsi="http://www.w3.org/2001/XMLSchema-instance" ip=""  TrueSizeScrH="732" TrueSizeScrW="412" enriched="true" userAgent="Mozilla/5.0 (Linux; Android 7.0; SM-N920V) AppleWebKit/537.36 (KHTML, like Gecko) Chrome/70.0.3538.64 Mobile Safari/537.36" contentSource="stream" fetchFrom="" location="https://www.nautica.com/short-sleeve-slim-fit-solid-deck-polo/KR7211.html?dwvar_KR7211_color=018#uuid=02ff14a079c00f1e780613d51d" t="10378" navigator="Ch70" platform="Linux armv8l" scrw="412" scrh="732" scrx="0" scry="0" scrDepth="24" itime="1540334376512" timeZone="-4" w="412" h="608" cw="412" ch="608" eventMask="383" cookieFlag="1" languageCode="en-US" uid="1970403399155948" uid2="0" referrer="https://www.nautica.com/mens-polos/" country="United States" countryCode="US" webPageHash="e1ad5fa1d193fb6bf04f82b3b97b02a13551fc8a" version="16" length="66917" activeTime="69645" rtime="1540334374208" errorCount="0" messagesCount="69" messagesSize="128516" pid="94" sid="1970405110382643" tapCount="40" originalLocation="https://www.nautica.com/short-sleeve-slim-fit-solid-deck-polo/KR7211.html?dwvar_KR7211_color=018#uuid=02ff14a079c00f1e780613d51d" sw="442" sh="13535" pageContentSize="264534" recorderVersionMajor="16" recorderVersionMinor="15" historyLength="4" isClassifiedInThisSession="false" lh="652" lw="412" orientation="0" isRecorderMobile="true" exposure="9" deviceType="2" device="Galaxy Note 5" operatingSystem="Android" physicalDisplayHeight="50" physicalDisplayWidth="28" devicePixelRatio="3.5" globalPageviewCounter="5" attemptedPageviewCounter="5" checkedPageviewCounter="5" recordedPageviewCounter="5" clicksOnLinkLikeElements="3" clicksOnNonLinkLikeElements="0" clicksBelowFold="0" timeToFirstClick="7406"><tag t="5861">CT2MappingTag_272_3540211536755681_3098650969704011_5743136426123291</tag><start t="5873" /><tag t="5890">Config: Release_20181008</tag><execextern t="5890" streamID="18" /><domload t="7738" /><init t="10378" w="412" h="652" cw="412" ch="652" lw="412" lh="652" orientation="0" /><elmPos t="10407" id="0" x="0" y="0" h="2729" w="442" ><path></path><children><child tagCode="2884" x="0" y="0" w="412" h="2729" index="2" /></children></elmPos><focus t="10408" id="0" /><field t="6670" name="isMobile">true</field><tag t="6671">VE | Onload - Nautica.com - short-sleeve-slim-fit-solid-deck-polo-KR7211.html</tag><stream t="7364" id="1" size="264459" /><uploadstream t="7366" streamID="1" /><elmPath t="7404" id="1"><path><element  tagCode="2884" index="2" id="wrapper"/></path></elmPath><elmPath t="7405" id="2"><path><element  tagCode="2884" index="2" id="wrapper"/><element  tagCode="2884" index="2" id="main" parentid="1"/></path></elmPath><elmPath t="7405" id="3"><path><element  tagCode="2884" index="2" id="wrapper"/><element  tagCode="2884" index="2" id="main" parentid="1"/><element  tagCode="2884" index="0" id="pdp-detail" parentid="2"/></path></elmPath><elmPath t="7406" id="4"><path><element  tagCode="2884" index="2" id="wrapper"/><element  tagCode="2884" index="2" id="main" parentid="1"/><element  tagCode="2884" index="0" id="pdp-detail" parentid="2"/><element  tagCode="2884" index="0" parentid="3"/><element  tagCode="2884" index="0" id="pdp-main"/></path></elmPath><elmPath t="7406" id="5"><path><element  tagCode="2884" index="2" id="wrapper"/><element  tagCode="2884" index="2" id="main" parentid="1"/><element  tagCode="2884" index="0" id="pdp-detail" parentid="2"/><element  tagCode="2884" index="0" parentid="3"/><element  tagCode="2884" index="0" id="pdp-main"/><element  tagCode="2884" index="1" parentid="4"/><element  tagCode="2884" index="1"/><element  tagCode="2884" index="2" id="product-content"/></path></elmPath><elmPos t="7406" id="6" x="315" y="568" h="35" w="35" ><path><element  tagCode="2884" index="2" id="wrapper"/><element  tagCode="2884" index="2" id="main" parentid="1"/><element  tagCode="2884" index="0" id="pdp-detail" parentid="2"/><element  tagCode="2884" index="0" parentid="3"/><element  tagCode="2884" index="0" id="pdp-main"/><element  tagCode="2884" index="1" parentid="4"/><element  tagCode="2884" index="1"/><element  tagCode="2884" index="2" id="product-content"/><element  tagCode="2884" index="2" parentid="5"/><element  tagCode="2884" index="0"/><element  tagCode="117" index="0"/><element  tagCode="76" index="31"/><element  tagCode="1" index="0"/></path><children /></elmPos><tap t="7406" x="337" y="586" eid="6"/><touchstart t="7406" eid="6" touchid="0" touchcount="1" x="337" y="586" /><tag t="7547">VE Action | Men&apos;s PDP | Color Swatches</tag><execextern t="7608" streamID="19" /><click t="7612" id="6" /><stream t="7959" id="2" size="14248" /><execextern t="7959" streamID="2" /><execextern t="8127" streamID="20" /><stream t="8389" id="3" size="7708" /><execextern t="8389" streamID="3" /><tag t="8409">VE Onload | Page Type | product</tag><tag t="8409">VE Onload | Category | short-sleeve-slim-fit-solid-deck-polo</tag><execextern t="8498" streamID="21" /><resize t="8578" w="412" h="652" cw="412" ch="652" sh="2737" sw="442" lh="652" lw="412" orientation="0" /><tag t="8580">VE | Onload - PDP page</tag><elmPath t="8632" id="2"><path><element  tagCode="2884" index="2" id="wrapper"/><element  tagCode="2884" index="3" id="main" parentid="1"/></path></elmPath><elmPath t="8632" id="3"><path><element  tagCode="2884" index="2" id="wrapper"/><element  tagCode="2884" index="3" id="main" parentid="1"/><element  tagCode="2884" index="0" id="pdp-detail" parentid="2"/></path></elmPath><elmPath t="8632" id="4"><path><element  tagCode="2884" index="2" id="wrapper"/><element  tagCode="2884" index="3" id="main" parentid="1"/><element  tagCode="2884" index="0" id="pdp-detail" parentid="2"/><element  tagCode="2884" index="0" parentid="3"/><element  tagCode="2884" index="0" id="pdp-main"/></path></elmPath><elmPath t="8632" id="5"><path><element  tagCode="2884" index="2" id="wrapper"/><element  tagCode="2884" index="3" id="main" parentid="1"/><element  tagCode="2884" index="0" id="pdp-detail" parentid="2"/><element  tagCode="2884" index="0" parentid="3"/><element  tagCode="2884" index="0" id="pdp-main"/><element  tagCode="2884" index="1" parentid="4"/><element  tagCode="2884" index="1"/><element  tagCode="2884" index="2" id="product-content"/></path></elmPath><elmPath t="8632" id="6"><path><element  tagCode="2884" index="2" id="wrapper"/><element  tagCode="2884" index="3" id="main" parentid="1"/><element  tagCode="2884" index="0" id="pdp-detail" parentid="2"/><element  tagCode="2884" index="0" parentid="3"/><element  tagCode="2884" index="0" id="pdp-main"/><element  tagCode="2884" index="1" parentid="4"/><element  tagCode="2884" index="1"/><element  tagCode="2884" index="2" id="product-content"/><element  tagCode="2884" index="2" parentid="5"/><element  tagCode="2884" index="0"/><element  tagCode="117" index="0"/><element  tagCode="76" index="31"/><element  tagCode="1" index="0"/></path></elmPath><elmPos t="8634" id="6" x="315" y="539" h="35" w="35"><children /></elmPos><tap t="8634" x="315" y="539" eid="6"/><touchstart t="8634" eid="6" touchid="0" touchcount="1" x="315" y="539" /><tap t="8636" x="315" y="539" eid="6"/><touchstart t="8636" eid="6" touchid="0" touchcount="1" x="315" y="539" /><execextern t="8676" streamID="22" /><execextern t="8723" streamID="23" /><execextern t="8787" streamID="24" /><execextern t="8820" streamID="25" /><stream t="8844" id="4" size="2962" /><execextern t="8844" streamID="4" /><stream t="8942" id="5" size="2910" /><execextern t="8942" streamID="5" /><execextern t="9230" streamID="26" /><resize t="9288" w="412" h="652" cw="412" ch="652" sh="3202" sw="442" lh="652" lw="412" orientation="0" /><execextern t="9319" streamID="27" /><execextern t="9339" streamID="28" /><execextern t="9347" streamID="29" /><execextern t="9351" streamID="30" /><execextern t="9355" streamID="31" /><execextern t="9358" streamID="32" /><execextern t="9363" streamID="33" /><execextern t="9367" streamID="34" /><execextern t="9383" streamID="35" /><execextern t="9390" streamID="36" /><execextern t="9396" streamID="37" /><execextern t="9406" streamID="38" /><stream t="9455" id="6" size="2371" /><execextern t="9455" streamID="6" /><execextern t="9560" streamID="39" /><execextern t="9577" streamID="40" /><execextern t="9587" streamID="41" /><execextern t="9694" streamID="42" /><execextern t="10270" streamID="43" /><execextern t="10339" streamID="44" /><execextern t="10362" streamID="45" /><error t="10596" msg="Script error." url="" line="0" /><stream t="10630" id="7" size="2218" /><execextern t="10630" streamID="7" /><error t="10828" msg="Script error." url="" line="0" /><stream t="10867" id="8" size="2114" /><execextern t="10867" streamID="8" /><elmPos t="10883" id="7" x="20" y="194" h="372" w="372" ><path><element  tagCode="2884" index="2" id="wrapper"/><element  tagCode="2884" index="3" id="main" parentid="1"/><element  tagCode="2884" index="0" id="pdp-detail" parentid="2"/><element  tagCode="2884" index="0" parentid="3"/><element  tagCode="2884" index="0" id="pdp-main"/><element  tagCode="2884" index="1" parentid="4"/><element  tagCode="2884" index="0"/><element  tagCode="2884" index="0"/><element  tagCode="2884" index="1"/><element  tagCode="2884" index="0"/><element  tagCode="2884" index="0"/><element  tagCode="2884" index="0"/><element  tagCode="2884" index="0"/><element  tagCode="2884" index="0"/><element  tagCode="2884" index="0"/><element  tagCode="2884" index="0"/><element  tagCode="2884" index="3"/></path><children /></elmPos><scrolltap t="10883" x="324" y="443" eid="7" angle="90" speed="0" /><touchstart t="10883" eid="7" touchid="0" touchcount="1" x="324" y="443" /><execextern t="10905" streamID="46" /><execextern t="10920" streamID="47" /><scrolly t="10973" y="112" /><scrolly t="11028" y="130" /><execextern t="11036" streamID="48" /><execextern t="11127" streamID="49" /><scrolly t="11134" y="131" /><stream t="12537" id="9" size="174402" /><execextern t="12537" streamID="9" /><elmPos t="12548" id="8" x="250" y="583" h="95" w="95" ><path><element  tagCode="2884" index="2" id="wrapper"/><element  tagCode="2884" index="3" id="main" parentid="1"/><element  tagCode="2884" index="0" id="pdp-detail" parentid="2"/><element  tagCode="2884" index="0" parentid="3"/><element  tagCode="2884" index="0" id="pdp-main"/><element  tagCode="2884" index="1" parentid="4"/><element  tagCode="2884" index="0"/><element  tagCode="2884" index="0"/><element  tagCode="2884" index="1"/><element  tagCode="2884" index="1"/><element  tagCode="2884" index="0"/><element  tagCode="2884" index="0"/><element  tagCode="2884" index="0"/><element  tagCode="2884" index="2"/><element  tagCode="2884" index="0"/><element  tagCode="2884" index="0"/><element  tagCode="873" index="0"/></path><children /></elmPos><tap t="12548" x="289" y="484" eid="8"/><touchstart t="12548" eid="8" touchid="0" touchcount="1" x="289" y="484" /><execextern t="12574" streamID="50" /><stream t="13653" id="10" size="175753" /><execextern t="13653" streamID="10" /><stream t="13986" id="11" size="6239" /><execextern t="13986" streamID="11" /><stream t="14152" id="12" size="6239" /><execextern t="14152" streamID="12" /><elmPos t="14162" id="9" x="20" y="763" h="25" w="372" ><path><element  tagCode="2884" index="2" id="wrapper"/><element  tagCode="2884" index="3" id="main" parentid="1"/><element  tagCode="2884" index="0" id="pdp-detail" parentid="2"/><element  tagCode="2884" index="0" parentid="3"/><element  tagCode="2884" index="0" id="pdp-main"/><element  tagCode="2884" index="1" parentid="4"/><element  tagCode="2884" index="1"/><element  tagCode="2884" index="1"/><element  tagCode="2884" index="0"/></path><children /></elmPos><scrolltap t="14162" x="297" y="518" eid="9" angle="90" speed="0" /><touchstart t="14162" eid="9" touchid="0" touchcount="1" x="297" y="518" /><execextern t="14175" streamID="51" /><scrolly t="14181" y="252" /><stream t="14377" id="13" size="2223" /><execextern t="14377" streamID="13" /><error t="14404" msg="Uncaught TypeError: Cannot read property &apos;width&apos; of null" url="https://www.nautica.com/on/demandware.static/Sites-nau-Site/-/default/v1540306857866/js/main.js" line="1" /><execextern t="14523" streamID="52" /><scrolly t="15120" y="413" /><scrolly t="15164" y="429" /><execextern t="15324" streamID="53" /><execextern t="15350" streamID="54" /><elmPos t="15875" id="10" x="0" y="0" h="13909" w="442" ><path></path><children><child tagCode="2884" x="0" y="0" w="412" h="13909" index="2" /></children></elmPos><tap t="15876" x="82" y="634" eid="10"/><touchstart t="15876" eid="10" touchid="0" touchcount="1" x="82" y="634" /><execextern t="15928" streamID="55" /><execextern t="16178" streamID="56" /><resize t="16899" w="412" h="608" cw="412" ch="608" sh="13909" sw="442" lh="608" lw="412" orientation="0" /><execextern t="16943" streamID="57" /><tap t="16965" x="250" y="154" eid="8"/><touchstart t="16965" eid="8" touchid="0" touchcount="1" x="250" y="154" /><execextern t="17004" streamID="58" /><execextern t="17038" streamID="59" /><execextern t="17053" streamID="60" /><execextern t="17071" streamID="61" /><execextern t="17409" streamID="62" /><execextern t="17412" streamID="63" /><execextern t="17415" streamID="64" /><execextern t="17462" streamID="65" /><execextern t="17493" streamID="66" /><load t="17494" w="412" h="608" cw="412" ch="608" sw="442" sh="13535" lw="412" lh="608" orientation="0" /><execextern t="17602" streamID="67" /><execextern t="17667" streamID="68" /><execextern t="18092" streamID="69" /><elmPos t="19473" id="11" x="20" y="759" h="74" w="372" ><path><element  tagCode="2884" index="2" id="wrapper"/><element  tagCode="2884" index="3" id="main" parentid="1"/><element  tagCode="2884" index="0" id="pdp-detail" parentid="2"/><element  tagCode="2884" index="0" parentid="3"/><element  tagCode="2884" index="0" id="pdp-main"/><element  tagCode="2884" index="1" parentid="4"/><element  tagCode="2884" index="1"/><element  tagCode="2884" index="2" id="product-content"/><element  tagCode="2884" index="2" parentid="5"/><element  tagCode="2884" index="1"/><element  tagCode="117" index="0"/></path><children><child tagCode="76" x="0" y="0" w="42" h="37" index="0" /><child tagCode="76" x="47" y="0" w="42" h="37" index="1" /><child tagCode="76" x="94" y="0" w="54" h="37" index="2" /><child tagCode="76" x="153" y="0" w="54" h="37" index="3" /><child tagCode="76" x="212" y="0" w="54" h="37" index="4" /><child tagCode="76" x="271" y="0" w="54" h="37" index="5" /><child tagCode="76" x="0" y="37" w="54" h="37" index="6" /></children></elmPos><scrolltap t="19473" x="352" y="346" eid="11" angle="270" speed="0" /><touchstart t="19473" eid="11" touchid="0" touchcount="1" x="352" y="346" /><scrolly t="19680" y="427" /><scrolly t="19717" y="420" /><scrolly t="19742" y="416" /><scrolly t="19769" y="411" /><scrolly t="19785" y="409" /><scrolly t="19803" y="407" /><scrolly t="19822" y="405" /><scrolly t="19853" y="404" /><scrolly t="20189" y="403" /><scrolly t="20238" y="397" /><scrolly t="20270" y="393" /><scrolly t="20304" y="389" /><scrolly t="20321" y="388" /><scrolly t="20344" y="384" /><scrolly t="20356" y="383" /><scrolly t="20385" y="378" /><scrolly t="20401" y="375" /><scrolly t="20424" y="373" /><scrolly t="20455" y="370" /><scrolly t="20508" y="367" /><scrolly t="20551" y="366" /><scrolly t="20604" y="365" /><scrolly t="20644" y="364" /><scrolly t="20672" y="363" /><scrolly t="20687" y="361" /><scrolly t="20718" y="360" /><scrolly t="20747" y="359" /><scrolly t="20770" y="357" /><scrolly t="20786" y="355" /><scrolly t="20805" y="353" /><scrolly t="20822" y="352" /><scrolly t="20839" y="349" /><scrolly t="20857" y="348" /><scrolly t="20873" y="347" /><scrolly t="20920" y="344" /><scrolly t="20936" y="343" /><scrolly t="20953" y="342" /><scrolly t="20970" y="341" /><elmPos t="21320" id="12" x="20" y="503" h="210" w="372" ><path><element  tagCode="2884" index="2" id="wrapper"/><element  tagCode="2884" index="3" id="main" parentid="1"/><element  tagCode="2884" index="0" id="pdp-detail" parentid="2"/><element  tagCode="2884" index="0" parentid="3"/><element  tagCode="2884" index="0" id="pdp-main"/><element  tagCode="2884" index="1" parentid="4"/><element  tagCode="2884" index="1"/><element  tagCode="2884" index="2" id="product-content"/><element  tagCode="2884" index="2" parentid="5"/><element  tagCode="2884" index="0"/><element  tagCode="117" index="0"/></path><children><child tagCode="76" x="0" y="0" w="37" h="37" index="0" /><child tagCode="76" x="42" y="0" w="37" h="37" index="1" /><child tagCode="76" x="84" y="0" w="37" h="37" index="2" /><child tagCode="76" x="126" y="0" w="37" h="37" index="3" /><child tagCode="76" x="168" y="0" w="37" h="37" index="4" /><child tagCode="76" x="210" y="0" w="37" h="37" index="5" /><child tagCode="76" x="252" y="0" w="37" h="37" index="6" /><child tagCode="76" x="294" y="0" w="37" h="37" index="7" /><child tagCode="76" x="0" y="42" w="37" h="37" index="8" /><child tagCode="76" x="42" y="42" w="37" h="37" index="9" /><child tagCode="76" x="84" y="42" w="37" h="37" index="10" /><child tagCode="76" x="126" y="42" w="37" h="37" index="11" /><child tagCode="76" x="168" y="42" w="37" h="37" index="12" /><child tagCode="76" x="210" y="42" w="37" h="37" index="13" /><child tagCode="76" x="252" y="42" w="37" h="37" index="14" /><child tagCode="76" x="294" y="42" w="37" h="37" index="15" /><child tagCode="76" x="0" y="84" w="37" h="37" index="16" /><child tagCode="76" x="42" y="84" w="37" h="37" index="17" /><child tagCode="76" x="84" y="84" w="37" h="37" index="18" /><child tagCode="76" x="126" y="84" w="37" h="37" index="19" /><child tagCode="76" x="168" y="84" w="37" h="37" index="20" /><child tagCode="76" x="210" y="84" w="37" h="37" index="21" /><child tagCode="76" x="252" y="84" w="37" h="37" index="22" /><child tagCode="76" x="294" y="84" w="37" h="37" index="23" /><child tagCode="76" x="0" y="126" w="37" h="37" index="24" /><child tagCode="76" x="42" y="126" w="37" h="37" index="25" /><child tagCode="76" x="84" y="126" w="37" h="37" index="26" /><child tagCode="76" x="126" y="126" w="37" h="37" index="27" /><child tagCode="76" x="168" y="126" w="37" h="37" index="28" /><child tagCode="76" x="210" y="126" w="37" h="37" index="29" /><child tagCode="76" x="252" y="126" w="37" h="37" index="30" /><child tagCode="76" x="294" y="126" w="37" h="37" index="31" /><child tagCode="76" x="0" y="168" w="37" h="37" index="32" /><child tagCode="76" x="42" y="168" w="37" h="37" index="33" /></children></elmPos><scrolltap t="21321" x="372" y="237" eid="12" angle="270" speed="0" /><touchstart t="21321" eid="12" touchid="0" touchcount="1" x="372" y="237" /><scrolly t="21362" y="332" /><scrolly t="21370" y="322" /><scrolly t="21386" y="299" /><scrolly t="21403" y="278" /><scrolly t="21425" y="269" /><scrolly t="21450" y="252" /><scrolly t="21473" y="232" /><scrolly t="21514" y="214" /><scrolly t="21564" y="194" /><execextern t="21575" streamID="70" /><scrolly t="21607" y="185" /><scrolly t="21624" y="181" /><scrolly t="21641" y="179" /><scrolly t="21654" y="174" /><scrolly t="21674" y="169" /><scrolly t="21691" y="168" /><scrolly t="21709" y="165" /><scrolly t="21723" y="164" /><scrolly t="21739" y="162" /><scrolly t="21762" y="160" /><execextern t="21776" streamID="71" /><scrolly t="21778" y="158" /><scrolly t="21805" y="155" /><scrolly t="21824" y="152" /><scrolly t="21839" y="151" /><scrolly t="21855" y="149" /><scrolly t="21874" y="148" /><scrolly t="21891" y="147" /><scrolly t="21907" y="146" /><scrolly t="21924" y="145" /><scrolly t="21940" y="144" /><scrolly t="22055" y="143" /><scrolly t="22096" y="142" /><execextern t="22129" streamID="72" /><scrolly t="22162" y="140" /><scrolly t="22192" y="139" /><scrolly t="22222" y="138" /><scrolly t="22273" y="137" /><scrolly t="22374" y="136" /><scrolly t="22405" y="135" /><scrolly t="22465" y="134" /><execextern t="22636" streamID="73" /><scrolly t="23015" y="136" /><scrolly t="23042" y="137" /><scrolly t="23059" y="141" /><scrolly t="23074" y="150" /><scrolly t="23095" y="151" /><scrolly t="23125" y="159" /><scrolly t="23140" y="164" /><scrolly t="23157" y="168" /><scrolly t="23174" y="172" /><scrolly t="23191" y="175" /><scrolly t="23206" y="177" /><scrolly t="23225" y="179" /><scrolly t="23241" y="180" /><scrolly t="23257" y="181" /><scrolly t="23274" y="182" /><scrolly t="23291" y="183" /><scrolly t="23326" y="184" /><resize t="23397" w="412" h="708" cw="412" ch="708" sh="13535" sw="442" lh="608" lw="412" orientation="0" /><elmPos t="23726" id="13" x="63" y="672" h="35" w="35" ><path><element  tagCode="2884" index="2" id="wrapper"/><element  tagCode="2884" index="3" id="main" parentid="1"/><element  tagCode="2884" index="0" id="pdp-detail" parentid="2"/><element  tagCode="2884" index="0" parentid="3"/><element  tagCode="2884" index="0" id="pdp-main"/><element  tagCode="2884" index="1" parentid="4"/><element  tagCode="2884" index="1"/><element  tagCode="2884" index="2" id="product-content"/><element  tagCode="2884" index="2" parentid="5"/><element  tagCode="2884" index="0"/><element  tagCode="117" index="0"/><element  tagCode="76" index="33" parentid="12"/><element  tagCode="1" index="0"/></path><children /></elmPos><tap t="23727" x="86" y="506" eid="13"/><touchstart t="23727" eid="13" touchid="0" touchcount="1" x="86" y="506" /><tag t="23995">VE Action | Men&apos;s PDP | Color Swatches</tag><execextern t="24057" streamID="74" /><click t="24060" id="13" /><stream t="24376" id="14" size="14663" /><execextern t="24376" streamID="14" /><execextern t="24475" streamID="75" /><resize t="24489" w="412" h="708" cw="412" ch="708" sh="13484" sw="442" lh="608" lw="412" orientation="0" /><execextern t="24550" streamID="76" /><elmPos t="24558" id="13" x="63" y="658" h="35" w="35"><children /></elmPos><tap t="24558" x="63" y="474" eid="13"/><touchstart t="24558" eid="13" touchid="0" touchcount="1" x="63" y="474" /><tap t="24560" x="63" y="474" eid="13"/><touchstart t="24560" eid="13" touchid="0" touchcount="1" x="63" y="474" /><execextern t="24647" streamID="77" /><execextern t="24651" streamID="78" /><execextern t="24655" streamID="79" /><execextern t="24875" streamID="80" /><execextern t="24913" streamID="81" /><execextern t="24946" streamID="82" /><execextern t="24951" streamID="83" /><execextern t="25052" streamID="84" /><execextern t="25066" streamID="85" /><execextern t="25134" streamID="86" /><execextern t="25146" streamID="87" /><execextern t="25151" streamID="88" /><execextern t="25246" streamID="89" /><stream t="25467" id="15" size="3620" /><execextern t="25467" streamID="15" /><execextern t="25551" streamID="90" /><execextern t="26462" streamID="91" /><execextern t="27147" streamID="92" /><execextern t="27852" streamID="93" /><elmPos t="28885" id="14" x="20" y="701" h="1063" w="372" ><path><element  tagCode="2884" index="2" id="wrapper"/><element  tagCode="2884" index="3" id="main" parentid="1"/><element  tagCode="2884" index="0" id="pdp-detail" parentid="2"/><element  tagCode="2884" index="0" parentid="3"/><element  tagCode="2884" index="0" id="pdp-main"/><element  tagCode="2884" index="1" parentid="4"/><element  tagCode="2884" index="1"/></path><children><child tagCode="136" x="0" y="8" w="372" h="44" index="0" /><child tagCode="2884" x="0" y="62" w="372" h="73" index="1" /><child tagCode="2884" x="0" y="145" w="372" h="649" index="2" /><child tagCode="2884" x="0" y="814" w="372" h="204" index="3" /></children></elmPos><scrolltap t="28885" x="328" y="572" eid="14" angle="90" speed="0" /><touchstart t="28885" eid="14" touchid="0" touchcount="1" x="328" y="572" /><resize t="28906" w="412" h="708" cw="412" ch="708" sh="13872" sw="442" lh="608" lw="412" orientation="0" /><scrolly t="28930" y="198" /><execextern t="28969" streamID="94" /><scrolly t="28974" y="254" /><scrolly t="29057" y="365" /><scrolly t="29094" y="379" /><scrolly t="29131" y="391" /><scrolly t="29154" y="407" /><scrolly t="29210" y="437" /><scrolly t="29256" y="446" /><execextern t="29291" streamID="95" /><scrolly t="29294" y="451" /><scrolly t="29319" y="465" /><scrolly t="29336" y="470" /><scrolly t="29352" y="475" /><scrolly t="29370" y="479" /><scrolly t="29387" y="482" /><scrolly t="29402" y="485" /><scrolly t="29421" y="487" /><scrolly t="29437" y="489" /><scrolly t="29456" y="491" /><scrolly t="29473" y="492" /><scrolly t="29486" y="493" /><scrolly t="29502" y="494" /><scrolly t="29536" y="495" /><elmPath t="29813" id="5"><path><element  tagCode="2884" index="2" id="wrapper"/><element  tagCode="2884" index="3" id="main" parentid="1"/><element  tagCode="2884" index="0" id="pdp-detail" parentid="2"/><element  tagCode="2884" index="0" parentid="3"/><element  tagCode="2884" index="0" id="pdp-main"/><element  tagCode="2884" index="1" parentid="4"/><element  tagCode="2884" index="1"/><element  tagCode="2884" index="2" id="product-content" parentid="14"/></path></elmPath><elmPath t="29813" id="6"><path><element  tagCode="2884" index="2" id="wrapper"/><element  tagCode="2884" index="3" id="main" parentid="1"/><element  tagCode="2884" index="0" id="pdp-detail" parentid="2"/><element  tagCode="2884" index="0" parentid="3"/><element  tagCode="2884" index="0" id="pdp-main"/><element  tagCode="2884" index="1" parentid="4"/><element  tagCode="2884" index="1"/><element  tagCode="2884" index="2" id="product-content" parentid="14"/><element  tagCode="2884" index="2" parentid="5"/><element  tagCode="2884" index="0"/><element  tagCode="117" index="0"/><element  tagCode="76" index="31"/><element  tagCode="1" index="0"/></path></elmPath><elmPath t="29813" id="11"><path><element  tagCode="2884" index="2" id="wrapper"/><element  tagCode="2884" index="3" id="main" parentid="1"/><element  tagCode="2884" index="0" id="pdp-detail" parentid="2"/><element  tagCode="2884" index="0" parentid="3"/><element  tagCode="2884" index="0" id="pdp-main"/><element  tagCode="2884" index="1" parentid="4"/><element  tagCode="2884" index="1"/><element  tagCode="2884" index="2" id="product-content" parentid="14"/><element  tagCode="2884" index="2" parentid="5"/><element  tagCode="2884" index="1"/><element  tagCode="117" index="0"/></path></elmPath><elmPath t="29813" id="12"><path><element  tagCode="2884" index="2" id="wrapper"/><element  tagCode="2884" index="3" id="main" parentid="1"/><element  tagCode="2884" index="0" id="pdp-detail" parentid="2"/><element  tagCode="2884" index="0" parentid="3"/><element  tagCode="2884" index="0" id="pdp-main"/><element  tagCode="2884" index="1" parentid="4"/><element  tagCode="2884" index="1"/><element  tagCode="2884" index="2" id="product-content" parentid="14"/><element  tagCode="2884" index="2" parentid="5"/><element  tagCode="2884" index="0"/><element  tagCode="117" index="0"/></path></elmPath><elmPath t="29813" id="13"><path><element  tagCode="2884" index="2" id="wrapper"/><element  tagCode="2884" index="3" id="main" parentid="1"/><element  tagCode="2884" index="0" id="pdp-detail" parentid="2"/><element  tagCode="2884" index="0" parentid="3"/><element  tagCode="2884" index="0" id="pdp-main"/><element  tagCode="2884" index="1" parentid="4"/><element  tagCode="2884" index="1"/><element  tagCode="2884" index="2" id="product-content" parentid="14"/><element  tagCode="2884" index="2" parentid="5"/><element  tagCode="2884" index="0"/><element  tagCode="117" index="0"/><element  tagCode="76" index="33" parentid="12"/><element  tagCode="1" index="0"/></path></elmPath><elmPos t="29813" id="15" x="315" y="962" h="35" w="35" ><path><element  tagCode="2884" index="2" id="wrapper"/><element  tagCode="2884" index="3" id="main" parentid="1"/><element  tagCode="2884" index="0" id="pdp-detail" parentid="2"/><element  tagCode="2884" index="0" parentid="3"/><element  tagCode="2884" index="0" id="pdp-main"/><element  tagCode="2884" index="1" parentid="4"/><element  tagCode="2884" index="1"/><element  tagCode="2884" index="2" id="product-content" parentid="14"/><element  tagCode="2884" index="2" parentid="5"/><element  tagCode="2884" index="0"/><element  tagCode="117" index="0"/><element  tagCode="76" index="23" parentid="12"/><element  tagCode="1" index="0"/></path><children /></elmPos><scrolltap t="29813" x="346" y="493" eid="15" angle="90" speed="0" /><touchstart t="29813" eid="15" touchid="0" touchcount="1" x="346" y="493" /><scrolly t="29852" y="501" /><scrolltap t="29865" x="315" y="461" eid="15" angle="90" speed="0" /><touchstart t="29865" eid="15" touchid="0" touchcount="1" x="315" y="461" /><scrolly t="29882" y="521" /><scrolly t="29907" y="550" /><scrolly t="29923" y="558" /><scrolly t="29946" y="570" /><scrolly t="30007" y="588" /><scrolly t="30055" y="594" /><scrolly t="30084" y="596" /><scrolly t="30121" y="597" /><scrolly t="30142" y="598" /><scrolly t="30174" y="599" /><scrolly t="30209" y="600" /><scrolly t="30288" y="602" /><elmPath t="30985" id="6"><path><element  tagCode="2884" index="2" id="wrapper"/><element  tagCode="2884" index="3" id="main" parentid="1"/><element  tagCode="2884" index="0" id="pdp-detail" parentid="2"/><element  tagCode="2884" index="0" parentid="3"/><element  tagCode="2884" index="0" id="pdp-main"/><element  tagCode="2884" index="1" parentid="4"/><element  tagCode="2884" index="1"/><element  tagCode="2884" index="2" id="product-content" parentid="14"/><element  tagCode="2884" index="2" parentid="5"/><element  tagCode="2884" index="0"/><element  tagCode="117" index="0"/><element  tagCode="76" index="31" parentid="12"/><element  tagCode="1" index="0"/></path></elmPath><elmPos t="30985" id="6" x="315" y="1004" h="35" w="35" ><children /></elmPos><tap t="30985" x="336" y="430" eid="6"/><touchstart t="30985" eid="6" touchid="0" touchcount="1" x="336" y="430" /><tap t="31034" x="315" y="402" eid="6"/><touchstart t="31034" eid="6" touchid="0" touchcount="1" x="315" y="402" /><tag t="31185">VE Action | Men&apos;s PDP | Color Swatches</tag><execextern t="31234" streamID="96" /><click t="31237" id="6" /><stream t="31503" id="16" size="14827" /><execextern t="31503" streamID="16" /><scrolly t="31520" y="687" /><execextern t="31623" streamID="97" /><elmPos t="31630" id="6" x="315" y="616" h="35" w="35"><children /></elmPos><tap t="31630" x="315" y="-71" eid="6"/><touchstart t="31630" eid="6" touchid="0" touchcount="1" x="315" y="-71" /><resize t="31635" w="412" h="708" cw="412" ch="708" sh="13521" sw="442" lh="608" lw="412" orientation="0" /><execextern t="31676" streamID="98" /><execextern t="31712" streamID="99" /><execextern t="31762" streamID="100" /><execextern t="31768" streamID="101" /><execextern t="31849" streamID="102" /><execextern t="31861" streamID="103" /><execextern t="31864" streamID="104" /><execextern t="32028" streamID="105" /><execextern t="32033" streamID="106" /><execextern t="32119" streamID="107" /><execextern t="32131" streamID="108" /><execextern t="32196" streamID="109" /><execextern t="32201" streamID="110" /><execextern t="32353" streamID="111" /><stream t="32530" id="17" size="3620" /><execextern t="32530" streamID="17" /><scrolly t="32537" y="602" /><resize t="32537" w="412" h="708" cw="412" ch="708" sh="13909" sw="442" lh="608" lw="412" orientation="0" /><execextern t="32638" streamID="112" /><execextern t="32848" streamID="113" /><execextern t="33530" streamID="114" /><elmPos t="35272" id="16" x="20" y="798" h="38" w="372" ><path><element  tagCode="2884" index="2" id="wrapper"/><element  tagCode="2884" index="3" id="main" parentid="1"/><element  tagCode="2884" index="0" id="pdp-detail" parentid="2"/><element  tagCode="2884" index="0" parentid="3"/><element  tagCode="2884" index="0" id="pdp-main"/><element  tagCode="2884" index="1" parentid="4"/><element  tagCode="2884" index="1"/><element  tagCode="2884" index="1" parentid="14"/><element  tagCode="2884" index="1"/><element  tagCode="2884" index="1"/></path><children><child tagCode="2884" x="0" y="0" w="372" h="19" index="0" /></children></elmPos><scrolltap t="35272" x="370" y="226" eid="16" angle="270" speed="0" /><touchstart t="35272" eid="16" touchid="0" touchcount="1" x="370" y="226" /><scrolly t="35367" y="596" /><scrolly t="35392" y="579" /><scrolly t="35418" y="532" /><scrolly t="35434" y="503" /><scrolly t="35451" y="490" /><scrolly t="35466" y="462" /><scrolly t="35502" y="449" /><scrolly t="35560" y="395" /><scrolly t="35585" y="361" /><scrolly t="35604" y="357" /><scrolly t="35636" y="349" /><scrolly t="35653" y="347" /><scrolly t="35672" y="345" /><scrolly t="35707" y="343" /><scrolly t="35751" y="342" /><scrolly t="35769" y="339" /><scrolly t="35786" y="338" /><scrolly t="35802" y="337" /><scrolly t="35820" y="335" /><scrolly t="35835" y="334" /><scrolly t="35852" y="331" /><scrolly t="35871" y="330" /><scrolly t="35885" y="329" /><scrolly t="35907" y="327" /><scrolly t="35959" y="325" /><scrolly t="36093" y="323" /><scrolly t="36124" y="321" /><scrolly t="36184" y="320" /><scrolly t="36202" y="319" /><scrolly t="36276" y="318" /><resize t="36292" w="412" h="608" cw="412" ch="608" sh="13909" sw="442" lh="608" lw="412" orientation="0" /><elmPos t="36966" id="17" x="20" y="194" h="372" w="372" ><path><element  tagCode="2884" index="2" id="wrapper"/><element  tagCode="2884" index="3" id="main" parentid="1"/><element  tagCode="2884" index="0" id="pdp-detail" parentid="2"/><element  tagCode="2884" index="0" parentid="3"/><element  tagCode="2884" index="0" id="pdp-main"/><element  tagCode="2884" index="1" parentid="4"/><element  tagCode="2884" index="0"/><element  tagCode="2884" index="0"/><element  tagCode="2884" index="1"/><element  tagCode="2884" index="0"/><element  tagCode="2884" index="0"/><element  tagCode="2884" index="0"/><element  tagCode="2884" index="0"/><element  tagCode="2884" index="0"/><element  tagCode="2884" index="0"/><element  tagCode="2884" index="0"/><element  tagCode="2884" index="3"/><element  tagCode="2884" index="0"/><element  tagCode="873" index="0"/></path><children /></elmPos><tap t="36966" x="371" y="143" eid="17"/><touchstart t="36966" eid="17" touchid="0" touchcount="1" x="371" y="143" /><scrolltap t="37014" x="20" y="-124" eid="17" angle="270" speed="0" /><touchstart t="37014" eid="17" touchid="0" touchcount="1" x="20" y="-124" /><scrolly t="37044" y="292" /><scrolly t="37070" y="251" /><scrolly t="37087" y="244" /><scrolly t="37103" y="230" /><scrolly t="37122" y="221" /><execextern t="37151" streamID="115" /><scrolly t="37155" y="203" /><scrolly t="37189" y="155" /><scrolly t="37203" y="145" /><scrolly t="37224" y="127" /><scrolly t="37248" y="117" /><execextern t="37267" streamID="116" /><scrolly t="37272" y="88" /><scrolly t="37289" y="67" /><scrolly t="37304" y="57" /><scrolly t="37320" y="40" /><execextern t="37350" streamID="117" /><scrolly t="37355" y="26" /><scrolly t="37377" y="9" /><scrolly t="37403" y="0" /><execextern t="37882" streamID="118" /><scrolly t="38343" y="1" /><scrolly t="38379" y="27" /><scrolly t="38407" y="43" /><scrolly t="38424" y="53" /><scrolly t="38441" y="58" /><scrolly t="38457" y="69" /><scrolly t="38474" y="77" /><scrolly t="38492" y="80" /><scrolly t="38519" y="85" /><scrolly t="38544" y="95" /><scrolly t="38579" y="105" /><scrolly t="38609" y="112" /><scrolly t="38628" y="115" /><scrolly t="38646" y="117" /><scrolly t="38674" y="122" /><scrolly t="38690" y="125" /><scrolly t="38713" y="127" /><scrolly t="38726" y="130" /><scrolly t="38744" y="132" /><scrolly t="38758" y="134" /><scrolly t="38776" y="137" /><scrolly t="38807" y="139" /><scrolly t="38843" y="141" /><scrolly t="38876" y="142" /><scrolly t="38894" y="143" /><resize t="40552" w="412" h="708" cw="412" ch="708" sh="13909" sw="442" lh="608" lw="412" orientation="0" /><execextern t="42399" streamID="119" /><execextern t="42914" streamID="120" /><tap t="43028" x="42" y="291" eid="17"/><touchstart t="43028" eid="17" touchid="0" touchcount="1" x="42" y="291" /><tap t="43078" x="20" y="51" eid="17"/><touchstart t="43078" eid="17" touchid="0" touchcount="1" x="20" y="51" /><tap t="43240" x="241" y="312" eid="17"/><touchstart t="43240" eid="17" touchid="1" touchcount="2" x="241" y="312" /><tap t="43252" x="181" y="281" eid="17"/><touchstart t="43252" eid="17" touchid="2" touchcount="3" x="181" y="281" /><tap t="43295" x="20" y="51" eid="17"/><touchstart t="43295" eid="17" touchid="0" touchcount="1" x="20" y="51" /><execextern t="43306" streamID="121" /><tap t="43325" x="20" y="51" eid="17"/><touchstart t="43325" eid="17" touchid="0" touchcount="1" x="20" y="51" /><tap t="43328" x="20" y="51" eid="17"/><touchstart t="43328" eid="17" touchid="0" touchcount="1" x="20" y="51" /><execextern t="43621" streamID="122" /><execextern t="43804" streamID="123" /><tap t="46980" x="76" y="274" eid="17"/><touchstart t="46980" eid="17" touchid="0" touchcount="1" x="76" y="274" /><scrolltap t="47031" x="20" y="51" eid="17" angle="90" speed="0" /><touchstart t="47031" eid="17" touchid="0" touchcount="1" x="20" y="51" /><scrolly t="47049" y="157" /><scrolly t="47074" y="162" /><scrolly t="47114" y="161" /><scrolly t="47126" y="172" /><scrolly t="47145" y="187" /><scrolltap t="47167" x="152" y="240" eid="17" angle="270" speed="0" /><touchstart t="47167" eid="17" touchid="1" touchcount="2" x="152" y="240" /><scrolly t="47169" y="181" /><scrolly t="47190" y="179" /><scrolly t="47206" y="177" /><scrolltap t="47217" x="20" y="17" eid="17" angle="90" speed="0" /><touchstart t="47217" eid="17" touchid="0" touchcount="1" x="20" y="17" /><scrolly t="47223" y="179" /><scrolly t="47254" y="180" /><scrolly t="47275" y="190" /><scrolly t="47291" y="201" /><scrolly t="47307" y="203" /><execextern t="47335" streamID="124" /><scrolly t="47338" y="216" /><scrolltap t="47385" x="370" y="207" eid="17" angle="90" speed="0" /><touchstart t="47385" eid="17" touchid="2" touchcount="3" x="370" y="207" /><scrolly t="47412" y="228" /><execextern t="47438" streamID="125" /><execextern t="47472" streamID="126" /><tap t="47483" x="20" y="-34" eid="17"/><touchstart t="47483" eid="17" touchid="0" touchcount="1" x="20" y="-34" /><scrolltap t="47484" x="20" y="-34" eid="17" angle="90" speed="0" /><touchstart t="47484" eid="17" touchid="0" touchcount="1" x="20" y="-34" /><execextern t="47753" streamID="127" /><scrolly t="47770" y="229" /><resize t="47839" w="412" h="608" cw="412" ch="608" sh="13909" sw="442" lh="608" lw="412" orientation="0" /><execextern t="47891" streamID="128" /><execextern t="47947" streamID="129" /><execextern t="48241" streamID="130" /><scrolltap t="49271" x="58" y="179" eid="17" angle="270" speed="0" /><touchstart t="49271" eid="17" touchid="0" touchcount="1" x="58" y="179" /><scrolly t="49321" y="227" /><scrolltap t="49329" x="20" y="-33" eid="17" angle="90" speed="0" /><touchstart t="49329" eid="17" touchid="0" touchcount="1" x="20" y="-33" /><scrolly t="49345" y="213" /><scrolly t="49361" y="208" /><execextern t="49387" streamID="131" /><scrolly t="49392" y="207" /><scrolly t="49430" y="200" /><scrolly t="49465" y="199" /><scrolly t="49699" y="206" /><execextern t="49729" streamID="132" /><scrolly t="49732" y="246" /><scrolltap t="49766" x="367" y="205" eid="17" angle="270" speed="0" /><touchstart t="49766" eid="17" touchid="1" touchcount="2" x="367" y="205" /><scrolly t="49805" y="229" /><tap t="49819" x="20" y="-35" eid="17"/><touchstart t="49819" eid="17" touchid="0" touchcount="1" x="20" y="-35" /><scrolltap t="49822" x="20" y="-35" eid="17" angle="270" speed="0" /><touchstart t="49822" eid="17" touchid="0" touchcount="1" x="20" y="-35" /><scrolly t="49829" y="226" /><scrolly t="49846" y="221" /><scrolly t="49863" y="217" /><scrolly t="49879" y="213" /><scrolly t="49896" y="209" /><execextern t="49939" streamID="133" /><scrolly t="49948" y="203" /><scrolly t="49980" y="199" /><execextern t="50272" streamID="134" /><scrolly t="50347" y="196" /><scrolly t="50364" y="191" /><scrolly t="50384" y="186" /><scrolly t="50414" y="177" /><resize t="50515" w="412" h="708" cw="412" ch="708" sh="13909" sw="442" lh="608" lw="412" orientation="0" /><tap t="51739" x="111" y="123" eid="17"/><touchstart t="51739" eid="17" touchid="0" touchcount="1" x="111" y="123" /><scrolltap t="51788" x="20" y="17" eid="17" angle="270" speed="0" /><touchstart t="51788" eid="17" touchid="0" touchcount="1" x="20" y="17" /><scrolly t="51852" y="158" /><scrolly t="51867" y="145" /><scrolly t="51908" y="121" /><scrolly t="51953" y="120" /><scrolly t="52568" y="124" /><scrolly t="52584" y="129" /><scrolly t="52602" y="133" /><scrolly t="52617" y="135" /><resize t="52683" w="412" h="608" cw="412" ch="608" sh="13909" sw="442" lh="608" lw="412" orientation="0" /><execextern t="52752" streamID="135" /><tap t="53001" x="98" y="223" eid="17"/><touchstart t="53001" eid="17" touchid="0" touchcount="1" x="98" y="223" /><tap t="53118" x="80" y="174" eid="17"/><touchstart t="53118" eid="17" touchid="1" touchcount="2" x="80" y="174" /><tap t="53210" x="103" y="184" eid="17"/><touchstart t="53210" eid="17" touchid="1" touchcount="2" x="103" y="184" /><tap t="53231" x="20" y="59" eid="17"/><touchstart t="53231" eid="17" touchid="0" touchcount="1" x="20" y="59" /><execextern t="53252" streamID="136" /><tap t="53264" x="20" y="59" eid="17"/><touchstart t="53264" eid="17" touchid="0" touchcount="1" x="20" y="59" /><execextern t="53289" streamID="137" /><scrolltap t="53293" x="20" y="59" eid="17" angle="90" speed="0" /><touchstart t="53293" eid="17" touchid="0" touchcount="1" x="20" y="59" /><scrolly t="53338" y="140" /><scrolly t="53351" y="167" /><scrolly t="53370" y="166" /><scrolly t="53386" y="180" /><scrolly t="53411" y="197" /><scrolly t="53418" y="198" /><scrolltap t="53443" x="348" y="159" eid="17" angle="90" speed="0" /><touchstart t="53443" eid="17" touchid="1" touchcount="2" x="348" y="159" /><scrolly t="53445" y="204" /><execextern t="53486" streamID="138" /><scrolly t="53490" y="212" /><scrolltap t="53537" x="20" y="-18" eid="17" angle="270" speed="0" /><touchstart t="53537" eid="17" touchid="0" touchcount="1" x="20" y="-18" /><scrolly t="53576" y="220" /><scrolly t="53603" y="219" /><scrolly t="53620" y="217" /><scrolly t="53637" y="216" /><scrolly t="53654" y="215" /><scrolly t="53669" y="214" /><scrolly t="53706" y="213" /><scrolly t="53719" y="212" /><scrolly t="53737" y="211" /><execextern t="53770" streamID="139" /><scrolly t="53775" y="210" /><scrolly t="53805" y="209" /><execextern t="53855" streamID="140" /><scrolly t="53924" y="208" /><execextern t="54031" streamID="141" /><scrolly t="54035" y="207" /><resize t="54067" w="412" h="708" cw="412" ch="708" sh="13909" sw="442" lh="608" lw="412" orientation="0" /><execextern t="54070" streamID="142" /><execextern t="54357" streamID="143" /><tap t="55133" x="243" y="257" eid="17"/><touchstart t="55133" eid="17" touchid="0" touchcount="1" x="243" y="257" /><scrolltap t="55183" x="20" y="-13" eid="17" angle="270" speed="0" /><touchstart t="55183" eid="17" touchid="0" touchcount="1" x="20" y="-13" /><scrolly t="55316" y="197" /><scrolly t="55338" y="193" /><scrolly t="55393" y="192" /><scrolly t="55441" y="189" /><scrolly t="55458" y="186" /><scrolly t="55474" y="184" /><scrolly t="55491" y="183" /><scrolly t="55508" y="182" /><tap t="56117" x="49" y="260" eid="17"/><touchstart t="56117" eid="17" touchid="0" touchcount="1" x="49" y="260" /><tap t="56167" x="20" y="12" eid="17"/><touchstart t="56167" eid="17" touchid="0" touchcount="1" x="20" y="12" /><tap t="56357" x="81" y="232" eid="17"/><touchstart t="56357" eid="17" touchid="1" touchcount="2" x="81" y="232" /><scrolltap t="56406" x="20" y="12" eid="17" angle="270" speed="0" /><touchstart t="56406" eid="17" touchid="0" touchcount="1" x="20" y="12" /><execextern t="56426" streamID="144" /><execextern t="56499" streamID="145" /><scrolly t="56514" y="180" /><execextern t="56532" streamID="146" /><scrolly t="56558" y="166" /><execextern t="56571" streamID="147" /><scrolly t="56617" y="164" /><execextern t="56630" streamID="148" /><execextern t="56661" streamID="149" /><elmPos t="56675" id="17" x="-26" y="-156" h="372" w="372"><children /></elmPos><scrolltap t="56676" x="330" y="248" eid="17" angle="270" speed="0" /><touchstart t="56676" eid="17" touchid="2" touchcount="3" x="330" y="248" /><execextern t="56701" streamID="150" /><scrolly t="56722" y="162" /><elmPos t="56730" id="17" x="-34" y="-185" h="372" w="372"><children /></elmPos><tap t="56731" x="-34" y="-347" eid="17"/><touchstart t="56731" eid="17" touchid="0" touchcount="1" x="-34" y="-347" /><scrolltap t="56759" x="356" y="246" eid="17" angle="86" speed="0" /><touchstart t="56759" eid="17" touchid="2" touchcount="3" x="356" y="246" /><scrolly t="56767" y="177" /><scrollx t="56797" x="1" /><scrolly t="56797" y="175" /><scrolltap t="56809" x="-35" y="-360" eid="17" angle="97" speed="0" /><touchstart t="56809" eid="17" touchid="0" touchcount="1" x="-35" y="-360" /><scrollx t="56811" x="0" /><scrolly t="56811" y="178" /><scrolly t="56827" y="167" /><scrolly t="56845" y="186" /><execextern t="56874" streamID="151" /><execextern t="56925" streamID="152" /><execextern t="57115" streamID="153" /><scrolly t="57216" y="184" /><scrolly t="57245" y="183" /><execextern t="57325" streamID="154" /><resize t="57348" w="412" h="608" cw="412" ch="608" sh="13909" sw="442" lh="608" lw="412" orientation="0" /><execextern t="57805" streamID="155" /><elmPos t="57816" id="17" x="20" y="-82" h="372" w="372"><children /></elmPos><tap t="57816" x="338" y="169" eid="17"/><touchstart t="57816" eid="17" touchid="0" touchcount="1" x="338" y="169" /><tap t="57840" x="117" y="381" eid="17"/><touchstart t="57840" eid="17" touchid="1" touchcount="2" x="117" y="381" /><execextern t="57874" streamID="156" /><tap t="57876" x="20" y="-265" eid="17"/><touchstart t="57876" eid="17" touchid="0" touchcount="1" x="20" y="-265" /><tap t="57912" x="20" y="-265" eid="17"/><touchstart t="57912" eid="17" touchid="0" touchcount="1" x="20" y="-265" /><execextern t="57930" streamID="157" /><execextern t="57950" streamID="158" /><execextern t="58001" streamID="159" /><execextern t="58041" streamID="160" /><execextern t="58069" streamID="161" /><execextern t="58096" streamID="162" /><execextern t="58124" streamID="163" /><execextern t="58145" streamID="164" /><execextern t="58165" streamID="165" /><execextern t="58185" streamID="166" /><execextern t="58223" streamID="167" /><execextern t="58243" streamID="168" /><execextern t="58258" streamID="169" /><execextern t="58278" streamID="170" /><execextern t="58299" streamID="171" /><execextern t="58324" streamID="172" /><execextern t="58343" streamID="173" /><execextern t="58367" streamID="174" /><execextern t="58384" streamID="175" /><execextern t="58400" streamID="176" /><execextern t="58415" streamID="177" /><execextern t="58432" streamID="178" /><execextern t="58450" streamID="179" /><execextern t="58466" streamID="180" /><execextern t="58482" streamID="181" /><execextern t="58706" streamID="182" /><execextern t="58897" streamID="183" /><elmPos t="59023" id="18" x="20" y="194" h="487" w="372" ><path><element  tagCode="2884" index="2" id="wrapper"/><element  tagCode="2884" index="3" id="main" parentid="1"/><element  tagCode="2884" index="0" id="pdp-detail" parentid="2"/><element  tagCode="2884" index="0" parentid="3"/><element  tagCode="2884" index="0" id="pdp-main"/><element  tagCode="2884" index="1" parentid="4"/><element  tagCode="2884" index="0"/><element  tagCode="2884" index="0"/><element  tagCode="2884" index="1"/></path><children><child tagCode="2884" x="0" y="0" w="372" h="375" index="0" /><child tagCode="2884" x="0" y="389" w="372" h="98" index="1" /></children></elmPos><scrolltap t="59023" x="175" y="396" eid="18" angle="270" speed="0" /><touchstart t="59023" eid="18" touchid="0" touchcount="1" x="175" y="396" /><scrolly t="59107" y="169" /><scrolly t="59132" y="140" /><scrolly t="59149" y="131" /><scrolly t="59167" y="118" /><scrolly t="59190" y="111" /><scrolly t="59221" y="88" /><scrolly t="59255" y="78" /><scrolly t="59284" y="71" /><scrolly t="59309" y="69" /><scrolly t="59333" y="63" /><scrolly t="59354" y="61" /><elmPath t="60416" id="17"><path><element  tagCode="2884" index="2" id="wrapper"/><element  tagCode="2884" index="3" id="main" parentid="1"/><element  tagCode="2884" index="0" id="pdp-detail" parentid="2"/><element  tagCode="2884" index="0" parentid="3"/><element  tagCode="2884" index="0" id="pdp-main"/><element  tagCode="2884" index="1" parentid="4"/><element  tagCode="2884" index="0"/><element  tagCode="2884" index="0"/><element  tagCode="2884" index="1"/><element  tagCode="2884" index="0" parentid="18"/><element  tagCode="2884" index="0"/><element  tagCode="2884" index="0"/><element  tagCode="2884" index="0"/><element  tagCode="2884" index="0"/><element  tagCode="2884" index="0"/><element  tagCode="2884" index="0"/><element  tagCode="2884" index="3"/><element  tagCode="2884" index="0"/><element  tagCode="873" index="0"/></path></elmPath><elmPos t="60416" id="17" x="20" y="194" h="372" w="372" ><children /></elmPos><tap t="60416" x="58" y="260" eid="17"/><touchstart t="60416" eid="17" touchid="0" touchcount="1" x="58" y="260" /><tap t="60465" x="20" y="133" eid="17"/><touchstart t="60465" eid="17" touchid="0" touchcount="1" x="20" y="133" /><execextern t="62841" streamID="184" /><execextern t="63334" streamID="185" /><resize t="66643" w="412" h="652" cw="412" ch="652" sh="13909" sw="442" lh="652" lw="412" orientation="0" /><unload t="66917" exitPause="200" /></recording>