{"VersionInfo":{"util":"2.9.0.7-a4f4a451","model":"2.9.0.13-25d4967c","parser":"2.9.0.13-7e06ccef","exporter":"2.9.0.13-015c9cec","pipe":"2.9.0.13-f78280e8"},"DeviceTypeID":1,"Device":"","OperatingSystem":"Windows","PhysicalDisplayHeight":null,"PhysicalDisplayWidth":null,"RecorderIsMobile":false,"IsTouch":false,"TapCount":0,"ZoomCount":0,"Campaign":null,"Content":null,"Medium":"Internal","Term":null,"ClientHeightFinal":939,"ClientHeightInitial":939,"ClientWidthFinal":1680,"ClientWidthInitial":1680,"SizeWndEndH":939,"SizeWndIniH":939,"SizeWndEndW":1680,"SizeWndIniW":1680,"LayoutViewportWidth":1663,"SizeScrW":1680,"SizeScrH":1050,"TrueSizeScrH":1050,"TrueSizeScrW":1680,"XMLSize":40742,"DSRSize":413798,"CountScrollX":0,"CountScrollY":448,"MaxScrollPercent":100,"SizeScrollH":12476,"SizeScrollW":1663,"PreviousSubmitIndication":null,"SubmitCount":0,"CountryCode":"US","City":"Ellicott City","Country":"United States","Region":"Maryland","RegionCode":"MD","ActiveTime":81433,"Domain":"www.nautica.com","LanguageCode":"en-US","Navigator":"Ch69","Platform":"Win32","BodyCheck":null,"HtmlCheck":null,"Version":16,"VersionMinor":15,"ClicksBelowFold":0,"ClicksOnLinkLikeElements":0,"ClicksOnNonLinkLikeElements":0,"Exposure":99,"WRAttemptedCounter":37,"WRCheckedCounter":37,"WRGlobalCounter":37,"WRRecordedCounter":36,"MessageCount":52,"MessagesSize":39140,"OriginalSID":1971508789870744,"SID":1971508789870744,"PID":94,"UID":1920726829597335,"SubscriberId":69859,"UserAgent":"Mozilla/5.0 (Windows NT 10.0; Win64; x64) AppleWebKit/537.36 (KHTML, like Gecko) Chrome/69.0.3497.100 Safari/537.36","PopulationType":null,"CountJSError":0,"CountNonClickTaleJsErrors":0,"JsErrors":[],"Tags":[{"TagName":"VE Onload | Page Type | category","TagTypeID":0},{"TagName":"CT2MappingTag_272_3677978359168892_3838760179597839_1948162568868130","TagTypeID":0},{"TagName":"VE | Onload - Nautica.com - mens-nautica-heritage-","TagTypeID":0},{"TagName":"Config: Release_20181024","TagTypeID":0},{"TagName":"VE Onload | Category | mens-nautica-heritage","TagTypeID":0},{"TagName":"VE Onload | Men's PLP","TagTypeID":0},{"TagName":"VE | Onload - PLP page","TagTypeID":0}],"RecordingGUID":"6406279d-7a74-47fe-9d93-27f8cb7ce529","Referrer":"https://www.nautica.com/","ContentSourceID":2,"Location":"https://www.nautica.com/mens-nautica-heritage/","FormCount":0,"ContentSize":462622,"HTMLSize":462622,"HtmlCharset":"UTF-8","WebpageHash":"xONS4N9+4k7JpZGCqjKbPqmfGTI=","CountMouseDown":0,"CountMouseMove":128,"ClientDate":1540401747323,"Length":82562,"ProcessingDateTimeUtc":"2018-10-24 17:23:46.131","ProcessingDateTimeZone":"2018-10-24 11:23:46.131","ClientRecordingDateTimeUtc":"2018-10-24 17:22:27.323","ClientRecordingDateTimeZone":"2018-10-24 11:22:27.323","RecordingDate":1540401743679,"RecordingDateJs":1540401743679,"RecordingEndDate":1540401826241,"TimeDOMLoad":1858,"TimeExitPause":200,"TimeInit":3644,"TimeLoad":9292,"TimeStart":3236,"TimeToFirstClick":null,"TimeUnload":82562,"TimeZone":-240,"Description":"","CreateDate":"2018-10-24T17:23:46.126","ErrorCount":0,"AuthenticationUnixTime":1540401747038,"OrientationChangeCount":0,"Source":"nautica.com","IP":"172.27.15.155","ClientDateTime":0,"TimeWebPageFetch":0,"CityID":null,"LocationID":-1,"DeviceID":null,"DomainID":null,"FetchURL":"","FullRecordingData":"","HttpCharset":"","ReferrerID":-1,"TrafficCampaignID":-1,"TrafficContentID":-1,"TrafficMediumID":-1,"TrafficSourceID":-1,"TrafficTermID":-1,"UserAgentID":-1,"CountryID":null,"RegionID":null, "cage_ip":"172.27.13.40", "cage_version":"2.2.31", "cage_time":1540401826220,"avroSize":10690,"avroCompressedSize":6547}