<?xml version="1.0" encoding="utf-8"?><recording xmlns:xsd="http://www.w3.org/2001/XMLSchema" xmlns:xsi="http://www.w3.org/2001/XMLSchema-instance" ip=""  TrueSizeScrH="1050" TrueSizeScrW="1680" enriched="true" userAgent="Mozilla/5.0 (Windows NT 10.0; Win64; x64) AppleWebKit/537.36 (KHTML, like Gecko) Chrome/69.0.3497.100 Safari/537.36" contentSource="stream" fetchFrom="" location="https://www.nautica.com/mens-nautica-heritage/" t="3644" navigator="Ch69" platform="Win32" scrw="1680" scrh="1050" scrx="0" scry="0" scrDepth="24" itime="1540401743500" timeZone="-4" w="1680" h="939" cw="1680" ch="939" eventMask="383" cookieFlag="1" languageCode="en-US" uid="1920726829597335" uid2="0" referrer="https://www.nautica.com/" country="United States" countryCode="US" webPageHash="c4e352e0df7ee24ec9a59182aa329b3ea99f1932" version="16" length="82562" activeTime="81433" rtime="1540401743679" errorCount="0" messagesCount="52" messagesSize="100012" pid="94" sid="1971508789870744" tapCount="0" originalLocation="https://www.nautica.com/mens-nautica-heritage/" sw="1680" sh="12476" pageContentSize="462622" recorderVersionMajor="16" recorderVersionMinor="15" historyLength="3" isClassifiedInThisSession="false" lh="922" lw="1663" orientation="0" isRecorderMobile="false" exposure="99" deviceType="1" operatingSystem="Windows" physicalDisplayHeight="0" physicalDisplayWidth="0" devicePixelRatio="1" globalPageviewCounter="37" attemptedPageviewCounter="37" checkedPageviewCounter="37" recordedPageviewCounter="36" clicksOnLinkLikeElements="0" clicksOnNonLinkLikeElements="0" clicksBelowFold="0"><domload t="1858" /><execextern t="3235" streamID="7" /><tag t="3235">Config: Release_20181024</tag><start t="3236" /><tag t="3237">CT2MappingTag_272_3677978359168892_3838760179597839_1948162568868130</tag><init t="3644" w="1680" h="939" cw="1680" ch="939" lw="1663" lh="922" orientation="0" /><scrolly t="3645" y="6" /><elmPos t="3650" id="0" x="0" y="0" h="11557" w="1693" ><path></path><children><child tagCode="2884" x="0" y="15" w="1663" h="11542" index="1" /></children></elmPos><focus t="3650" id="0" /><field t="3655" name="isMobile">false</field><tag t="3655">VE | Onload - Nautica.com - mens-nautica-heritage-</tag><tag t="3655">VE Onload | Page Type | category</tag><tag t="3655">VE Onload | Category | mens-nautica-heritage</tag><stream t="3763" id="1" size="462563" /><uploadstream t="3764" streamID="1" /><elmPos t="3773" id="1" x="0" y="15" h="11542" w="1663" ><path><element  tagCode="2884" index="1" id="wrapper"/></path><children><child tagCode="2884" x="0" y="129" w="1663" h="40" index="1" /><child tagCode="2884" x="0" y="11152" w="1663" h="389" index="7" /></children></elmPos><mouseover t="3773" id="1" /><mousemove t="3773" x="1613" y="565" /><scrolly t="3774" y="97" /><execextern t="3787" streamID="8" /><scrolly t="3790" y="99" /><execextern t="3817" streamID="9" /><scrolly t="3817" y="109" /><scrolly t="3830" y="112" /><scrolly t="3849" y="124" /><execextern t="3870" streamID="10" /><scrolly t="3870" y="141" /><scrolly t="3888" y="189" /><stream t="3953" id="2" size="4209" /><execextern t="3953" streamID="2" /><mousemove t="3973" x="1611" y="567" /><scrolly t="3978" y="231" /><scrolly t="3997" y="313" /><stream t="4013" id="3" size="3267" /><execextern t="4013" streamID="3" /><mousemove t="4037" x="1610" y="567" /><scrolly t="4040" y="334" /><mousemove t="4057" x="1610" y="568" /><tag t="4094">VE | Onload - PLP page</tag><mousemove t="4112" x="1609" y="569" /><mousemove t="4130" x="1608" y="569" /><mousemove t="4139" x="1608" y="570" /><mousemove t="4162" x="1607" y="571" /><mousemove t="4172" x="1606" y="573" /><mousemove t="4182" x="1605" y="574" /><mousemove t="4204" x="1604" y="575" /><mousemove t="4227" x="1601" y="578" /><mousemove t="4240" x="1599" y="579" /><execextern t="4243" streamID="11" /><execextern t="4245" streamID="12" /><mousemove t="4265" x="1598" y="580" /><mousemove t="4282" x="1597" y="581" /><mousemove t="4300" x="1596" y="581" /><mousemove t="4315" x="1596" y="582" /><mousemove t="4332" x="1595" y="582" /><mousemove t="4349" x="1594" y="583" /><mousemove t="4365" x="1593" y="583" /><mousemove t="4384" x="1593" y="584" /><scrolly t="4586" y="338" /><scrolly t="4600" y="345" /><scrolly t="4616" y="354" /><scrolly t="4633" y="367" /><scrolly t="4650" y="381" /><scrolly t="4666" y="395" /><execextern t="4672" streamID="13" /><execextern t="4685" streamID="14" /><scrolly t="4685" y="408" /><scrolly t="4700" y="421" /><scrolly t="4720" y="435" /><scrolly t="4746" y="450" /><scrolly t="4753" y="466" /><scrolly t="4767" y="481" /><scrolly t="4784" y="496" /><execextern t="4803" streamID="15" /><scrolly t="4803" y="508" /><scrolly t="4818" y="518" /><scrolly t="4837" y="526" /><scrolly t="4850" y="531" /><scrolly t="4868" y="533" /><scrolly t="4883" y="534" /><tag t="5094">VE Onload | Men&apos;s PLP</tag><execextern t="5244" streamID="16" /><execextern t="5310" streamID="17" /><execextern t="5743" streamID="18" /><execextern t="5797" streamID="19" /><execextern t="5836" streamID="20" /><stream t="5868" id="4" size="2196" /><execextern t="5868" streamID="4" /><execextern t="5891" streamID="21" /><execextern t="5895" streamID="22" /><execextern t="5927" streamID="23" /><execextern t="5933" streamID="24" /><execextern t="5940" streamID="25" /><execextern t="5977" streamID="26" /><execextern t="5992" streamID="27" /><execextern t="5995" streamID="28" /><execextern t="6049" streamID="29" /><execextern t="6052" streamID="30" /><execextern t="6071" streamID="31" /><execextern t="6078" streamID="32" /><execextern t="6102" streamID="33" /><execextern t="6140" streamID="34" /><scrolly t="6154" y="538" /><scrolly t="6168" y="544" /><scrolly t="6184" y="554" /><execextern t="6190" streamID="35" /><execextern t="6193" streamID="36" /><execextern t="6196" streamID="37" /><execextern t="6198" streamID="38" /><scrolly t="6201" y="566" /><scrolly t="6217" y="580" /><scrolly t="6234" y="594" /><scrolly t="6251" y="607" /><scrolly t="6268" y="618" /><execextern t="6277" streamID="39" /><scrolly t="6285" y="626" /><scrolly t="6301" y="631" /><execextern t="6308" streamID="40" /><execextern t="6314" streamID="41" /><scrolly t="6319" y="633" /><execextern t="6324" streamID="42" /><scrolly t="6335" y="634" /><execextern t="6355" streamID="43" /><scrolly t="6368" y="635" /><scrolly t="6386" y="639" /><scrolly t="6402" y="646" /><scrolly t="6419" y="655" /><execextern t="6422" streamID="44" /><scrolly t="6435" y="668" /><execextern t="6445" streamID="45" /><scrolly t="6453" y="682" /><execextern t="6463" streamID="46" /><scrolly t="6470" y="696" /><scrolly t="6485" y="709" /><scrolly t="6518" y="727" /><scrolly t="6537" y="732" /><execextern t="6552" streamID="47" /><scrolly t="6557" y="733" /><execextern t="6565" streamID="48" /><execextern t="6569" streamID="49" /><scrolly t="6584" y="734" /><execextern t="6598" streamID="50" /><execextern t="6650" streamID="51" /><execextern t="6669" streamID="52" /><execextern t="6684" streamID="53" /><stream t="6735" id="5" size="3215" /><execextern t="6735" streamID="5" /><execextern t="6759" streamID="54" /><execextern t="6760" streamID="55" /><execextern t="6773" streamID="56" /><execextern t="6775" streamID="57" /><execextern t="6850" streamID="58" /><execextern t="6867" streamID="59" /><execextern t="6874" streamID="60" /><execextern t="6886" streamID="61" /><execextern t="6890" streamID="62" /><execextern t="6980" streamID="63" /><execextern t="7136" streamID="64" /><execextern t="7205" streamID="65" /><execextern t="7220" streamID="66" /><execextern t="7346" streamID="67" /><execextern t="7347" streamID="68" /><execextern t="7416" streamID="69" /><execextern t="7508" streamID="70" /><execextern t="7533" streamID="71" /><execextern t="7619" streamID="72" /><execextern t="7646" streamID="73" /><execextern t="7708" streamID="74" /><execextern t="7779" streamID="75" /><execextern t="7822" streamID="76" /><execextern t="8276" streamID="77" /><execextern t="8280" streamID="78" /><execextern t="9291" streamID="79" /><load t="9292" w="1680" h="939" cw="1680" ch="939" sw="1663" sh="12476" lw="1663" lh="939" orientation="0" /><execextern t="9778" streamID="80" /><scrolly t="11171" y="736" /><scrolly t="11187" y="743" /><scrolly t="11203" y="760" /><scrolly t="11220" y="789" /><scrolly t="11241" y="841" /><scrolly t="11258" y="911" /><scrolly t="11274" y="972" /><scrolly t="11291" y="1037" /><scrolly t="11308" y="1098" /><scrolly t="11324" y="1148" /><scrolly t="11340" y="1187" /><scrolly t="11358" y="1212" /><execextern t="11376" streamID="81" /><scrolly t="11381" y="1226" /><scrolly t="11393" y="1232" /><scrolly t="11408" y="1234" /><execextern t="11879" streamID="82" /><scrolly t="13457" y="1236" /><scrolly t="13474" y="1242" /><scrolly t="13489" y="1255" /><scrolly t="13506" y="1280" /><scrolly t="13525" y="1326" /><scrolly t="13542" y="1387" /><scrolly t="13558" y="1459" /><scrolly t="13575" y="1530" /><scrolly t="13592" y="1587" /><scrolly t="13608" y="1621" /><scrolly t="13625" y="1633" /><scrolly t="13642" y="1634" /><scrolly t="14776" y="1636" /><scrolly t="14794" y="1644" /><scrolly t="14811" y="1666" /><scrolly t="14827" y="1713" /><scrolly t="14843" y="1799" /><scrolly t="14861" y="1915" /><scrolly t="14877" y="2027" /><scrolly t="14893" y="2102" /><scrolly t="14910" y="2133" /><scrolly t="14926" y="2134" /><execextern t="16382" streamID="83" /><scrolly t="16712" y="2138" /><scrolly t="16727" y="2148" /><scrolly t="16744" y="2165" /><scrolly t="16762" y="2195" /><scrolly t="16778" y="2244" /><scrolly t="16795" y="2308" /><scrolly t="16811" y="2377" /><scrolly t="16829" y="2444" /><scrolly t="16846" y="2504" /><scrolly t="16862" y="2555" /><execextern t="16879" streamID="84" /><scrolly t="16880" y="2592" /><scrolly t="16895" y="2616" /><scrolly t="16911" y="2629" /><scrolly t="16928" y="2633" /><scrolly t="16946" y="2634" /><mousemove t="18867" x="1592" y="583" /><mousemove t="19752" x="1592" y="582" /><mousemove t="19761" x="1592" y="580" /><mousemove t="19777" x="1591" y="579" /><scrolly t="20628" y="2635" /><scrolly t="20645" y="2640" /><scrolly t="20662" y="2650" /><scrolly t="20678" y="2669" /><scrolly t="20699" y="2714" /><scrolly t="20716" y="2773" /><scrolly t="20732" y="2850" /><scrolly t="20749" y="2939" /><scrolly t="20766" y="3025" /><scrolly t="20782" y="3089" /><scrolly t="20798" y="3125" /><scrolly t="20815" y="3134" /><execextern t="21381" streamID="85" /><execextern t="21890" streamID="86" /><scrolly t="24751" y="3135" /><scrolly t="24767" y="3139" /><scrolly t="24783" y="3150" /><scrolly t="24799" y="3170" /><scrolly t="24819" y="3216" /><scrolly t="24839" y="3275" /><scrolly t="24855" y="3353" /><scrolly t="24870" y="3442" /><scrolly t="24886" y="3527" /><scrolly t="24903" y="3591" /><scrolly t="24922" y="3625" /><scrolly t="24936" y="3634" /><scrolly t="25735" y="3635" /><scrolly t="25751" y="3638" /><scrolly t="25768" y="3646" /><scrolly t="25787" y="3662" /><scrolly t="25803" y="3686" /><scrolly t="25820" y="3722" /><scrolly t="25837" y="3772" /><scrolly t="25853" y="3833" /><scrolly t="25870" y="3899" /><scrolly t="25887" y="3958" /><scrolly t="25903" y="4001" /><scrolly t="25920" y="4026" /><scrolly t="25937" y="4034" /><execextern t="26406" streamID="87" /><execextern t="26910" streamID="88" /><scrolly t="27873" y="4035" /><scrolly t="27905" y="4062" /><scrolly t="27937" y="4158" /><scrolly t="27956" y="4238" /><scrolly t="27974" y="4315" /><scrolly t="28008" y="4418" /><scrolly t="28023" y="4433" /><scrolly t="28040" y="4434" /><scrolly t="28888" y="4435" /><scrolly t="28906" y="4441" /><scrolly t="28921" y="4457" /><scrolly t="28940" y="4500" /><scrolly t="28956" y="4576" /><scrolly t="28972" y="4681" /><scrolly t="28990" y="4793" /><scrolly t="29006" y="4881" /><scrolly t="29023" y="4926" /><scrolly t="29041" y="4934" /><scrolly t="29622" y="4936" /><scrolly t="29641" y="4948" /><scrolly t="29657" y="4989" /><scrolly t="29675" y="5079" /><scrolly t="29690" y="5199" /><scrolly t="29709" y="5342" /><scrolly t="29725" y="5480" /><scrolly t="29741" y="5579" /><scrolly t="29758" y="5627" /><mousemove t="29775" x="1591" y="578" /><scrolly t="29776" y="5634" /><execextern t="31413" streamID="89" /><execextern t="31909" streamID="90" /><scrolly t="32325" y="5636" /><scrolly t="32342" y="5641" /><scrolly t="32360" y="5657" /><scrolly t="32376" y="5684" /><scrolly t="32393" y="5734" /><scrolly t="32411" y="5814" /><scrolly t="32429" y="5909" /><scrolly t="32445" y="6009" /><scrolly t="32462" y="6104" /><scrolly t="32478" y="6176" /><scrolly t="32495" y="6218" /><scrolly t="32510" y="6233" /><scrolly t="32527" y="6234" /><scrolly t="35861" y="6235" /><scrolly t="35895" y="6248" /><scrolly t="35911" y="6263" /><scrolly t="35947" y="6322" /><scrolly t="35964" y="6369" /><scrolly t="35981" y="6427" /><scrolly t="35998" y="6490" /><scrolly t="36016" y="6549" /><scrolly t="36032" y="6595" /><scrolly t="36048" y="6623" /><scrolly t="36064" y="6633" /><scrolly t="36081" y="6634" /><execextern t="36420" streamID="91" /><execextern t="36917" streamID="92" /><mousemove t="38287" x="1591" y="577" /><mousemove t="38296" x="1589" y="577" /><mousemove t="38314" x="1585" y="579" /><elmPath t="38331" id="2"><path><element  tagCode="2884" index="1" id="wrapper"/><element  tagCode="2884" index="3" id="main" parentid="1"/></path></elmPath><elmPath t="38331" id="3"><path><element  tagCode="2884" index="1" id="wrapper"/><element  tagCode="2884" index="3" id="main" parentid="1"/><element  tagCode="2884" index="3" id="primary" parentid="2"/></path></elmPath><elmPath t="38331" id="4"><path><element  tagCode="2884" index="1" id="wrapper"/><element  tagCode="2884" index="3" id="main" parentid="1"/><element  tagCode="2884" index="3" id="primary" parentid="2"/><element  tagCode="2884" index="5" parentid="3"/><element  tagCode="117" index="0" id="search-result-items"/></path></elmPath><elmPath t="38331" id="5"><path><element  tagCode="2884" index="1" id="wrapper"/><element  tagCode="2884" index="3" id="main" parentid="1"/><element  tagCode="2884" index="3" id="primary" parentid="2"/><element  tagCode="2884" index="5" parentid="3"/><element  tagCode="117" index="0" id="search-result-items"/><element  tagCode="76" index="35" parentid="4"/><element  tagCode="2884" index="0" id="e2f16311351ef1b8725f526cfd"/></path></elmPath><elmPos t="38331" id="6" x="1196" y="7210" h="15" w="383" ><path><element  tagCode="2884" index="1" id="wrapper"/><element  tagCode="2884" index="3" id="main" parentid="1"/><element  tagCode="2884" index="3" id="primary" parentid="2"/><element  tagCode="2884" index="5" parentid="3"/><element  tagCode="117" index="0" id="search-result-items"/><element  tagCode="76" index="35" parentid="4"/><element  tagCode="2884" index="0" id="e2f16311351ef1b8725f526cfd"/><element  tagCode="2884" index="3" parentid="5"/><element  tagCode="2884" index="0"/></path><children /></elmPos><mouseover t="38331" id="6" /><mousemove t="38331" x="1576" y="587" /><elmPos t="38347" id="7" x="1196" y="7225" h="16" w="383" ><path><element  tagCode="2884" index="1" id="wrapper"/><element  tagCode="2884" index="3" id="main" parentid="1"/><element  tagCode="2884" index="3" id="primary" parentid="2"/><element  tagCode="2884" index="5" parentid="3"/><element  tagCode="117" index="0" id="search-result-items"/><element  tagCode="76" index="35" parentid="4"/><element  tagCode="2884" index="0" id="e2f16311351ef1b8725f526cfd"/><element  tagCode="2884" index="3" parentid="5"/><element  tagCode="2884" index="3"/></path><children /></elmPos><mouseover t="38347" id="7" /><mousemove t="38347" x="1561" y="599" /><elmPos t="38364" id="5" x="1196" y="6727" h="545" w="383"><path><element  tagCode="2884" index="1" id="wrapper"/><element  tagCode="2884" index="3" id="main" parentid="1"/><element  tagCode="2884" index="3" id="primary" parentid="2"/><element  tagCode="2884" index="5" parentid="3"/><element  tagCode="117" index="0" id="search-result-items"/><element  tagCode="76" index="35" parentid="4"/><element  tagCode="2884" index="0" id="e2f16311351ef1b8725f526cfd"/></path><children><child tagCode="2884" x="0" y="399" w="383" h="53" index="1" /><child tagCode="2884" x="0" y="457" w="383" h="20" index="2" /><child tagCode="2884" x="0" y="483" w="383" h="31" index="3" /></children></elmPos><mouseover t="38364" id="5" /><mousemove t="38364" x="1544" y="612" /><elmPos t="38380" id="8" x="1196" y="7251" h="21" w="383" ><path><element  tagCode="2884" index="1" id="wrapper"/><element  tagCode="2884" index="3" id="main" parentid="1"/><element  tagCode="2884" index="3" id="primary" parentid="2"/><element  tagCode="2884" index="5" parentid="3"/><element  tagCode="117" index="0" id="search-result-items"/><element  tagCode="76" index="35" parentid="4"/><element  tagCode="2884" index="0" id="e2f16311351ef1b8725f526cfd"/><element  tagCode="2884" index="4" parentid="5"/><element  tagCode="117" index="0"/></path><children /></elmPos><mouseover t="38380" id="8" /><mousemove t="38380" x="1519" y="624" /><mousemove t="38396" x="1498" y="632" /><mousemove t="38414" x="1483" y="635" /><mousemove t="38429" x="1472" y="635" /><mousemove t="38446" x="1464" y="635" /><mousemove t="38462" x="1457" y="636" /><mousemove t="38479" x="1451" y="636" /><mousemove t="38497" x="1445" y="637" /><mousemove t="38513" x="1419" y="638" /><elmPos t="38532" id="9" x="1196" y="6727" h="580" w="383" ><path><element  tagCode="2884" index="1" id="wrapper"/><element  tagCode="2884" index="3" id="main" parentid="1"/><element  tagCode="2884" index="3" id="primary" parentid="2"/><element  tagCode="2884" index="5" parentid="3"/><element  tagCode="117" index="0" id="search-result-items"/><element  tagCode="76" index="35" parentid="4"/></path><children /></elmPos><mouseover t="38532" id="9" /><mousemove t="38532" x="1388" y="639" /><mousemove t="38548" x="1369" y="640" /><mousemove t="38564" x="1357" y="640" /><mousemove t="38582" x="1341" y="640" /><mousemove t="38596" x="1320" y="641" /><mousemove t="38613" x="1309" y="641" /><mousemove t="38632" x="1308" y="641" /><mousemove t="38794" x="1308" y="640" /><mousemove t="38802" x="1309" y="639" /><elmPath t="38818" id="5"><path><element  tagCode="2884" index="1" id="wrapper"/><element  tagCode="2884" index="3" id="main" parentid="1"/><element  tagCode="2884" index="3" id="primary" parentid="2"/><element  tagCode="2884" index="5" parentid="3"/><element  tagCode="117" index="0" id="search-result-items"/><element  tagCode="76" index="35" parentid="4"/><element  tagCode="2884" index="0" id="e2f16311351ef1b8725f526cfd" parentid="9"/></path></elmPath><elmPath t="38818" id="6"><path><element  tagCode="2884" index="1" id="wrapper"/><element  tagCode="2884" index="3" id="main" parentid="1"/><element  tagCode="2884" index="3" id="primary" parentid="2"/><element  tagCode="2884" index="5" parentid="3"/><element  tagCode="117" index="0" id="search-result-items"/><element  tagCode="76" index="35" parentid="4"/><element  tagCode="2884" index="0" id="e2f16311351ef1b8725f526cfd" parentid="9"/><element  tagCode="2884" index="3" parentid="5"/><element  tagCode="2884" index="0"/></path></elmPath><elmPath t="38818" id="7"><path><element  tagCode="2884" index="1" id="wrapper"/><element  tagCode="2884" index="3" id="main" parentid="1"/><element  tagCode="2884" index="3" id="primary" parentid="2"/><element  tagCode="2884" index="5" parentid="3"/><element  tagCode="117" index="0" id="search-result-items"/><element  tagCode="76" index="35" parentid="4"/><element  tagCode="2884" index="0" id="e2f16311351ef1b8725f526cfd" parentid="9"/><element  tagCode="2884" index="3" parentid="5"/><element  tagCode="2884" index="3"/></path></elmPath><elmPath t="38818" id="8"><path><element  tagCode="2884" index="1" id="wrapper"/><element  tagCode="2884" index="3" id="main" parentid="1"/><element  tagCode="2884" index="3" id="primary" parentid="2"/><element  tagCode="2884" index="5" parentid="3"/><element  tagCode="117" index="0" id="search-result-items"/><element  tagCode="76" index="35" parentid="4"/><element  tagCode="2884" index="0" id="e2f16311351ef1b8725f526cfd" parentid="9"/><element  tagCode="2884" index="4" parentid="5"/><element  tagCode="117" index="0"/></path></elmPath><mouseover t="38818" id="8" /><mousemove t="38818" x="1310" y="638" /><mousemove t="38831" x="1311" y="637" /><mouseout t="38846" /><execextern t="38851" streamID="93" /><elmPos t="38853" id="10" x="1297" y="7254" h="15" w="26" ><path><element  tagCode="2884" index="1" id="wrapper"/><element  tagCode="2884" index="3" id="main" parentid="1"/><element  tagCode="2884" index="3" id="primary" parentid="2"/><element  tagCode="2884" index="5" parentid="3"/><element  tagCode="117" index="0" id="search-result-items"/><element  tagCode="76" index="35" parentid="4"/><element  tagCode="2884" index="0" id="e2f16311351ef1b8725f526cfd" parentid="9"/><element  tagCode="2884" index="4" parentid="5"/><element  tagCode="117" index="0"/><element  tagCode="76" index="4" parentid="8"/><element  tagCode="1" index="0"/></path><children /></elmPos><mouseover t="38853" id="10" /><mousemove t="38853" x="1312" y="635" /><mousemove t="38881" x="1313" y="632" /><mousemove t="38898" x="1313" y="631" /><mousemove t="38914" x="1314" y="629" /><mousemove t="38934" x="1314" y="628" /><mousemove t="38950" x="1314" y="627" /><mousemove t="38971" x="1314" y="626" /><mousemove t="41151" x="1315" y="626" /><mousemove t="41165" x="1317" y="626" /><mouseover t="41182" id="8" /><mousemove t="41182" x="1332" y="626" /><mousemove t="41198" x="1348" y="626" /><mousemove t="41214" x="1371" y="626" /><mousemove t="41234" x="1382" y="626" /><mousemove t="41251" x="1395" y="626" /><mousemove t="41267" x="1407" y="626" /><mousemove t="41283" x="1421" y="626" /><mousemove t="41300" x="1438" y="626" /><mousemove t="41317" x="1466" y="625" /><mousemove t="41333" x="1501" y="625" /><mousemove t="41351" x="1540" y="624" /><mousemove t="41368" x="1560" y="624" /><mousemove t="41383" x="1576" y="623" /><execextern t="41402" streamID="94" /><elmPos t="41403" id="1" x="0" y="122" h="12354" w="1663"><children><child tagCode="2884" x="0" y="11965" w="1663" h="389" index="8" /></children></elmPos><mouseover t="41403" id="1" /><mousemove t="41403" x="1587" y="623" /><execextern t="41418" streamID="95" /><mousemove t="41419" x="1594" y="622" /><mousemove t="41435" x="1596" y="622" /><mousemove t="41451" x="1597" y="622" /><mousemove t="41468" x="1599" y="622" /><mousemove t="41484" x="1601" y="622" /><mousemove t="41502" x="1604" y="622" /><mousemove t="41518" x="1606" y="621" /><mousemove t="41534" x="1607" y="621" /><mousemove t="41551" x="1607" y="620" /><scrolly t="41770" y="6638" /><scrolly t="41786" y="6645" /><scrolly t="41803" y="6659" /><scrolly t="41819" y="6682" /><scrolly t="41835" y="6715" /><scrolly t="41854" y="6759" /><scrolly t="41876" y="6813" /><scrolly t="41903" y="6931" /><execextern t="41924" streamID="96" /><scrolly t="41925" y="6979" /><scrolly t="41936" y="7013" /><scrolly t="41954" y="7030" /><scrolly t="41969" y="7034" /><scrolly t="42635" y="7038" /><scrolly t="42653" y="7049" /><scrolly t="42669" y="7073" /><scrolly t="42686" y="7120" /><scrolly t="42702" y="7184" /><scrolly t="42719" y="7261" /><scrolly t="42736" y="7335" /><scrolly t="42752" y="7391" /><scrolly t="42769" y="7424" /><scrolly t="42786" y="7434" /><scrolly t="43771" y="7436" /><scrolly t="43788" y="7446" /><scrolly t="43804" y="7472" /><scrolly t="43822" y="7542" /><scrolly t="43855" y="7768" /><scrolly t="43872" y="7894" /><scrolly t="43888" y="7985" /><scrolly t="43905" y="8029" /><scrolly t="43939" y="8034" /><mousemove t="44666" x="1606" y="620" /><mousemove t="44722" x="1606" y="619" /><mousemove t="44738" x="1605" y="619" /><scrolly t="45355" y="8035" /><scrolly t="45371" y="8039" /><scrolly t="45389" y="8046" /><scrolly t="45404" y="8058" /><scrolly t="45424" y="8078" /><scrolly t="45440" y="8101" /><scrolly t="45456" y="8129" /><scrolly t="45473" y="8160" /><scrolly t="45491" y="8194" /><scrolly t="45506" y="8229" /><scrolly t="45523" y="8262" /><scrolly t="45541" y="8290" /><scrolly t="45558" y="8312" /><scrolly t="45575" y="8325" /><scrolly t="45590" y="8332" /><scrolly t="45607" y="8334" /><execextern t="46429" streamID="97" /><scrolly t="46658" y="8337" /><scrolly t="46673" y="8344" /><scrolly t="46690" y="8353" /><scrolly t="46708" y="8365" /><scrolly t="46724" y="8379" /><scrolly t="46742" y="8393" /><scrolly t="46759" y="8406" /><scrolly t="46776" y="8417" /><scrolly t="46792" y="8426" /><scrolly t="46809" y="8431" /><scrolly t="46824" y="8433" /><scrolly t="46840" y="8434" /><execextern t="46933" streamID="98" /><scrolly t="49023" y="8435" /><scrolly t="49039" y="8438" /><scrolly t="49056" y="8445" /><scrolly t="49076" y="8458" /><scrolly t="49092" y="8474" /><scrolly t="49108" y="8496" /><scrolly t="49126" y="8526" /><scrolly t="49141" y="8563" /><scrolly t="49159" y="8603" /><scrolly t="49175" y="8645" /><scrolly t="49191" y="8687" /><scrolly t="49209" y="8727" /><scrolly t="49226" y="8763" /><scrolly t="49242" y="8791" /><scrolly t="49260" y="8812" /><scrolly t="49276" y="8825" /><scrolly t="49292" y="8832" /><scrolly t="49310" y="8834" /><execextern t="51435" streamID="99" /><scrolly t="51613" y="8838" /><scrolly t="51647" y="8855" /><scrolly t="51663" y="8869" /><scrolly t="51695" y="8910" /><scrolly t="51712" y="8936" /><scrolly t="51729" y="8963" /><scrolly t="51745" y="8992" /><scrolly t="51763" y="9024" /><scrolly t="51779" y="9059" /><scrolly t="51795" y="9096" /><scrolly t="51811" y="9134" /><scrolly t="51828" y="9168" /><scrolly t="51845" y="9196" /><scrolly t="51862" y="9216" /><scrolly t="51877" y="9228" /><scrolly t="51895" y="9233" /><scrolly t="51911" y="9234" /><execextern t="51932" streamID="100" /><scrolly t="52746" y="9235" /><scrolly t="52762" y="9239" /><scrolly t="52779" y="9252" /><scrolly t="52798" y="9284" /><scrolly t="52814" y="9351" /><scrolly t="52830" y="9453" /><scrolly t="52847" y="9570" /><scrolly t="52863" y="9667" /><scrolly t="52879" y="9722" /><scrolly t="52897" y="9734" /><scrolly t="53846" y="9738" /><scrolly t="53866" y="9748" /><scrolly t="53879" y="9762" /><scrolly t="53898" y="9804" /><scrolly t="53914" y="9854" /><scrolly t="53929" y="9929" /><scrolly t="53947" y="10019" /><scrolly t="53963" y="10118" /><scrolly t="53981" y="10212" /><scrolly t="53997" y="10283" /><scrolly t="54013" y="10322" /><scrolly t="54030" y="10334" /><scrolly t="56198" y="10333" /><scrolly t="56214" y="10330" /><scrolly t="56248" y="10312" /><scrolly t="56263" y="10296" /><scrolly t="56283" y="10270" /><scrolly t="56301" y="10244" /><scrolly t="56318" y="10213" /><scrolly t="56335" y="10180" /><scrolly t="56350" y="10145" /><scrolly t="56367" y="10112" /><scrolly t="56383" y="10083" /><scrolly t="56400" y="10060" /><scrolly t="56416" y="10045" /><execextern t="56433" streamID="101" /><scrolly t="56435" y="10036" /><scrolly t="56449" y="10034" /><execextern t="56943" streamID="102" /><scrolly t="58164" y="10038" /><scrolly t="58182" y="10045" /><scrolly t="58198" y="10060" /><scrolly t="58216" y="10090" /><scrolly t="58233" y="10139" /><scrolly t="58250" y="10203" /><scrolly t="58267" y="10277" /><scrolly t="58283" y="10356" /><scrolly t="58300" y="10430" /><scrolly t="58317" y="10487" /><scrolly t="58334" y="10520" /><scrolly t="58350" y="10533" /><scrolly t="58367" y="10534" /><execextern t="59774" streamID="103" /><scrolly t="59932" y="10538" /><scrolly t="59950" y="10549" /><scrolly t="59967" y="10576" /><scrolly t="59985" y="10647" /><scrolly t="60002" y="10748" /><scrolly t="60019" y="10875" /><scrolly t="60035" y="10999" /><scrolly t="60053" y="11089" /><execextern t="60110" streamID="104" /><scrolly t="60112" y="11130" /><scrolly t="60151" y="11134" /><execextern t="60161" streamID="105" /><stream t="61141" id="6" size="162214" /><execextern t="61141" streamID="6" /><execextern t="61165" streamID="106" /><execextern t="61394" streamID="107" /><execextern t="61440" streamID="108" /><scrolly t="61541" y="11136" /><scrolly t="61556" y="11143" /><scrolly t="61588" y="11195" /><scrolly t="61605" y="11263" /><scrolly t="61621" y="11359" /><scrolly t="61638" y="11470" /><scrolly t="61656" y="11583" /><scrolly t="61672" y="11672" /><scrolly t="61697" y="11721" /><scrolly t="61754" y="11734" /><execextern t="61947" streamID="109" /><execextern t="61958" streamID="110" /><execextern t="62304" streamID="111" /><scrolly t="65099" y="11738" /><scrolly t="65115" y="11745" /><scrolly t="65124" y="11754" /><scrolly t="65146" y="11766" /><scrolly t="65157" y="11780" /><scrolly t="65173" y="11795" /><scrolly t="65193" y="11810" /><scrolly t="65210" y="11820" /><scrolly t="65226" y="11828" /><scrolly t="65241" y="11832" /><scrolly t="65259" y="11833" /><scrolly t="65276" y="11834" /><execextern t="66463" streamID="112" /><scrolly t="66691" y="11836" /><scrolly t="66709" y="11844" /><scrolly t="66725" y="11862" /><scrolly t="66742" y="11898" /><scrolly t="66758" y="11954" /><scrolly t="66777" y="12027" /><scrolly t="66793" y="12104" /><scrolly t="66811" y="12169" /><scrolly t="66828" y="12213" /><scrolly t="66843" y="12232" /><scrolly t="66860" y="12234" /><execextern t="66967" streamID="113" /><scrolly t="69158" y="12236" /><scrolly t="69175" y="12241" /><scrolly t="69191" y="12249" /><scrolly t="69211" y="12263" /><scrolly t="69227" y="12280" /><scrolly t="69244" y="12302" /><scrolly t="69261" y="12331" /><scrolly t="69278" y="12367" /><scrolly t="69295" y="12406" /><scrolly t="69311" y="12446" /><scrolly t="69328" y="12481" /><scrolly t="69345" y="12507" /><scrolly t="69361" y="12525" /><scrolly t="69378" y="12533" /><scrolly t="69395" y="12534" /><execextern t="71469" streamID="114" /><execextern t="71965" streamID="115" /><execextern t="76466" streamID="116" /><execextern t="76968" streamID="117" /><scrolly t="77102" y="12538" /><scrolly t="77118" y="12544" /><scrolly t="77136" y="12554" /><scrolly t="77151" y="12566" /><scrolly t="77169" y="12580" /><scrolly t="77185" y="12597" /><scrolly t="77202" y="12617" /><scrolly t="77219" y="12638" /><scrolly t="77235" y="12660" /><scrolly t="77252" y="12683" /><scrolly t="77269" y="12706" /><scrolly t="77286" y="12731" /><scrolly t="77302" y="12754" /><scrolly t="77319" y="12777" /><scrolly t="77335" y="12801" /><scrolly t="77352" y="12824" /><scrolly t="77370" y="12848" /><scrolly t="77387" y="12870" /><scrolly t="77403" y="12890" /><scrolly t="77422" y="12906" /><scrolly t="77438" y="12918" /><scrolly t="77453" y="12926" /><scrolly t="77470" y="12931" /><scrolly t="77487" y="12933" /><scrolly t="77504" y="12934" /><scrolly t="78404" y="12937" /><scrolly t="78422" y="12944" /><scrolly t="78438" y="12958" /><scrolly t="78454" y="12983" /><scrolly t="78472" y="13019" /><scrolly t="78488" y="13070" /><scrolly t="78505" y="13133" /><scrolly t="78521" y="13197" /><scrolly t="78536" y="13259" /><scrolly t="78554" y="13317" /><scrolly t="78571" y="13365" /><scrolly t="78588" y="13399" /><scrolly t="78604" y="13421" /><scrolly t="78621" y="13431" /><scrolly t="78638" y="13434" /><scrolly t="79420" y="13438" /><scrolly t="79437" y="13453" /><scrolly t="79453" y="13492" /><scrolly t="79471" y="13576" /><scrolly t="79487" y="13693" /><scrolly t="79504" y="13834" /><scrolly t="79521" y="13973" /><scrolly t="79537" y="14076" /><scrolly t="79554" y="14126" /><scrolly t="79571" y="14134" /><mousemove t="80642" x="1604" y="619" /><mousemove t="80655" x="1597" y="617" /><mousemove t="80672" x="1583" y="612" /><elmPath t="80689" id="11"><path><element  tagCode="2884" index="1" id="wrapper"/><element  tagCode="2884" index="3" id="main" parentid="1"/><element  tagCode="2884" index="3" id="primary" parentid="2"/><element  tagCode="2884" index="5" parentid="3"/><element  tagCode="2884" index="0" id="more-search-results"/></path></elmPath><elmPath t="80689" id="12"><path><element  tagCode="2884" index="1" id="wrapper"/><element  tagCode="2884" index="3" id="main" parentid="1"/><element  tagCode="2884" index="3" id="primary" parentid="2"/><element  tagCode="2884" index="5" parentid="3"/><element  tagCode="2884" index="0" id="more-search-results"/><element  tagCode="2884" index="1" id="primary" parentid="11"/></path></elmPath><elmPos t="80691" id="13" x="383" y="12037" h="2860" w="1197" ><path><element  tagCode="2884" index="1" id="wrapper"/><element  tagCode="2884" index="3" id="main" parentid="1"/><element  tagCode="2884" index="3" id="primary" parentid="2"/><element  tagCode="2884" index="5" parentid="3"/><element  tagCode="2884" index="0" id="more-search-results"/><element  tagCode="2884" index="1" id="primary" parentid="11"/><element  tagCode="2884" index="1" parentid="12"/><element  tagCode="117" index="0" id="search-result-items"/></path><children><child tagCode="76" x="0" y="10" w="407" h="560" index="0" /><child tagCode="76" x="406" y="10" w="407" h="560" index="1" /><child tagCode="76" x="813" y="10" w="383" h="560" index="2" /><child tagCode="76" x="0" y="580" w="407" h="560" index="3" /><child tagCode="76" x="406" y="580" w="407" h="560" index="4" /><child tagCode="76" x="813" y="580" w="383" h="560" index="5" /><child tagCode="76" x="0" y="1150" w="407" h="560" index="6" /><child tagCode="76" x="406" y="1150" w="407" h="560" index="7" /><child tagCode="76" x="813" y="1150" w="383" h="560" index="8" /><child tagCode="76" x="0" y="1720" w="407" h="560" index="9" /><child tagCode="76" x="406" y="1720" w="407" h="560" index="10" /><child tagCode="76" x="813" y="1720" w="383" h="560" index="11" /><child tagCode="76" x="0" y="2290" w="407" h="560" index="12" /><child tagCode="76" x="406" y="2290" w="407" h="560" index="13" /></children></elmPos><mouseover t="80691" id="13" /><mousemove t="80691" x="1529" y="582" /><mousemove t="80704" x="1461" y="536" /><mousemove t="80721" x="1380" y="482" /><mousemove t="80738" x="1287" y="435" /><mousemove t="80754" x="1207" y="391" /><mouseout t="80771" /><execextern t="80780" streamID="118" /><elmPath t="80787" id="14"><path><element  tagCode="2884" index="1" id="wrapper"/><element  tagCode="2884" index="3" id="main" parentid="1"/><element  tagCode="2884" index="3" id="primary" parentid="2"/><element  tagCode="2884" index="5" parentid="3"/><element  tagCode="2884" index="0" id="more-search-results"/><element  tagCode="2884" index="1" id="primary" parentid="11"/><element  tagCode="2884" index="1" parentid="12"/><element  tagCode="117" index="0" id="search-result-items"/><element  tagCode="76" index="13" parentid="13"/><element  tagCode="2884" index="0" id="30c176455b49620d963d3dd17a"/></path></elmPath><elmPos t="80787" id="15" x="789" y="14327" h="383" w="383" ><path><element  tagCode="2884" index="1" id="wrapper"/><element  tagCode="2884" index="3" id="main" parentid="1"/><element  tagCode="2884" index="3" id="primary" parentid="2"/><element  tagCode="2884" index="5" parentid="3"/><element  tagCode="2884" index="0" id="more-search-results"/><element  tagCode="2884" index="1" id="primary" parentid="11"/><element  tagCode="2884" index="1" parentid="12"/><element  tagCode="117" index="0" id="search-result-items"/><element  tagCode="76" index="13" parentid="13"/><element  tagCode="2884" index="0" id="30c176455b49620d963d3dd17a"/><element  tagCode="2884" index="0" parentid="14"/><element  tagCode="2884" index="0"/></path><children /></elmPos><mouseover t="80787" id="15" /><mousemove t="80787" x="1136" y="351" /><mousemove t="80804" x="1021" y="285" /><mousemove t="80820" x="984" y="255" /><mousemove t="80838" x="944" y="225" /><elmPos t="80860" id="16" x="789" y="13757" h="560" w="407" ><path><element  tagCode="2884" index="1" id="wrapper"/><element  tagCode="2884" index="3" id="main" parentid="1"/><element  tagCode="2884" index="3" id="primary" parentid="2"/><element  tagCode="2884" index="5" parentid="3"/><element  tagCode="2884" index="0" id="more-search-results"/><element  tagCode="2884" index="1" id="primary" parentid="11"/><element  tagCode="2884" index="1" parentid="12"/><element  tagCode="117" index="0" id="search-result-items"/><element  tagCode="76" index="10" parentid="13"/></path><children /></elmPos><mouseover t="80860" id="16" /><mousemove t="80860" x="872" y="171" /><elmPath t="80890" id="17"><path><element  tagCode="2884" index="1" id="wrapper"/><element  tagCode="2884" index="1" id="header" parentid="1"/></path></elmPath><elmPath t="80890" id="18"><path><element  tagCode="2884" index="1" id="wrapper"/><element  tagCode="2884" index="1" id="header" parentid="1"/><element  tagCode="40" index="0" parentid="17"/><element  tagCode="2884" index="2" id="navigation"/></path></elmPath><elmPos t="80890" id="19" x="0" y="14217" h="46" w="1663" ><path><element  tagCode="2884" index="1" id="wrapper"/><element  tagCode="2884" index="1" id="header" parentid="1"/><element  tagCode="40" index="0" parentid="17"/><element  tagCode="2884" index="2" id="navigation"/><element  tagCode="2884" index="0" parentid="18"/><element  tagCode="2884" index="0"/><element  tagCode="2830" index="0"/><element  tagCode="117" index="0" id="navigation-menu"/></path><children><child tagCode="76" x="492" y="16" w="32" h="14" index="0" /><child tagCode="76" x="603" y="16" w="53" h="14" index="1" /><child tagCode="76" x="737" y="16" w="31" h="14" index="2" /><child tagCode="76" x="847" y="16" w="40" h="14" index="3" /><child tagCode="76" x="968" y="16" w="91" h="14" index="4" /><child tagCode="76" x="1138" y="16" w="32" h="14" index="5" /></children></elmPos><mouseover t="80890" id="19" /><mousemove t="80890" x="798" y="120" /><mousemove t="80903" x="779" y="106" /><mousemove t="80922" x="767" y="92" /><elmPos t="80938" id="20" x="0" y="14172" h="91" w="1663" ><path><element  tagCode="2884" index="1" id="wrapper"/><element  tagCode="2884" index="1" id="header" parentid="1"/><element  tagCode="40" index="0" parentid="17"/><element  tagCode="2884" index="2" id="navigation"/><element  tagCode="2884" index="0" parentid="18"/><element  tagCode="2884" index="0"/><element  tagCode="2830" index="0"/></path><children><child tagCode="1" x="731" y="0" w="200" h="30" index="0" /></children></elmPos><mouseover t="80938" id="20" /><mousemove t="80938" x="753" y="81" /><mousemove t="80955" x="742" y="70" /><elmPos t="80972" id="21" x="731" y="14172" h="30" w="200" ><path><element  tagCode="2884" index="1" id="wrapper"/><element  tagCode="2884" index="1" id="header" parentid="1"/><element  tagCode="40" index="0" parentid="17"/><element  tagCode="2884" index="2" id="navigation"/><element  tagCode="2884" index="0" parentid="18"/><element  tagCode="2884" index="0"/><element  tagCode="2830" index="0"/><element  tagCode="1" index="0" parentid="20"/></path><children /></elmPos><mouseover t="80972" id="21" /><mousemove t="80972" x="735" y="61" /><mousemove t="80987" x="734" y="57" /><mousemove t="81006" x="734" y="56" /><mousemove t="81022" x="733" y="54" /><mousemove t="81037" x="733" y="51" /><mouseover t="81055" id="20" /><mousemove t="81055" x="729" y="46" /><mousemove t="81070" x="722" y="40" /><elmPath t="81088" id="22"><path><element  tagCode="2884" index="1" id="wrapper"/><element  tagCode="2884" index="1" id="header" parentid="1"/><element  tagCode="40" index="0" parentid="17"/><element  tagCode="2884" index="1" id="pre-header"/></path></elmPath><elmPos t="81088" id="23" x="0" y="14142" h="37" w="1663" ><path><element  tagCode="2884" index="1" id="wrapper"/><element  tagCode="2884" index="1" id="header" parentid="1"/><element  tagCode="40" index="0" parentid="17"/><element  tagCode="2884" index="1" id="pre-header"/><element  tagCode="2884" index="0" parentid="22"/></path><children /></elmPos><mouseover t="81088" id="23" /><mousemove t="81088" x="718" y="36" /><mousemove t="81105" x="715" y="31" /><mousemove t="81120" x="714" y="27" /><mousemove t="81137" x="713" y="23" /><mousemove t="81154" x="711" y="20" /><mousemove t="81170" x="710" y="15" /><mousemove t="81187" x="709" y="12" /><mousemove t="81204" x="707" y="11" /><mousemove t="81220" x="707" y="9" /><elmPos t="81237" id="17" x="0" y="14134" h="129" w="1663"><path><element  tagCode="2884" index="1" id="wrapper"/><element  tagCode="2884" index="1" id="header" parentid="1"/></path><children /></elmPos><mouseover t="81237" id="17" /><mousemove t="81237" x="707" y="7" /><mousemove t="81254" x="707" y="6" /><mousemove t="81366" x="706" y="6" /><mousemove t="81374" x="704" y="6" /><mousemove t="81407" x="702" y="5" /><mousemove t="81422" x="702" y="2" /><mousemove t="81433" x="701" y="0" /><mouseout t="81433" /><execextern t="81475" streamID="119" /><execextern t="81980" streamID="120" /><unload t="82562" exitPause="200" /></recording>