{"VersionInfo":{"util":"2.9.0.7-a4f4a451","model":"2.9.0.13-25d4967c","parser":"2.9.0.13-7e06ccef","exporter":"2.9.0.13-015c9cec","pipe":"2.9.0.13-f78280e8"},"DeviceTypeID":2,"Device":"Aristo","OperatingSystem":"Android","PhysicalDisplayHeight":44,"PhysicalDisplayWidth":24,"RecorderIsMobile":true,"IsTouch":true,"TapCount":5,"ZoomCount":0,"Campaign":null,"Content":null,"Medium":"Internal","Term":null,"ClientHeightFinal":522,"ClientHeightInitial":522,"ClientWidthFinal":360,"ClientWidthInitial":360,"SizeWndEndH":522,"SizeWndIniH":522,"SizeWndEndW":360,"SizeWndIniW":360,"LayoutViewportWidth":360,"SizeScrW":360,"SizeScrH":640,"TrueSizeScrH":640,"TrueSizeScrW":360,"XMLSize":9652,"DSRSize":319724,"CountScrollX":2,"CountScrollY":4,"MaxScrollPercent":null,"SizeScrollH":null,"SizeScrollW":null,"PreviousSubmitIndication":null,"SubmitCount":0,"CountryCode":"US","City":null,"Country":"United States","Region":null,"RegionCode":null,"ActiveTime":21786,"Domain":"www.nautica.com","LanguageCode":"es-US","Navigator":"WK537","Platform":"Linux armv7l","BodyCheck":null,"HtmlCheck":null,"Version":16,"VersionMinor":15,"ClicksBelowFold":1,"ClicksOnLinkLikeElements":1,"ClicksOnNonLinkLikeElements":0,"Exposure":50,"WRAttemptedCounter":5,"WRCheckedCounter":5,"WRGlobalCounter":5,"WRRecordedCounter":5,"MessageCount":17,"MessagesSize":4704,"OriginalSID":1970360353603634,"SID":1970360353603634,"PID":94,"UID":1970356546601164,"SubscriberId":69859,"UserAgent":"Mozilla/5.0 (Linux; Android 7.0; LGMS210 Build/NRD90U; wv) AppleWebKit/537.36 (KHTML, like Gecko) Version/4.0 Chrome/69.0.3497.91 Mobile Safari/537.36 [FB_IAB/FB4A;FBAV/189.0.0.35.91;]","PopulationType":null,"CountJSError":0,"CountNonClickTaleJsErrors":0,"JsErrors":[],"Tags":[{"TagName":"VE Onload | Page Type | category","TagTypeID":0},{"TagName":"VE | Onload - Nautica.com - womens-","TagTypeID":0},{"TagName":"Config: Release_20181008","TagTypeID":0},{"TagName":"VE Onload | Category | womens","TagTypeID":0},{"TagName":"CT2MappingTag_272_6198350271923942_6351746954732080_4323494781450856","TagTypeID":0},{"TagName":"VE Action | PLP | Clicked Any Product","TagTypeID":0},{"TagName":"VE Onload | Women's PLP","TagTypeID":0},{"TagName":"VE | Onload - PLP page","TagTypeID":0}],"RecordingGUID":"1e86b9fc-ab24-40fc-ad16-5826772055e3","Referrer":"https://www.nautica.com/mens-polos/?utm_source=facebook&utm_medium=social&utm_campaign=brand_2_&utm_content=paid_polo_ad","ContentSourceID":2,"Location":"https://www.nautica.com/womens/?view=grid#uuid=419bf6227cc58cef2cf06a6acd","FormCount":0,"ContentSize":403258,"HTMLSize":403258,"HtmlCharset":"UTF-8","WebpageHash":"n0udvGtXKeLnq8Al/fGU0uVwYr8=","CountMouseDown":0,"CountMouseMove":0,"ClientDate":1540331655409,"Length":22373,"ProcessingDateTimeUtc":"2018-10-23 21:54:49.145","ProcessingDateTimeZone":"2018-10-23 15:54:49.145","ClientRecordingDateTimeUtc":"2018-10-23 21:54:15.409","ClientRecordingDateTimeZone":"2018-10-23 15:54:15.409","RecordingDate":1540331642637,"RecordingDateJs":1540331642637,"RecordingEndDate":1540331665010,"TimeDOMLoad":7010,"TimeExitPause":200,"TimeInit":12772,"TimeLoad":0,"TimeStart":9487,"TimeToFirstClick":15691,"TimeUnload":22373,"TimeZone":-300,"Description":"No load","CreateDate":"2018-10-23T21:54:49.090","ErrorCount":0,"AuthenticationUnixTime":1540331652051,"OrientationChangeCount":0,"Source":"nautica.com","IP":"172.27.15.155","ClientDateTime":0,"TimeWebPageFetch":0,"CityID":null,"LocationID":-1,"DeviceID":null,"DomainID":null,"FetchURL":"","FullRecordingData":"","HttpCharset":"","ReferrerID":-1,"TrafficCampaignID":-1,"TrafficContentID":-1,"TrafficMediumID":-1,"TrafficSourceID":-1,"TrafficTermID":-1,"UserAgentID":-1,"CountryID":null,"RegionID":null, "cage_ip":"172.27.13.40", "cage_version":"2.2.31", "cage_time":1540331689947,"avroSize":3094,"avroCompressedSize":1656}