{"ActiveTime":46934,"AuthenticationUnixTime":1540386261642,"BodyCheck":null,"Campaign":null,"City":"Gaffney","CityID":null,"ClicksBelowFold":1,"ClicksOnLinkLikeElements":1,"ClicksOnNonLinkLikeElements":0,"ClientDate":1540386261642,"ClientDateTime":0,"ClientHeightFinal":969,"ClientHeightInitial":969,"ClientRecordingDateTimeUtc":"2018-10-24 13:04:21.642","ClientRecordingDateTimeZone":"2018-10-24 08:04:21.642","ClientWidthFinal":1920,"ClientWidthInitial":1920,"Content":null,"ContentSize":233956,"ContentSourceID":2,"CountJSError":0,"CountMouseDown":1,"CountMouseMove":348,"CountNonClickTaleJsErrors":0,"Country":"United States","CountryCode":"US","CountryID":null,"CountScrollX":0,"CountScrollY":154,"CreateDate":"2018-10-24T13:04:21.642","Description":"","Device":"","DeviceID":null,"DeviceTypeID":1,"Domain":"www.nautica.com","DomainID":null,"ErrorCount":0,"Exposure":58,"FetchURL":"","FormCount":0,"FullRecordingData":"","HtmlCharset":"UTF-8","HtmlCheck":null,"HttpCharset":"","IP":null,"IsPhysicalSizeDefault":null,"IsTouch":false,"JsErrors":[],"LanguageCode":"en-US","LayoutViewportWidth":1903,"Length":186795,"Location":"https://www.nautica.com/kids-boys-shirts-sweaters/#uuid=abebc708058b4ca40e9537dfb6","LocationID":-1,"MaxScrollPercent":58,"Medium":"Internal","MessageCount":66,"MessagesSize":0,"Navigator":"Ch69","OperatingSystem":"Windows","OperatingSystemID":null,"OrientationChangeCount":0,"OriginalSID":0,"PhysicalDisplayHeight":null,"PhysicalDisplayWidth":null,"PID":94,"Platform":"Win32","PreviousSubmitIndication":null,"PopulationType":null,"ProcessingDateTimeUtc":"2018-10-24 13:07:20.104","ProcessingDateTimeZone":"2018-10-24 08:07:20.104","RecorderIsMobile":false,"RecordingDate":1540386261642,"RecordingGUID":"0ff1bff1-d987-4a0c-893f-126ec22d794e","RecordingDateJs":1540386261642,"RecordingEndDate":1540386448437,"Referrer":"https://www.nautica.com/?utm_source=rakuten&utm_medium=retargeting&utm_campaign=nautica&rd_eid=ea44987b-47af-452e-9929-3bf24a87ccac&rdmid=4822&rdadid=6128970","ReferrerID":-1,"Region":"South Carolina","RegionCode":"SC","RegionID":null,"SID":1971255077143187,"SizeScrollH":5506,"SizeScrollW":1903,"SizeScrW":1920,"SizeScrH":1080,"TrueSizeScrW":1920,"TrueSizeScrH":1080,"SizeWndEndH":969,"SizeWndEndW":1920,"SizeWndIniH":969,"SizeWndIniW":1920,"Source":"nautica.com","SubmitCount":0,"SubscriberId":69859,"Tags":[{"TagName":"Config: Release_20181024","TagTypeID":0},{"TagName":"CT2MappingTag_272_5384983418257308_3895301372143560_6354592751930852","TagTypeID":0},{"TagName":"VE | Onload - Nautica.com - kids-boys-shirts-sweaters-","TagTypeID":0},{"TagName":"VE Onload | Page Type | category","TagTypeID":0},{"TagName":"VE Onload | Category | kids-boys-shirts-sweaters","TagTypeID":0},{"TagName":"VE | Onload - PLP page","TagTypeID":0},{"TagName":"VE Action | PLP | Clicked Any Product","TagTypeID":0}],"TapCount":0,"Term":null,"TimeDOMLoad":3316,"TimeExitPause":200,"TimeInit":5824,"TimeLoad":10036,"TimeStart":4639,"TimeToFirstClick":186100,"TimeUnload":186795,"TimeWebPageFetch":0,"TimeZone":-420,"TrafficCampaignID":-1,"TrafficContentID":-1,"TrafficMediumID":-1,"TrafficSourceID":-1,"TrafficTermID":-1,"UID":1971164198060149,"UserAgent":"Mozilla/5.0 (Windows NT 6.3; Win64; x64) AppleWebKit/537.36 (KHTML, like Gecko) Chrome/69.0.3497.100 Safari/537.36","UserAgentID":-1,"Version":16,"VersionMinor":15,"WebPageHash":"eK0Dxu5GwBMX+YWOV6UimWf0968=","WRAttemptedCounter":18,"WRCheckedCounter":18,"WRGlobalCounter":18,"WRRecordedCounter":18,"XMLSize":56041,"DSRSize":96995,"HTMLSize":233956,"ZoomCount":0,"MachineName":"WIN-9S1CHG83531","IpAddress":"172.27.13.155","ProcessVersion":"1.0.1.157","ProcessingStartTimeUtc":"2018-10-24T13:07:20.057164Z","ProcessingEndTimeUtc":"2018-10-24T13:07:20.1196707Z","ProcessingElapsedMilliseconds":62, "cage_ip":"172.27.13.236", "cage_version":"2.2.31", "cage_time":1540386443922,"avroSize":16042,"avroCompressedSize":6984}