<?xml version="1.0" encoding="utf-8"?><recording xmlns:xsd="http://www.w3.org/2001/XMLSchema" xmlns:xsi="http://www.w3.org/2001/XMLSchema-instance" machine="WIN-9S1CHG83531" procIp="172.27.13.155" procVersion="1.0.1.157" ip="" userAgent="Mozilla/5.0 (Windows NT 6.3; Win64; x64) AppleWebKit/537.36 (KHTML, like Gecko) Chrome/69.0.3497.100 Safari/537.36" contentSource="stream" fetchFrom="" location="https://www.nautica.com/kids-boys-shirts-sweaters/#uuid=abebc708058b4ca40e9537dfb6" t="5824" navigator="Ch69" platform="Win32" scrw="1920" scrh="1080" scrx="0" scry="0" scrDepth="24" itime="1540397060726" timeZone="-7" w="1920" h="969" cw="1920" ch="969" eventMask="383" cookieFlag="1" languageCode="en-US" uid="1971164198060149" uid2="0" referrer="https://www.nautica.com/?utm_source=rakuten&amp;utm_medium=retargeting&amp;utm_campaign=nautica&amp;rd_eid=ea44987b-47af-452e-9929-3bf24a87ccac&amp;rdmid=4822&amp;rdadid=6128970" country="United States" countryCode="US" webPageHash="78ad03c6ee46c01317f9858e57a5229967f4f7af" version="16" length="186795" activeTime="46934" rtime="1540386261642" errorCount="0" messagesCount="66" messagesSize="93754" pid="94" sid="1971255077143187" tapCount="0" originalLocation="https://www.nautica.com/kids-boys-shirts-sweaters/#uuid=abebc708058b4ca40e9537dfb6" enriched="true" TrueSizeScrW="1920" TrueSizeScrH="1080" sw="1920" sh="5506" pageContentSize="233956" recorderVersionMajor="16" recorderVersionMinor="15" historyLength="4" isClassifiedInThisSession="false" lh="969" lw="1903" orientation="0" isRecorderMobile="false" exposure="58" deviceType="1" operatingSystem="Windows" devicePixelRatio="1" globalPageviewCounter="18" attemptedPageviewCounter="18" checkedPageviewCounter="18" recordedPageviewCounter="18" clicksOnLinkLikeElements="1" clicksOnNonLinkLikeElements="0" clicksBelowFold="1" timeToFirstClick="186100" ><domload t="3316" /><execextern t="4628" streamID="7" /><tag t="4630">Config: Release_20181024</tag><start t="4639" /><tag t="4645">CT2MappingTag_272_5384983418257308_3895301372143560_6354592751930852</tag><init t="5824" w="1920" h="969" cw="1920" ch="969" lw="1903" lh="969" orientation="0" /><scrolly t="5832" y="1299" /><elmPos t="5867" id="0" x="0" y="0" h="5346" w="1903" ><path></path><children><child tagCode="2884" x="0" y="122" w="1903" h="5224" index="2" /></children></elmPos><focus t="5868" id="0" /><field t="5892" name="isMobile">false</field><tag t="5896">VE | Onload - Nautica.com - kids-boys-shirts-sweaters-</tag><stream t="6480" id="1" size="233907" /><uploadstream t="6483" streamID="1" /><elmPath t="6532" id="1"><path><element tagCode="2884" index="2" id="wrapper" /></path></elmPath><elmPath t="6532" id="2"><path><element tagCode="2884" index="2" id="wrapper" /><element tagCode="2884" index="4" id="main" parentid="1" /></path></elmPath><elmPath t="6532" id="3"><path><element tagCode="2884" index="2" id="wrapper" /><element tagCode="2884" index="4" id="main" parentid="1" /><element tagCode="2884" index="4" id="primary" parentid="2" /></path></elmPath><elmPath t="6532" id="4"><path><element tagCode="2884" index="2" id="wrapper" /><element tagCode="2884" index="4" id="main" parentid="1" /><element tagCode="2884" index="4" id="primary" parentid="2" /><element tagCode="2884" index="3" id="category-kids-boys-2t-7-shirts-sweaters" parentid="3" /></path></elmPath><elmPath t="6532" id="5"><path><element tagCode="2884" index="2" id="wrapper" /><element tagCode="2884" index="4" id="main" parentid="1" /><element tagCode="2884" index="4" id="primary" parentid="2" /><element tagCode="2884" index="3" id="category-kids-boys-2t-7-shirts-sweaters" parentid="3" /><element tagCode="2884" index="0" parentid="4" /><element tagCode="117" index="0" /><element tagCode="76" index="8" /><element tagCode="2884" index="0" id="8e286f8ccba558f513d7d3c377" /></path></elmPath><elmPos t="6534" id="6" x="1357" y="1598" h="450" w="450" ><path><element tagCode="2884" index="2" id="wrapper" /><element tagCode="2884" index="4" id="main" parentid="1" /><element tagCode="2884" index="4" id="primary" parentid="2" /><element tagCode="2884" index="3" id="category-kids-boys-2t-7-shirts-sweaters" parentid="3" /><element tagCode="2884" index="0" parentid="4" /><element tagCode="117" index="0" /><element tagCode="76" index="8" /><element tagCode="2884" index="0" id="8e286f8ccba558f513d7d3c377" /><element tagCode="2884" index="0" parentid="5" /><element tagCode="2884" index="0" /></path><children /></elmPos><mouseover t="6534" id="6" /><mousemove t="6534" x="1359" y="583"  /><scrolly t="6544" y="1100" /><mouseout t="6557" /><execextern t="6578" streamID="8" /><elmPath t="6586" id="7"><path><element tagCode="2884" index="2" id="wrapper" /><element tagCode="2884" index="4" id="main" parentid="1" /><element tagCode="2884" index="4" id="primary" parentid="2" /><element tagCode="2884" index="3" id="category-kids-boys-2t-7-shirts-sweaters" parentid="3" /><element tagCode="2884" index="0" parentid="4" /><element tagCode="117" index="0" /><element tagCode="76" index="7" /><element tagCode="2884" index="0" id="3bc8f64943ae500ddc5ded4fd7" /></path></elmPath><elmPos t="6586" id="8" x="879" y="1598" h="450" w="450" ><path><element tagCode="2884" index="2" id="wrapper" /><element tagCode="2884" index="4" id="main" parentid="1" /><element tagCode="2884" index="4" id="primary" parentid="2" /><element tagCode="2884" index="3" id="category-kids-boys-2t-7-shirts-sweaters" parentid="3" /><element tagCode="2884" index="0" parentid="4" /><element tagCode="117" index="0" /><element tagCode="76" index="7" /><element tagCode="2884" index="0" id="3bc8f64943ae500ddc5ded4fd7" /><element tagCode="2884" index="0" parentid="7" /><element tagCode="2884" index="0" /></path><children /></elmPos><mouseover t="6587" id="8" /><mousemove t="6587" x="1328" y="579"  /><scrolly t="6594" y="1088" /><mousemove t="6608" x="1273" y="578"  /><scrolly t="6611" y="964" /><stream t="6657" id="2" size="3148" /><execextern t="6657" streamID="2" /><elmPos t="6755" id="9" x="879" y="981" h="612" w="450" ><path><element tagCode="2884" index="2" id="wrapper" /><element tagCode="2884" index="4" id="main" parentid="1" /><element tagCode="2884" index="4" id="primary" parentid="2" /><element tagCode="2884" index="3" id="category-kids-boys-2t-7-shirts-sweaters" parentid="3" /><element tagCode="2884" index="0" parentid="4" /><element tagCode="117" index="0" /><element tagCode="76" index="4" /><element tagCode="2884" index="0" id="eef87db4765762bc0788416b14" /></path><children><child tagCode="2884" x="0" y="466" w="450" h="53" index="1" /><child tagCode="2884" x="0" y="524" w="450" h="20" index="2" /><child tagCode="2884" x="0" y="550" w="450" h="31" index="3" /></children></elmPos><mouseover t="6755" id="9" /><mousemove t="6755" x="1218" y="578"  /><scrolly t="6835" y="928" /><execextern t="6963" streamID="9" /><tag t="7020">VE Onload | Page Type | category</tag><tag t="7084">VE Onload | Category | kids-boys-shirts-sweaters</tag><elmPos t="7117" id="10" x="879" y="1447" h="53" w="450" ><path><element tagCode="2884" index="2" id="wrapper" /><element tagCode="2884" index="4" id="main" parentid="1" /><element tagCode="2884" index="4" id="primary" parentid="2" /><element tagCode="2884" index="3" id="category-kids-boys-2t-7-shirts-sweaters" parentid="3" /><element tagCode="2884" index="0" parentid="4" /><element tagCode="117" index="0" /><element tagCode="76" index="4" /><element tagCode="2884" index="0" id="eef87db4765762bc0788416b14" /><element tagCode="2884" index="1" parentid="9" /></path><children><child tagCode="136" x="0" y="0" w="450" h="42" index="0" /></children></elmPos><mouseover t="7117" id="10" /><mousemove t="7117" x="1167" y="563"  /><scrolly t="7123" y="820" /><mouseout t="7153" /><execextern t="7166" streamID="10" /><elmPos t="7172" id="11" x="879" y="981" h="450" w="450" ><path><element tagCode="2884" index="2" id="wrapper" /><element tagCode="2884" index="4" id="main" parentid="1" /><element tagCode="2884" index="4" id="primary" parentid="2" /><element tagCode="2884" index="3" id="category-kids-boys-2t-7-shirts-sweaters" parentid="3" /><element tagCode="2884" index="0" parentid="4" /><element tagCode="117" index="0" /><element tagCode="76" index="4" /><element tagCode="2884" index="0" id="eef87db4765762bc0788416b14" /><element tagCode="2884" index="0" parentid="9" /><element tagCode="2884" index="0" /></path><children /></elmPos><mouseover t="7172" id="11" /><mousemove t="7172" x="1168" y="562"  /><scrolly t="7175" y="804" /><tag t="7184">VE | Onload - PLP page</tag><mousemove t="7240" x="1169" y="562"  /><scrolly t="7242" y="801" /><execextern t="7260" streamID="11" /><scrolly t="7502" y="675" /><execextern t="7574" streamID="12" /><execextern t="7593" streamID="13" /><execextern t="7606" streamID="14" /><scrolly t="7655" y="620" /><execextern t="7739" streamID="15" /><execextern t="7814" streamID="16" /><execextern t="7825" streamID="17" /><execextern t="7834" streamID="18" /><execextern t="7847" streamID="19" /><execextern t="7863" streamID="20" /><stream t="8271" id="3" size="5810" /><execextern t="8271" streamID="3" /><execextern t="8289" streamID="21" /><execextern t="8297" streamID="22" /><mouseout t="8309" /><execextern t="8322" streamID="23" /><elmPos t="8326" id="12" x="879" y="981" h="450" w="450" ><path><element tagCode="2884" index="2" id="wrapper" /><element tagCode="2884" index="4" id="main" parentid="1" /><element tagCode="2884" index="4" id="primary" parentid="2" /><element tagCode="2884" index="3" id="category-kids-boys-2t-7-shirts-sweaters" parentid="3" /><element tagCode="2884" index="0" parentid="4" /><element tagCode="117" index="0" /><element tagCode="76" index="4" /><element tagCode="2884" index="0" id="eef87db4765762bc0788416b14" /><element tagCode="2884" index="0" parentid="9" /><element tagCode="2884" index="0" /><element tagCode="1" index="0" parentid="11" /><element tagCode="873" index="0" /></path><children /></elmPos><mouseover t="8326" id="12" /><mousemove t="8326" x="1180" y="556"  /><execextern t="8373" streamID="24" /><execextern t="8385" streamID="25" /><execextern t="8393" streamID="26" /><stream t="8457" id="4" size="3097" /><execextern t="8457" streamID="4" /><execextern t="8478" streamID="27" /><stream t="8832" id="5" size="21946" /><execextern t="8832" streamID="5" /><execextern t="8935" streamID="28" /><stream t="9111" id="6" size="19879" /><execextern t="9111" streamID="6" /><mousemove t="9118" x="1181" y="556"  /><execextern t="9163" streamID="29" /><scrolly t="9174" y="589" /><scrolly t="9190" y="550" /><scrolly t="9208" y="498" /><scrolly t="9226" y="441" /><execextern t="9252" streamID="30" /><mousemove t="9325" x="1183" y="556"  /><execextern t="9335" streamID="31" /><scrolly t="9335" y="389" /><scrolly t="9348" y="320" /><execextern t="9367" streamID="32" /><elmPath t="9369" id="13"><path><element tagCode="2884" index="2" id="wrapper" /><element tagCode="2884" index="4" id="main" parentid="1" /><element tagCode="2884" index="4" id="primary" parentid="2" /><element tagCode="2884" index="3" id="category-kids-boys-2t-7-shirts-sweaters" parentid="3" /><element tagCode="2884" index="0" parentid="4" /><element tagCode="117" index="0" /><element tagCode="76" index="1" /><element tagCode="2884" index="0" id="5366d9da93e28e9934fb16df31" /></path></elmPath><elmPos t="9371" id="14" x="879" y="868" h="20" w="450" ><path><element tagCode="2884" index="2" id="wrapper" /><element tagCode="2884" index="4" id="main" parentid="1" /><element tagCode="2884" index="4" id="primary" parentid="2" /><element tagCode="2884" index="3" id="category-kids-boys-2t-7-shirts-sweaters" parentid="3" /><element tagCode="2884" index="0" parentid="4" /><element tagCode="117" index="0" /><element tagCode="76" index="1" /><element tagCode="2884" index="0" id="5366d9da93e28e9934fb16df31" /><element tagCode="2884" index="2" parentid="13" /></path><children /></elmPos><mouseover t="9371" id="14" /><mousemove t="9371" x="1184" y="556"  /><scrolly t="9394" y="314" /><scrolly t="9410" y="307" /><scrolly t="9727" y="297" /><scrolly t="9783" y="220" /><scrolly t="9856" y="221" /><mouseout t="9872" /><execextern t="9881" streamID="33" /><elmPos t="9887" id="15" x="879" y="344" h="450" w="450" ><path><element tagCode="2884" index="2" id="wrapper" /><element tagCode="2884" index="4" id="main" parentid="1" /><element tagCode="2884" index="4" id="primary" parentid="2" /><element tagCode="2884" index="3" id="category-kids-boys-2t-7-shirts-sweaters" parentid="3" /><element tagCode="2884" index="0" parentid="4" /><element tagCode="117" index="0" /><element tagCode="76" index="1" /><element tagCode="2884" index="0" id="5366d9da93e28e9934fb16df31" /><element tagCode="2884" index="0" parentid="13" /><element tagCode="2884" index="0" /></path><children /></elmPos><mouseover t="9887" id="15" /><mousemove t="9887" x="1185" y="556"  /><scrolly t="9891" y="226" /><mousemove t="9905" x="1185" y="557"  /><scrolly t="9909" y="247" /><scrolly t="9924" y="266" /><scrolly t="9940" y="275" /><scrolly t="9965" y="298" /><scrolly t="9978" y="327" /><scrolly t="9991" y="363" /><execextern t="10028" streamID="34" /><load t="10036" w="1920" h="969" cw="1920" ch="969" sw="1903" sh="5506" lw="1903" lh="969" orientation="0" /><execextern t="10055" streamID="35" /><scrolly t="10055" y="412" /><execextern t="10080" streamID="36" /><scrolly t="10087" y="543" /><scrolly t="10116" y="589" /><scrolly t="10126" y="603" /><scrolly t="10141" y="612" /><scrolly t="10156" y="617" /><scrolly t="10172" y="619" /><scrolly t="10189" y="620" /><mouseout t="10288" /><execextern t="10297" streamID="37" /><scrolly t="10338" y="621" /><scrolly t="10357" y="625" /><scrolly t="10373" y="632" /><scrolly t="10390" y="642" /><scrolly t="10407" y="657" /><scrolly t="10424" y="677" /><scrolly t="10441" y="700" /><scrolly t="10461" y="726" /><scrolly t="10479" y="753" /><scrolly t="10491" y="777" /><scrolly t="10508" y="796" /><scrolly t="10526" y="809" /><scrolly t="10540" y="817" /><scrolly t="10557" y="820" /><scrolly t="11004" y="821" /><scrolly t="11023" y="825" /><scrolly t="11039" y="832" /><scrolly t="11057" y="843" /><scrolly t="11073" y="860" /><elmPos t="11090" id="12" x="879" y="1001" h="450" w="450"><children /></elmPos><mouseover t="11090" id="12" /><mousemove t="11090" x="1185" y="559"  /><scrolly t="11093" y="880" /><scrolly t="11107" y="908" /><scrolly t="11124" y="942" /><scrolly t="11139" y="981" /><scrolly t="11156" y="1022" /><scrolly t="11174" y="1058" /><scrolly t="11191" y="1088" /><scrolly t="11206" y="1107" /><scrolly t="11224" y="1117" /><scrolly t="11238" y="1120" /><execextern t="11296" streamID="38" /><mouseout t="11297" /><execextern t="11309" streamID="39" /><elmPos t="11313" id="16" x="879" y="1658" h="450" w="450" ><path><element tagCode="2884" index="2" id="wrapper" /><element tagCode="2884" index="4" id="main" parentid="1" /><element tagCode="2884" index="4" id="primary" parentid="2" /><element tagCode="2884" index="3" id="category-kids-boys-2t-7-shirts-sweaters" parentid="3" /><element tagCode="2884" index="0" parentid="4" /><element tagCode="117" index="0" /><element tagCode="76" index="7" /><element tagCode="2884" index="0" id="3bc8f64943ae500ddc5ded4fd7" /><element tagCode="2884" index="0" parentid="7" /><element tagCode="2884" index="0" /><element tagCode="1" index="0" parentid="8" /><element tagCode="873" index="0" /></path><children /></elmPos><mouseover t="11315" id="16" /><mousemove t="11315" x="1186" y="559"  /><mousemove t="11326" x="1187" y="559"  /><mousemove t="11338" x="1189" y="558"  /><mousemove t="11355" x="1211" y="558"  /><mousemove t="11377" x="1273" y="568"  /><mousemove t="11389" x="1324" y="580"  /><execextern t="11411" streamID="40" /><elmPos t="11417" id="17" x="879" y="1658" h="647" w="478" ><path><element tagCode="2884" index="2" id="wrapper" /><element tagCode="2884" index="4" id="main" parentid="1" /><element tagCode="2884" index="4" id="primary" parentid="2" /><element tagCode="2884" index="3" id="category-kids-boys-2t-7-shirts-sweaters" parentid="3" /><element tagCode="2884" index="0" parentid="4" /><element tagCode="117" index="0" /><element tagCode="76" index="7" /></path><children /></elmPos><mouseover t="11417" id="17" /><mousemove t="11417" x="1346" y="582"  /><mouseout t="11430" /><execextern t="11443" streamID="41" /><elmPos t="11450" id="18" x="1357" y="1658" h="450" w="450" ><path><element tagCode="2884" index="2" id="wrapper" /><element tagCode="2884" index="4" id="main" parentid="1" /><element tagCode="2884" index="4" id="primary" parentid="2" /><element tagCode="2884" index="3" id="category-kids-boys-2t-7-shirts-sweaters" parentid="3" /><element tagCode="2884" index="0" parentid="4" /><element tagCode="117" index="0" /><element tagCode="76" index="8" /><element tagCode="2884" index="0" id="8e286f8ccba558f513d7d3c377" /><element tagCode="2884" index="0" parentid="5" /><element tagCode="2884" index="0" /><element tagCode="1" index="0" parentid="6" /><element tagCode="873" index="0" /></path><children /></elmPos><mouseover t="11450" id="18" /><mousemove t="11450" x="1358" y="582"  /><mousemove t="11460" x="1361" y="582"  /><scrolly t="11806" y="1123" /><scrolly t="11822" y="1129" /><scrolly t="11838" y="1137" /><scrolly t="11856" y="1149" /><scrolly t="11872" y="1164" /><scrolly t="11889" y="1178" /><scrolly t="11906" y="1194" /><scrolly t="11922" y="1213" /><scrolly t="11938" y="1232" /><scrolly t="11956" y="1252" /><scrolly t="11973" y="1271" /><scrolly t="11988" y="1287" /><scrolly t="12005" y="1301" /><scrolly t="12023" y="1310" /><scrolly t="12039" y="1316" /><scrolly t="12055" y="1319" /><scrolly t="12074" y="1320" /><mousemove t="12467" x="1362" y="582"  /><mousemove t="12488" x="1361" y="583"  /><mousemove t="12524" x="1360" y="584"  /><mousemove t="12537" x="1360" y="586"  /><mousemove t="12555" x="1360" y="588"  /><mousemove t="12573" x="1359" y="589"  /><mousemove t="12593" x="1359" y="590"  /><mousemove t="12656" x="1359" y="592"  /><mousemove t="12672" x="1358" y="594"  /><mousemove t="12688" x="1358" y="596"  /><mousemove t="12706" x="1358" y="606"  /><mousemove t="12722" x="1358" y="618"  /><mousemove t="12739" x="1358" y="633"  /><mousemove t="12757" x="1357" y="652"  /><execextern t="12779" streamID="42" /><mouseover t="12784" id="17" /><mousemove t="12784" x="1354" y="669"  /><mousemove t="12797" x="1354" y="692"  /><mousemove t="12808" x="1354" y="699"  /><mousemove t="12824" x="1354" y="712"  /><mousemove t="12844" x="1354" y="735"  /><mousemove t="12856" x="1354" y="742"  /><mousemove t="12872" x="1354" y="755"  /><mousemove t="12889" x="1354" y="769"  /><mousemove t="12905" x="1354" y="781"  /><mousemove t="12922" x="1354" y="790"  /><mousemove t="12938" x="1355" y="794"  /><elmPos t="12959" id="5" x="1357" y="1658" h="612" w="450"><path><element tagCode="2884" index="2" id="wrapper" /><element tagCode="2884" index="4" id="main" parentid="1" /><element tagCode="2884" index="4" id="primary" parentid="2" /><element tagCode="2884" index="3" id="category-kids-boys-2t-7-shirts-sweaters" parentid="3" /><element tagCode="2884" index="0" parentid="4" /><element tagCode="117" index="0" /><element tagCode="76" index="8" /><element tagCode="2884" index="0" id="8e286f8ccba558f513d7d3c377" /></path><children><child tagCode="2884" x="0" y="466" w="450" h="53" index="1" /><child tagCode="2884" x="0" y="524" w="450" h="20" index="2" /><child tagCode="2884" x="0" y="550" w="450" h="31" index="3" /><child tagCode="2884" x="0" y="591" w="450" h="21" index="4" /></children></elmPos><mouseover t="12959" id="5" /><mousemove t="12959" x="1360" y="800"  /><elmPos t="12976" id="19" x="1357" y="2126" h="17" w="364" ><path><element tagCode="2884" index="2" id="wrapper" /><element tagCode="2884" index="4" id="main" parentid="1" /><element tagCode="2884" index="4" id="primary" parentid="2" /><element tagCode="2884" index="3" id="category-kids-boys-2t-7-shirts-sweaters" parentid="3" /><element tagCode="2884" index="0" parentid="4" /><element tagCode="117" index="0" /><element tagCode="76" index="8" /><element tagCode="2884" index="0" id="8e286f8ccba558f513d7d3c377" /><element tagCode="2884" index="1" parentid="5" /><element tagCode="136" index="0" /><element tagCode="1" index="0" /></path><children /></elmPos><mouseover t="12976" id="19" /><mousemove t="12976" x="1370" y="807"  /><mousemove t="12992" x="1378" y="809"  /><mousemove t="13005" x="1404" y="820"  /><elmPos t="13026" id="20" x="1357" y="2124" h="21" w="450" ><path><element tagCode="2884" index="2" id="wrapper" /><element tagCode="2884" index="4" id="main" parentid="1" /><element tagCode="2884" index="4" id="primary" parentid="2" /><element tagCode="2884" index="3" id="category-kids-boys-2t-7-shirts-sweaters" parentid="3" /><element tagCode="2884" index="0" parentid="4" /><element tagCode="117" index="0" /><element tagCode="76" index="8" /><element tagCode="2884" index="0" id="8e286f8ccba558f513d7d3c377" /><element tagCode="2884" index="1" parentid="5" /><element tagCode="136" index="0" /></path><children /></elmPos><mouseover t="13026" id="20" /><mousemove t="13026" x="1421" y="824"  /><elmPos t="13044" id="21" x="1357" y="2124" h="53" w="450" ><path><element tagCode="2884" index="2" id="wrapper" /><element tagCode="2884" index="4" id="main" parentid="1" /><element tagCode="2884" index="4" id="primary" parentid="2" /><element tagCode="2884" index="3" id="category-kids-boys-2t-7-shirts-sweaters" parentid="3" /><element tagCode="2884" index="0" parentid="4" /><element tagCode="117" index="0" /><element tagCode="76" index="8" /><element tagCode="2884" index="0" id="8e286f8ccba558f513d7d3c377" /><element tagCode="2884" index="1" parentid="5" /></path><children><child tagCode="136" x="0" y="0" w="450" h="21" index="0" /></children></elmPos><mouseover t="13044" id="21" /><mousemove t="13044" x="1436" y="829"  /><mousemove t="13057" x="1448" y="831"  /><mousemove t="13074" x="1459" y="835"  /><mousemove t="13088" x="1462" y="835"  /><mousemove t="13105" x="1467" y="837"  /><mousemove t="13122" x="1471" y="838"  /><mousemove t="13139" x="1476" y="839"  /><mousemove t="13154" x="1479" y="840"  /><mousemove t="13171" x="1480" y="840"  /><mousemove t="13355" x="1482" y="840"  /><mousemove t="13373" x="1484" y="841"  /><mousemove t="13390" x="1486" y="842"  /><mousemove t="13406" x="1487" y="844"  /><mousemove t="13423" x="1488" y="844"  /><mousemove t="13439" x="1490" y="845"  /><mousemove t="13457" x="1494" y="846"  /><mousemove t="13472" x="1498" y="848"  /><mousemove t="13489" x="1505" y="852"  /><mouseover t="13515" id="5" /><mousemove t="13515" x="1517" y="857"  /><mousemove t="13523" x="1527" y="861"  /><elmPos t="13541" id="22" x="1357" y="2182" h="20" w="450" ><path><element tagCode="2884" index="2" id="wrapper" /><element tagCode="2884" index="4" id="main" parentid="1" /><element tagCode="2884" index="4" id="primary" parentid="2" /><element tagCode="2884" index="3" id="category-kids-boys-2t-7-shirts-sweaters" parentid="3" /><element tagCode="2884" index="0" parentid="4" /><element tagCode="117" index="0" /><element tagCode="76" index="8" /><element tagCode="2884" index="0" id="8e286f8ccba558f513d7d3c377" /><element tagCode="2884" index="2" parentid="5" /><element tagCode="2884" index="0" /></path><children /></elmPos><mouseover t="13541" id="22" /><mousemove t="13541" x="1537" y="865"  /><mousemove t="13556" x="1546" y="868"  /><mousemove t="13573" x="1557" y="871"  /><mousemove t="13589" x="1570" y="873"  /><mousemove t="13606" x="1585" y="876"  /><mousemove t="13622" x="1600" y="877"  /><mousemove t="13639" x="1614" y="880"  /><mousemove t="13655" x="1627" y="881"  /><mouseover t="13676" id="5" /><mousemove t="13676" x="1641" y="883"  /><mousemove t="13688" x="1652" y="885"  /><mousemove t="13706" x="1666" y="886"  /><mousemove t="13723" x="1672" y="886"  /><mousemove t="13738" x="1675" y="886"  /><execextern t="13748" streamID="43" /><mousemove t="13757" x="1677" y="886"  /><mousemove t="13806" x="1679" y="886"  /><execextern t="14253" streamID="44" /><mousemove t="15456" x="1678" y="886"  /><mousemove t="15471" x="1677" y="886"  /><mousemove t="15488" x="1675" y="886"  /><mousemove t="15505" x="1672" y="886"  /><mousemove t="15521" x="1671" y="886"  /><mousemove t="15539" x="1671" y="885"  /><mousemove t="15642" x="1670" y="885"  /><mousemove t="15691" x="1669" y="883"  /><mousemove t="15723" x="1668" y="883"  /><mousemove t="15745" x="1666" y="882"  /><mousemove t="15826" x="1665" y="882"  /><mousemove t="15841" x="1663" y="882"  /><mouseover t="15859" id="22" /><mousemove t="15859" x="1661" y="881"  /><mousemove t="15872" x="1657" y="878"  /><mousemove t="15889" x="1646" y="874"  /><mousemove t="15905" x="1619" y="863"  /><mouseover t="15924" id="21" /><mousemove t="15924" x="1602" y="855"  /><mousemove t="15938" x="1587" y="852"  /><mousemove t="15956" x="1571" y="850"  /><mousemove t="15972" x="1549" y="846"  /><mousemove t="15989" x="1522" y="841"  /><mousemove t="16005" x="1491" y="835"  /><elmPath t="16025" id="20"><path><element tagCode="2884" index="2" id="wrapper" /><element tagCode="2884" index="4" id="main" parentid="1" /><element tagCode="2884" index="4" id="primary" parentid="2" /><element tagCode="2884" index="3" id="category-kids-boys-2t-7-shirts-sweaters" parentid="3" /><element tagCode="2884" index="0" parentid="4" /><element tagCode="117" index="0" /><element tagCode="76" index="8" /><element tagCode="2884" index="0" id="8e286f8ccba558f513d7d3c377" /><element tagCode="2884" index="1" parentid="5" /><element tagCode="136" index="0" parentid="21" /></path></elmPath><mouseover t="16025" id="20" /><mousemove t="16025" x="1454" y="823"  /><elmPath t="16041" id="19"><path><element tagCode="2884" index="2" id="wrapper" /><element tagCode="2884" index="4" id="main" parentid="1" /><element tagCode="2884" index="4" id="primary" parentid="2" /><element tagCode="2884" index="3" id="category-kids-boys-2t-7-shirts-sweaters" parentid="3" /><element tagCode="2884" index="0" parentid="4" /><element tagCode="117" index="0" /><element tagCode="76" index="8" /><element tagCode="2884" index="0" id="8e286f8ccba558f513d7d3c377" /><element tagCode="2884" index="1" parentid="5" /><element tagCode="136" index="0" parentid="21" /><element tagCode="1" index="0" parentid="20" /></path></elmPath><mouseover t="16041" id="19" /><mousemove t="16041" x="1416" y="810"  /><mouseover t="16075" id="17" /><mousemove t="16075" x="1336" y="786"  /><mouseout t="16105" /><execextern t="16119" streamID="45" /><elmPath t="16126" id="7"><path><element tagCode="2884" index="2" id="wrapper" /><element tagCode="2884" index="4" id="main" parentid="1" /><element tagCode="2884" index="4" id="primary" parentid="2" /><element tagCode="2884" index="3" id="category-kids-boys-2t-7-shirts-sweaters" parentid="3" /><element tagCode="2884" index="0" parentid="4" /><element tagCode="117" index="0" /><element tagCode="76" index="7" /><element tagCode="2884" index="0" id="3bc8f64943ae500ddc5ded4fd7" parentid="17" /></path></elmPath><elmPath t="16126" id="8"><path><element tagCode="2884" index="2" id="wrapper" /><element tagCode="2884" index="4" id="main" parentid="1" /><element tagCode="2884" index="4" id="primary" parentid="2" /><element tagCode="2884" index="3" id="category-kids-boys-2t-7-shirts-sweaters" parentid="3" /><element tagCode="2884" index="0" parentid="4" /><element tagCode="117" index="0" /><element tagCode="76" index="7" /><element tagCode="2884" index="0" id="3bc8f64943ae500ddc5ded4fd7" parentid="17" /><element tagCode="2884" index="0" parentid="7" /><element tagCode="2884" index="0" /></path></elmPath><elmPath t="16126" id="16"><path><element tagCode="2884" index="2" id="wrapper" /><element tagCode="2884" index="4" id="main" parentid="1" /><element tagCode="2884" index="4" id="primary" parentid="2" /><element tagCode="2884" index="3" id="category-kids-boys-2t-7-shirts-sweaters" parentid="3" /><element tagCode="2884" index="0" parentid="4" /><element tagCode="117" index="0" /><element tagCode="76" index="7" /><element tagCode="2884" index="0" id="3bc8f64943ae500ddc5ded4fd7" parentid="17" /><element tagCode="2884" index="0" parentid="7" /><element tagCode="2884" index="0" /><element tagCode="1" index="0" parentid="8" /><element tagCode="873" index="0" /></path></elmPath><mouseover t="16126" id="16" /><mousemove t="16126" x="1292" y="772"  /><mousemove t="16141" x="1277" y="767"  /><mousemove t="16157" x="1271" y="765"  /><mousemove t="16171" x="1265" y="763"  /><mousemove t="16189" x="1256" y="759"  /><mousemove t="16206" x="1249" y="755"  /><mousemove t="16222" x="1244" y="754"  /><mousemove t="16257" x="1244" y="753"  /><mousemove t="16290" x="1244" y="752"  /><mousemove t="16305" x="1244" y="750"  /><mousemove t="16322" x="1244" y="746"  /><mousemove t="16338" x="1244" y="743"  /><mousemove t="16355" x="1244" y="738"  /><mousemove t="16371" x="1244" y="733"  /><mousemove t="16388" x="1244" y="729"  /><scrolly t="16390" y="1322" /><mousemove t="16406" x="1244" y="728"  /><scrolly t="16409" y="1327" /><mousemove t="16422" x="1244" y="724"  /><scrolly t="16427" y="1335" /><mousemove t="16433" x="1244" y="722"  /><scrolly t="16440" y="1352" /><mousemove t="16456" x="1243" y="719"  /><scrolly t="16459" y="1359" /><scrolly t="16473" y="1374" /><mousemove t="16490" x="1243" y="718"  /><scrolly t="16492" y="1393" /><execextern t="16514" streamID="46" /><elmPos t="16519" id="7" x="879" y="1658" h="612" w="450"><path><element tagCode="2884" index="2" id="wrapper" /><element tagCode="2884" index="4" id="main" parentid="1" /><element tagCode="2884" index="4" id="primary" parentid="2" /><element tagCode="2884" index="3" id="category-kids-boys-2t-7-shirts-sweaters" parentid="3" /><element tagCode="2884" index="0" parentid="4" /><element tagCode="117" index="0" /><element tagCode="76" index="7" /><element tagCode="2884" index="0" id="3bc8f64943ae500ddc5ded4fd7" parentid="17" /></path><children><child tagCode="2884" x="0" y="466" w="450" h="53" index="1" /><child tagCode="2884" x="0" y="524" w="450" h="20" index="2" /><child tagCode="2884" x="0" y="550" w="450" h="31" index="3" /><child tagCode="2884" x="0" y="591" w="450" h="21" index="4" /></children></elmPos><mouseover t="16519" id="7" /><mousemove t="16519" x="1243" y="717"  /><scrolly t="16524" y="1413" /><elmPos t="16554" id="23" x="879" y="2126" h="38" w="440" ><path><element tagCode="2884" index="2" id="wrapper" /><element tagCode="2884" index="4" id="main" parentid="1" /><element tagCode="2884" index="4" id="primary" parentid="2" /><element tagCode="2884" index="3" id="category-kids-boys-2t-7-shirts-sweaters" parentid="3" /><element tagCode="2884" index="0" parentid="4" /><element tagCode="117" index="0" /><element tagCode="76" index="7" /><element tagCode="2884" index="0" id="3bc8f64943ae500ddc5ded4fd7" parentid="17" /><element tagCode="2884" index="1" parentid="7" /><element tagCode="136" index="0" /><element tagCode="1" index="0" /></path><children /></elmPos><mouseover t="16554" id="23" /><mousemove t="16554" x="1243" y="715"  /><scrolly t="16559" y="1457" /><elmPos t="16583" id="24" x="879" y="2124" h="53" w="450" ><path><element tagCode="2884" index="2" id="wrapper" /><element tagCode="2884" index="4" id="main" parentid="1" /><element tagCode="2884" index="4" id="primary" parentid="2" /><element tagCode="2884" index="3" id="category-kids-boys-2t-7-shirts-sweaters" parentid="3" /><element tagCode="2884" index="0" parentid="4" /><element tagCode="117" index="0" /><element tagCode="76" index="7" /><element tagCode="2884" index="0" id="3bc8f64943ae500ddc5ded4fd7" parentid="17" /><element tagCode="2884" index="1" parentid="7" /></path><children><child tagCode="136" x="0" y="0" w="450" h="42" index="0" /></children></elmPos><mouseover t="16583" id="24" /><mousemove t="16583" x="1243" y="713"  /><scrolly t="16586" y="1494" /><mouseover t="16611" id="7" /><mousemove t="16611" x="1243" y="711"  /><scrolly t="16614" y="1514" /><elmPos t="16628" id="25" x="879" y="2223" h="16" w="450" ><path><element tagCode="2884" index="2" id="wrapper" /><element tagCode="2884" index="4" id="main" parentid="1" /><element tagCode="2884" index="4" id="primary" parentid="2" /><element tagCode="2884" index="3" id="category-kids-boys-2t-7-shirts-sweaters" parentid="3" /><element tagCode="2884" index="0" parentid="4" /><element tagCode="117" index="0" /><element tagCode="76" index="7" /><element tagCode="2884" index="0" id="3bc8f64943ae500ddc5ded4fd7" parentid="17" /><element tagCode="2884" index="3" parentid="7" /><element tagCode="2884" index="3" /></path><children /></elmPos><mouseover t="16628" id="25" /><mousemove t="16628" x="1243" y="710"  /><scrolly t="16634" y="1519" /><mousemove t="16643" x="1243" y="709"  /><scrolly t="16647" y="1520" /><mousemove t="16729" x="1243" y="708"  /><mousemove t="16746" x="1243" y="707"  /><mousemove t="16762" x="1243" y="706"  /><mousemove t="16778" x="1243" y="705"  /><mousemove t="16788" x="1245" y="704"  /><scrolly t="16938" y="1522" /><scrolly t="16955" y="1531" /><scrolly t="16971" y="1537" /><scrolly t="16989" y="1550" /><scrolly t="17006" y="1568" /><scrolly t="17022" y="1590" /><scrolly t="17038" y="1624" /><scrolly t="17056" y="1643" /><scrolly t="17074" y="1671" /><scrolly t="17090" y="1699" /><scrolly t="17107" y="1726" /><mouseout t="17121" /><execextern t="17133" streamID="47" /><elmPath t="17138" id="26"><path><element tagCode="2884" index="2" id="wrapper" /><element tagCode="2884" index="4" id="main" parentid="1" /><element tagCode="2884" index="4" id="primary" parentid="2" /><element tagCode="2884" index="3" id="category-kids-boys-2t-7-shirts-sweaters" parentid="3" /><element tagCode="2884" index="0" parentid="4" /><element tagCode="117" index="0" /><element tagCode="76" index="10" /><element tagCode="2884" index="0" id="1181a8803c9f58799f8f3dd6b2" /></path></elmPath><elmPos t="17139" id="27" x="879" y="2315" h="450" w="450" ><path><element tagCode="2884" index="2" id="wrapper" /><element tagCode="2884" index="4" id="main" parentid="1" /><element tagCode="2884" index="4" id="primary" parentid="2" /><element tagCode="2884" index="3" id="category-kids-boys-2t-7-shirts-sweaters" parentid="3" /><element tagCode="2884" index="0" parentid="4" /><element tagCode="117" index="0" /><element tagCode="76" index="10" /><element tagCode="2884" index="0" id="1181a8803c9f58799f8f3dd6b2" /><element tagCode="2884" index="0" parentid="26" /><element tagCode="2884" index="0" /><element tagCode="1" index="0" /><element tagCode="873" index="0" /></path><children /></elmPos><mouseover t="17139" id="27" /><mousemove t="17139" x="1245" y="703"  /><scrolly t="17143" y="1752" /><mousemove t="17163" x="1259" y="703"  /><scrolly t="17168" y="1792" /><mousemove t="17189" x="1268" y="703"  /><scrolly t="17193" y="1813" /><mousemove t="17205" x="1273" y="703"  /><scrolly t="17210" y="1818" /><mousemove t="17221" x="1276" y="703"  /><scrolly t="17227" y="1819" /><mousemove t="17241" x="1278" y="703"  /><scrolly t="17246" y="1820" /><mousemove t="17261" x="1281" y="703"  /><mousemove t="17272" x="1285" y="704"  /><mousemove t="17288" x="1290" y="707"  /><mousemove t="17304" x="1296" y="711"  /><mousemove t="17320" x="1301" y="716"  /><mousemove t="17338" x="1309" y="721"  /><mousemove t="17354" x="1312" y="723"  /><mousemove t="17395" x="1312" y="724"  /><mousemove t="17421" x="1312" y="725"  /><mousemove t="17449" x="1312" y="726"  /><mousemove t="17493" x="1312" y="727"  /><scrolly t="17737" y="1822" /><mousemove t="17754" x="1312" y="728"  /><scrolly t="17757" y="1827" /><mousemove t="17771" x="1311" y="729"  /><scrolly t="17774" y="1835" /><scrolly t="17788" y="1845" /><mousemove t="17803" x="1309" y="730"  /><scrolly t="17809" y="1869" /><mousemove t="17823" x="1308" y="730"  /><scrolly t="17826" y="1873" /><mousemove t="17843" x="1306" y="730"  /><scrolly t="17847" y="1889" /><mousemove t="17855" x="1305" y="731"  /><scrolly t="17859" y="1906" /><scrolly t="17873" y="1924" /><mousemove t="17889" x="1304" y="731"  /><scrolly t="17892" y="1943" /><mousemove t="17906" x="1303" y="731"  /><scrolly t="17911" y="1962" /><mousemove t="17922" x="1302" y="731"  /><scrolly t="17927" y="1979" /><mousemove t="17938" x="1301" y="731"  /><scrolly t="17941" y="1994" /><scrolly t="17956" y="2005" /><scrolly t="17971" y="2013" /><scrolly t="17989" y="2018" /><scrolly t="18006" y="2019" /><scrolly t="18022" y="2020" /><mousemove t="18040" x="1300" y="731"  /><mousemove t="18601" x="1299" y="731"  /><execextern t="18751" streamID="48" /><scrolly t="18972" y="2022" /><scrolly t="18990" y="2027" /><scrolly t="19006" y="2035" /><scrolly t="19023" y="2046" /><scrolly t="19039" y="2060" /><scrolly t="19057" y="2074" /><scrolly t="19072" y="2088" /><scrolly t="19089" y="2100" /><scrolly t="19107" y="2109" /><scrolly t="19123" y="2116" /><scrolly t="19140" y="2119" /><scrolly t="19158" y="2120" /><scrolly t="19206" y="2124" /><scrolly t="19224" y="2130" /><scrolly t="19240" y="2140" /><scrolly t="19256" y="2152" /><execextern t="19279" streamID="49" /><scrolly t="19283" y="2166" /><scrolly t="19293" y="2180" /><scrolly t="19306" y="2193" /><scrolly t="19323" y="2204" /><scrolly t="19341" y="2212" /><scrolly t="19356" y="2217" /><scrolly t="19372" y="2219" /><scrolly t="19389" y="2220" /><execextern t="19494" streamID="50" /><elmPos t="20457" id="28" x="879" y="2315" h="647" w="478" ><path><element tagCode="2884" index="2" id="wrapper" /><element tagCode="2884" index="4" id="main" parentid="1" /><element tagCode="2884" index="4" id="primary" parentid="2" /><element tagCode="2884" index="3" id="category-kids-boys-2t-7-shirts-sweaters" parentid="3" /><element tagCode="2884" index="0" parentid="4" /><element tagCode="117" index="0" /><element tagCode="76" index="10" /></path><children /></elmPos><mouseover t="20457" id="28" /><mousemove t="20457" x="1299" y="729"  /><mousemove t="20505" x="1298" y="729"  /><mousemove t="20572" x="1297" y="727"  /><execextern t="23786" streamID="51" /><execextern t="24296" streamID="52" /><execextern t="28792" streamID="53" /><execextern t="29300" streamID="54" /><execextern t="33800" streamID="55" /><execextern t="34307" streamID="56" /><execextern t="38805" streamID="57" /><execextern t="39316" streamID="58" /><execextern t="43814" streamID="59" /><execextern t="44319" streamID="60" /><execextern t="48822" streamID="61" /><execextern t="49328" streamID="62" /><execextern t="53834" streamID="63" /><execextern t="54338" streamID="64" /><execextern t="58839" streamID="65" /><execextern t="59352" streamID="66" /><execextern t="60084" streamID="67" /><execextern t="60582" streamID="68" /><execextern t="63848" streamID="69" /><execextern t="64353" streamID="70" /><execextern t="68863" streamID="71" /><execextern t="69368" streamID="72" /><execextern t="73874" streamID="73" /><execextern t="74380" streamID="74" /><execextern t="78880" streamID="75" /><execextern t="79384" streamID="76" /><execextern t="83890" streamID="77" /><execextern t="84391" streamID="78" /><execextern t="88892" streamID="79" /><execextern t="89397" streamID="80" /><execextern t="93901" streamID="81" /><execextern t="94403" streamID="82" /><execextern t="98903" streamID="83" /><execextern t="99409" streamID="84" /><execextern t="103923" streamID="85" /><execextern t="104429" streamID="86" /><execextern t="108929" streamID="87" /><execextern t="109436" streamID="88" /><execextern t="110596" streamID="89" /><execextern t="110903" streamID="90" /><execextern t="113945" streamID="91" /><execextern t="114450" streamID="92" /><execextern t="118950" streamID="93" /><execextern t="119455" streamID="94" /><execextern t="123971" streamID="95" /><execextern t="124478" streamID="96" /><execextern t="128993" streamID="97" /><execextern t="129498" streamID="98" /><execextern t="134000" streamID="99" /><execextern t="134503" streamID="100" /><execextern t="139012" streamID="101" /><execextern t="139520" streamID="102" /><execextern t="144017" streamID="103" /><execextern t="144521" streamID="104" /><execextern t="149021" streamID="105" /><execextern t="149525" streamID="106" /><execextern t="154027" streamID="107" /><execextern t="154535" streamID="108" /><execextern t="159036" streamID="109" /><execextern t="159541" streamID="110" /><execextern t="160895" streamID="111" /><execextern t="161246" streamID="112" /><execextern t="164044" streamID="113" /><execextern t="164548" streamID="114" /><execextern t="169050" streamID="115" /><execextern t="169555" streamID="116" /><execextern t="174055" streamID="117" /><execextern t="174560" streamID="118" /><execextern t="179060" streamID="119" /><execextern t="179567" streamID="120" /><mousemove t="180106" x="1292" y="727"  /><mousemove t="180114" x="1284" y="727"  /><mousemove t="180131" x="1260" y="729"  /><mousemove t="180147" x="1243" y="733"  /><mousemove t="180164" x="1237" y="735"  /><mousemove t="180181" x="1236" y="735"  /><mousemove t="180218" x="1235" y="735"  /><mousemove t="180231" x="1232" y="735"  /><mousemove t="180247" x="1225" y="736"  /><mousemove t="180264" x="1218" y="737"  /><mousemove t="180409" x="1222" y="737"  /><mousemove t="180417" x="1228" y="734"  /><mousemove t="180431" x="1238" y="732"  /><mousemove t="180447" x="1252" y="728"  /><mousemove t="180464" x="1266" y="726"  /><mousemove t="180481" x="1272" y="725"  /><mousemove t="180497" x="1273" y="725"  /><mousemove t="180514" x="1274" y="725"  /><mousemove t="180531" x="1279" y="723"  /><mousemove t="180546" x="1284" y="722"  /><mousemove t="180564" x="1287" y="722"  /><mousemove t="180581" x="1292" y="722"  /><mousemove t="180597" x="1295" y="722"  /><mousemove t="180761" x="1296" y="720"  /><mousemove t="180769" x="1296" y="713"  /><elmPath t="180786" id="26"><path><element tagCode="2884" index="2" id="wrapper" /><element tagCode="2884" index="4" id="main" parentid="1" /><element tagCode="2884" index="4" id="primary" parentid="2" /><element tagCode="2884" index="3" id="category-kids-boys-2t-7-shirts-sweaters" parentid="3" /><element tagCode="2884" index="0" parentid="4" /><element tagCode="117" index="0" /><element tagCode="76" index="10" /><element tagCode="2884" index="0" id="1181a8803c9f58799f8f3dd6b2" parentid="28" /></path></elmPath><elmPath t="180786" id="27"><path><element tagCode="2884" index="2" id="wrapper" /><element tagCode="2884" index="4" id="main" parentid="1" /><element tagCode="2884" index="4" id="primary" parentid="2" /><element tagCode="2884" index="3" id="category-kids-boys-2t-7-shirts-sweaters" parentid="3" /><element tagCode="2884" index="0" parentid="4" /><element tagCode="117" index="0" /><element tagCode="76" index="10" /><element tagCode="2884" index="0" id="1181a8803c9f58799f8f3dd6b2" parentid="28" /><element tagCode="2884" index="0" parentid="26" /><element tagCode="2884" index="0" /><element tagCode="1" index="0" /><element tagCode="873" index="0" /></path></elmPath><elmPos t="180787" id="29" x="879" y="2906" h="21" w="450" ><path><element tagCode="2884" index="2" id="wrapper" /><element tagCode="2884" index="4" id="main" parentid="1" /><element tagCode="2884" index="4" id="primary" parentid="2" /><element tagCode="2884" index="3" id="category-kids-boys-2t-7-shirts-sweaters" parentid="3" /><element tagCode="2884" index="0" parentid="4" /><element tagCode="117" index="0" /><element tagCode="76" index="10" /><element tagCode="2884" index="0" id="1181a8803c9f58799f8f3dd6b2" parentid="28" /><element tagCode="2884" index="4" parentid="26" /></path><children /></elmPos><mouseover t="180787" id="29" /><mousemove t="180787" x="1296" y="700"  /><elmPos t="180799" id="30" x="879" y="2880" h="16" w="450" ><path><element tagCode="2884" index="2" id="wrapper" /><element tagCode="2884" index="4" id="main" parentid="1" /><element tagCode="2884" index="4" id="primary" parentid="2" /><element tagCode="2884" index="3" id="category-kids-boys-2t-7-shirts-sweaters" parentid="3" /><element tagCode="2884" index="0" parentid="4" /><element tagCode="117" index="0" /><element tagCode="76" index="10" /><element tagCode="2884" index="0" id="1181a8803c9f58799f8f3dd6b2" parentid="28" /><element tagCode="2884" index="3" parentid="26" /><element tagCode="2884" index="3" /></path><children /></elmPos><mouseover t="180799" id="30" /><mousemove t="180799" x="1292" y="666"  /><elmPos t="180817" id="31" x="879" y="2839" h="20" w="450" ><path><element tagCode="2884" index="2" id="wrapper" /><element tagCode="2884" index="4" id="main" parentid="1" /><element tagCode="2884" index="4" id="primary" parentid="2" /><element tagCode="2884" index="3" id="category-kids-boys-2t-7-shirts-sweaters" parentid="3" /><element tagCode="2884" index="0" parentid="4" /><element tagCode="117" index="0" /><element tagCode="76" index="10" /><element tagCode="2884" index="0" id="1181a8803c9f58799f8f3dd6b2" parentid="28" /><element tagCode="2884" index="2" parentid="26" /></path><children /></elmPos><mouseover t="180817" id="31" /><mousemove t="180817" x="1300" y="631"  /><elmPos t="180833" id="32" x="879" y="2781" h="42" w="450" ><path><element tagCode="2884" index="2" id="wrapper" /><element tagCode="2884" index="4" id="main" parentid="1" /><element tagCode="2884" index="4" id="primary" parentid="2" /><element tagCode="2884" index="3" id="category-kids-boys-2t-7-shirts-sweaters" parentid="3" /><element tagCode="2884" index="0" parentid="4" /><element tagCode="117" index="0" /><element tagCode="76" index="10" /><element tagCode="2884" index="0" id="1181a8803c9f58799f8f3dd6b2" parentid="28" /><element tagCode="2884" index="1" parentid="26" /><element tagCode="136" index="0" /></path><children /></elmPos><mouseover t="180833" id="32" /><mousemove t="180833" x="1313" y="589"  /><mousemove t="180847" x="1315" y="562"  /><mouseout t="180864" /><execextern t="180874" streamID="121" /><mouseover t="180880" id="27" /><mousemove t="180880" x="1315" y="536"  /><mousemove t="180914" x="1308" y="507"  /><mousemove t="180953" x="1308" y="509"  /><mousemove t="180965" x="1308" y="510"  /><mousemove t="180981" x="1308" y="513"  /><mousemove t="180999" x="1308" y="518"  /><mousemove t="181015" x="1307" y="526"  /><mousemove t="181032" x="1304" y="532"  /><mousemove t="181049" x="1304" y="533"  /><mousemove t="181098" x="1303" y="533"  /><mousemove t="181114" x="1299" y="532"  /><mousemove t="181132" x="1289" y="521"  /><mousemove t="181146" x="1278" y="504"  /><mousemove t="181164" x="1269" y="488"  /><mousemove t="181181" x="1263" y="468"  /><mousemove t="181197" x="1256" y="442"  /><mousemove t="181215" x="1248" y="417"  /><mousemove t="181231" x="1241" y="397"  /><mousemove t="181247" x="1235" y="382"  /><mousemove t="181264" x="1227" y="372"  /><mousemove t="181281" x="1214" y="355"  /><mousemove t="181297" x="1203" y="346"  /><mousemove t="181314" x="1191" y="337"  /><mousemove t="181331" x="1182" y="330"  /><mousemove t="181346" x="1168" y="324"  /><mousemove t="181363" x="1152" y="321"  /><mousemove t="181381" x="1126" y="320"  /><mousemove t="181397" x="1096" y="320"  /><mousemove t="181414" x="1071" y="320"  /><mousemove t="181432" x="1053" y="320"  /><mousemove t="181447" x="1039" y="323"  /><mousemove t="181464" x="1026" y="328"  /><mousemove t="181479" x="1020" y="331"  /><mousemove t="181497" x="1017" y="332"  /><mousemove t="181531" x="1018" y="332"  /><mousemove t="181548" x="1019" y="332"  /><mousemove t="181586" x="1020" y="332"  /><mousemove t="181618" x="1021" y="332"  /><mousemove t="181630" x="1023" y="332"  /><mousemove t="181647" x="1031" y="332"  /><mousemove t="181664" x="1042" y="332"  /><mousemove t="181680" x="1051" y="332"  /><mousemove t="181697" x="1060" y="332"  /><mousemove t="181714" x="1063" y="332"  /><mousemove t="181730" x="1070" y="332"  /><mousemove t="181747" x="1076" y="332"  /><mousemove t="181763" x="1082" y="332"  /><mousemove t="181780" x="1086" y="332"  /><mousemove t="181796" x="1089" y="332"  /><mousemove t="181813" x="1091" y="332"  /><mousemove t="181916" x="1092" y="332"  /><mousemove t="182014" x="1093" y="332"  /><mousemove t="182169" x="1093" y="333"  /><mousemove t="183298" x="1093" y="335"  /><mousemove t="183313" x="1093" y="336"  /><mousemove t="183346" x="1093" y="337"  /><mousemove t="183417" x="1093" y="339"  /><mousemove t="183433" x="1093" y="340"  /><mousemove t="183464" x="1092" y="343"  /><mousemove t="183498" x="1092" y="344"  /><mousemove t="183521" x="1092" y="345"  /><mousemove t="183569" x="1091" y="346"  /><mousemove t="183598" x="1091" y="347"  /><mousemove t="183613" x="1090" y="347"  /><mousemove t="183630" x="1090" y="348"  /><mousemove t="183646" x="1089" y="349"  /><mousemove t="183664" x="1088" y="349"  /><mousemove t="183681" x="1087" y="351"  /><mousemove t="183697" x="1086" y="352"  /><mousemove t="183714" x="1084" y="353"  /><mousemove t="183730" x="1080" y="355"  /><mousemove t="183747" x="1072" y="359"  /><mousemove t="183763" x="1063" y="361"  /><mousemove t="183780" x="1053" y="364"  /><mousemove t="183797" x="1039" y="368"  /><mousemove t="183814" x="1026" y="370"  /><mousemove t="183830" x="1014" y="371"  /><mousemove t="183847" x="1000" y="373"  /><mousemove t="183864" x="984" y="373"  /><mousemove t="183881" x="959" y="373"  /><mousemove t="183897" x="940" y="373"  /><mousemove t="183914" x="915" y="373"  /><mousemove t="183930" x="885" y="373"  /><execextern t="183952" streamID="122" /><elmPos t="183958" id="33" x="401" y="2315" h="647" w="478" ><path><element tagCode="2884" index="2" id="wrapper" /><element tagCode="2884" index="4" id="main" parentid="1" /><element tagCode="2884" index="4" id="primary" parentid="2" /><element tagCode="2884" index="3" id="category-kids-boys-2t-7-shirts-sweaters" parentid="3" /><element tagCode="2884" index="0" parentid="4" /><element tagCode="117" index="0" /><element tagCode="76" index="9" /></path><children /></elmPos><mouseover t="183958" id="33" /><mousemove t="183958" x="859" y="373"  /><mouseout t="183997" /><execextern t="184007" streamID="123" /><elmPath t="184015" id="34"><path><element tagCode="2884" index="2" id="wrapper" /><element tagCode="2884" index="4" id="main" parentid="1" /><element tagCode="2884" index="4" id="primary" parentid="2" /><element tagCode="2884" index="3" id="category-kids-boys-2t-7-shirts-sweaters" parentid="3" /><element tagCode="2884" index="0" parentid="4" /><element tagCode="117" index="0" /><element tagCode="76" index="9" /><element tagCode="2884" index="0" id="37c5ecf08e196057796c39b107" parentid="33" /></path></elmPath><elmPos t="184015" id="35" x="401" y="2315" h="450" w="450" ><path><element tagCode="2884" index="2" id="wrapper" /><element tagCode="2884" index="4" id="main" parentid="1" /><element tagCode="2884" index="4" id="primary" parentid="2" /><element tagCode="2884" index="3" id="category-kids-boys-2t-7-shirts-sweaters" parentid="3" /><element tagCode="2884" index="0" parentid="4" /><element tagCode="117" index="0" /><element tagCode="76" index="9" /><element tagCode="2884" index="0" id="37c5ecf08e196057796c39b107" parentid="33" /><element tagCode="2884" index="0" parentid="34" /><element tagCode="2884" index="0" /><element tagCode="1" index="0" /><element tagCode="873" index="0" /></path><children /></elmPos><mouseover t="184016" id="35" /><mousemove t="184016" x="797" y="373"  /><execextern t="184070" streamID="124" /><mousemove t="184076" x="743" y="373"  /><mousemove t="184099" x="738" y="372"  /><mousemove t="184115" x="738" y="370"  /><mousemove t="184131" x="738" y="367"  /><mousemove t="184147" x="737" y="366"  /><mousemove t="184532" x="736" y="366"  /><execextern t="184577" streamID="125" /><mousemove t="184581" x="738" y="366"  /><mousemove t="184597" x="742" y="366"  /><mousemove t="184614" x="746" y="366"  /><mousemove t="184630" x="753" y="366"  /><mousemove t="184647" x="764" y="366"  /><mousemove t="184664" x="782" y="366"  /><mousemove t="184683" x="808" y="366"  /><mousemove t="184697" x="813" y="366"  /><mousemove t="184714" x="817" y="365"  /><mousemove t="184730" x="821" y="363"  /><mousemove t="184747" x="827" y="359"  /><mousemove t="184764" x="834" y="356"  /><mousemove t="184780" x="842" y="354"  /><mousemove t="184798" x="847" y="354"  /><mousemove t="185098" x="849" y="354"  /><execextern t="185122" streamID="126" /><mouseover t="185125" id="33" /><mousemove t="185125" x="853" y="352"  /><mousemove t="185149" x="873" y="350"  /><mouseout t="185166" /><execextern t="185177" streamID="127" /><mouseover t="185185" id="27" /><mousemove t="185185" x="880" y="350"  /><mousemove t="185201" x="896" y="350"  /><mousemove t="185214" x="909" y="350"  /><mousemove t="185233" x="924" y="350"  /><mousemove t="185249" x="943" y="352"  /><mousemove t="185266" x="974" y="353"  /><mousemove t="185282" x="984" y="353"  /><mousemove t="185299" x="994" y="352"  /><mousemove t="185315" x="1002" y="350"  /><mousemove t="185332" x="1006" y="348"  /><mousemove t="185349" x="1009" y="347"  /><mousemove t="185365" x="1010" y="346"  /><mousemove t="185381" x="1012" y="346"  /><mousemove t="185398" x="1013" y="346"  /><mousemove t="185418" x="1014" y="346"  /><mousemove t="185431" x="1015" y="345"  /><mousemove t="185449" x="1019" y="344"  /><mousemove t="185464" x="1021" y="344"  /><mousemove t="185481" x="1026" y="343"  /><mousemove t="185498" x="1033" y="343"  /><mousemove t="185515" x="1038" y="342"  /><mousemove t="185531" x="1042" y="341"  /><mousemove t="185548" x="1046" y="340"  /><mousemove t="185565" x="1051" y="337"  /><mousemove t="185581" x="1056" y="336"  /><mousemove t="185598" x="1061" y="334"  /><mousemove t="185615" x="1067" y="332"  /><mousemove t="185631" x="1079" y="328"  /><mousemove t="185648" x="1091" y="328"  /><mousemove t="185665" x="1104" y="327"  /><mousemove t="185682" x="1108" y="327"  /><mousemove t="185706" x="1109" y="326"  /><mousedown t="185785" x="1109" y="326" b="1"  /><elmPos t="185791" id="36" x="879" y="2315" h="450" w="450" ><path><element tagCode="2884" index="2" id="wrapper" /><element tagCode="2884" index="4" id="main" parentid="1" /><element tagCode="2884" index="4" id="primary" parentid="2" /><element tagCode="2884" index="3" id="category-kids-boys-2t-7-shirts-sweaters" parentid="3" /><element tagCode="2884" index="0" parentid="4" /><element tagCode="117" index="0" /><element tagCode="76" index="10" /><element tagCode="2884" index="0" id="1181a8803c9f58799f8f3dd6b2" parentid="28" /><element tagCode="2884" index="0" parentid="26" /><element tagCode="2884" index="0" /><element tagCode="1" index="0" /></path><children><child tagCode="873" x="0" y="0" w="450" h="450" index="0" /></children></elmPos><focus t="185791" id="36" /><mousemove t="185794" x="1109" y="326"  /><tag t="186028">VE Action | PLP | Clicked Any Product</tag><mouseup t="186069" x="1109" y="326" b="1"  /><execextern t="186098" streamID="128" /><elmPath t="186099" id="27"><path><element tagCode="2884" index="2" id="wrapper" /><element tagCode="2884" index="4" id="main" parentid="1" /><element tagCode="2884" index="4" id="primary" parentid="2" /><element tagCode="2884" index="3" id="category-kids-boys-2t-7-shirts-sweaters" parentid="3" /><element tagCode="2884" index="0" parentid="4" /><element tagCode="117" index="0" /><element tagCode="76" index="10" /><element tagCode="2884" index="0" id="1181a8803c9f58799f8f3dd6b2" parentid="28" /><element tagCode="2884" index="0" parentid="26" /><element tagCode="2884" index="0" /><element tagCode="1" index="0" /><element tagCode="873" index="0" parentid="36" /></path></elmPath><click t="186100" id="27" /><link t="186101" id="36" url="https://www.nautica.com/toddler-boys%27-salt-quarter-zip-striped-sweater-%282t-4t%29/N2C0007Q.html?dwvar_N2C0007Q_color=629" /><execextern t="186217" streamID="129" /><execextern t="186268" streamID="130" /><execextern t="186451" streamID="131" /><mousemove t="186468" x="1110" y="326"  /><unload t="186795" exitPause="200" /></recording>