{"ActiveTime":81433,"AuthenticationUnixTime":1540401747038,"BodyCheck":null,"Campaign":null,"City":"Ellicott City","CityID":null,"ClicksBelowFold":0,"ClicksOnLinkLikeElements":0,"ClicksOnNonLinkLikeElements":0,"ClientDate":1540401747038,"ClientDateTime":0,"ClientHeightFinal":939,"ClientHeightInitial":939,"ClientRecordingDateTimeUtc":"2018-10-24 17:22:27.038","ClientRecordingDateTimeZone":"2018-10-24 12:22:27.038","ClientWidthFinal":1680,"ClientWidthInitial":1680,"Content":null,"ContentSize":462608,"ContentSourceID":2,"CountJSError":0,"CountMouseDown":0,"CountMouseMove":128,"CountNonClickTaleJsErrors":0,"Country":"United States","CountryCode":"US","CountryID":null,"CountScrollX":0,"CountScrollY":448,"CreateDate":"2018-10-24T17:22:27.038","Description":"","Device":"","DeviceID":null,"DeviceTypeID":1,"Domain":"www.nautica.com","DomainID":null,"ErrorCount":0,"Exposure":99,"FetchURL":"","FormCount":0,"FullRecordingData":"","HtmlCharset":"UTF-8","HtmlCheck":null,"HttpCharset":"","IP":null,"IsPhysicalSizeDefault":null,"IsTouch":false,"JsErrors":[],"LanguageCode":"en-US","LayoutViewportWidth":1663,"Length":82562,"Location":"https://www.nautica.com/mens-nautica-heritage/","LocationID":-1,"MaxScrollPercent":100,"Medium":"Internal","MessageCount":52,"MessagesSize":0,"Navigator":"Ch69","OperatingSystem":"Windows","OperatingSystemID":null,"OrientationChangeCount":0,"OriginalSID":0,"PhysicalDisplayHeight":null,"PhysicalDisplayWidth":null,"PID":94,"Platform":"Win32","PreviousSubmitIndication":null,"PopulationType":null,"ProcessingDateTimeUtc":"2018-10-24 17:23:42.244","ProcessingDateTimeZone":"2018-10-24 12:23:42.244","RecorderIsMobile":false,"RecordingDate":1540401747038,"RecordingGUID":"62ddb79e-a120-4fad-b593-e7ff81665b71","RecordingDateJs":1540401747038,"RecordingEndDate":1540401829600,"Referrer":"https://www.nautica.com/","ReferrerID":-1,"Region":"Maryland","RegionCode":"MD","RegionID":null,"SID":1971508789870744,"SizeScrollH":12476,"SizeScrollW":1663,"SizeScrW":1680,"SizeScrH":1050,"TrueSizeScrW":1680,"TrueSizeScrH":1050,"SizeWndEndH":939,"SizeWndEndW":1680,"SizeWndIniH":939,"SizeWndIniW":1680,"Source":"nautica.com","SubmitCount":0,"SubscriberId":69859,"Tags":[{"TagName":"Config: Release_20181024","TagTypeID":0},{"TagName":"CT2MappingTag_272_3677978359168892_3838760179597839_1948162568868130","TagTypeID":0},{"TagName":"VE | Onload - Nautica.com - mens-nautica-heritage-","TagTypeID":0},{"TagName":"VE Onload | Page Type | category","TagTypeID":0},{"TagName":"VE Onload | Category | mens-nautica-heritage","TagTypeID":0},{"TagName":"VE | Onload - PLP page","TagTypeID":0},{"TagName":"VE Onload | Men's PLP","TagTypeID":0}],"TapCount":0,"Term":null,"TimeDOMLoad":1858,"TimeExitPause":200,"TimeInit":3644,"TimeLoad":9292,"TimeStart":3236,"TimeToFirstClick":null,"TimeUnload":82562,"TimeWebPageFetch":0,"TimeZone":-240,"TrafficCampaignID":-1,"TrafficContentID":-1,"TrafficMediumID":-1,"TrafficSourceID":-1,"TrafficTermID":-1,"UID":1920726829597335,"UserAgent":"Mozilla/5.0 (Windows NT 10.0; Win64; x64) AppleWebKit/537.36 (KHTML, like Gecko) Chrome/69.0.3497.100 Safari/537.36","UserAgentID":-1,"Version":16,"VersionMinor":15,"WebPageHash":"kLeTz3nX9CsBLCjdNKImm0qSvhs=","WRAttemptedCounter":37,"WRCheckedCounter":37,"WRGlobalCounter":37,"WRRecordedCounter":36,"XMLSize":40892,"DSRSize":213641,"HTMLSize":462608,"ZoomCount":0,"MachineName":"WIN-9S1CHG83531","IpAddress":"172.27.13.155","ProcessVersion":"1.0.1.157","ProcessingStartTimeUtc":"2018-10-24T17:23:42.1512095Z","ProcessingEndTimeUtc":"2018-10-24T17:23:42.2605888Z","ProcessingElapsedMilliseconds":109, "cage_ip":"172.27.13.236", "cage_version":"2.2.31", "cage_time":1540401826298,"avroSize":10688,"avroCompressedSize":6547}