{"VersionInfo":{"util":"2.9.0.7-a4f4a451","model":"2.9.0.13-25d4967c","parser":"2.9.0.13-7e06ccef","exporter":"2.9.0.13-015c9cec","pipe":"2.9.0.13-f78280e8"},"DeviceTypeID":2,"Device":"Mi 8","OperatingSystem":"Android","PhysicalDisplayHeight":56,"PhysicalDisplayWidth":27,"RecorderIsMobile":true,"IsTouch":false,"TapCount":0,"ZoomCount":0,"Campaign":"8-8364","Content":"2475454397","Medium":"affiliate","Term":"c03cf4dd76c14b23b341a30920b851b6_US_i_-_OE_-_M_1036339_1757479827_android","ClientHeightFinal":682,"ClientHeightInitial":682,"ClientWidthFinal":393,"ClientWidthInitial":393,"SizeWndEndH":682,"SizeWndIniH":682,"SizeWndEndW":393,"SizeWndIniW":393,"LayoutViewportWidth":393,"SizeScrW":393,"SizeScrH":818,"TrueSizeScrH":818,"TrueSizeScrW":393,"XMLSize":4286,"DSRSize":89197,"CountScrollX":0,"CountScrollY":0,"MaxScrollPercent":17,"SizeScrollH":4067,"SizeScrollW":423,"PreviousSubmitIndication":null,"SubmitCount":0,"CountryCode":"US","City":"Laguna Woods","Country":"United States","Region":"California","RegionCode":"CA","ActiveTime":2904,"Domain":"www.nautica.com","LanguageCode":"zh-CN","Navigator":"WK537","Platform":"Linux armv8l","BodyCheck":null,"HtmlCheck":null,"Version":16,"VersionMinor":15,"ClicksBelowFold":0,"ClicksOnLinkLikeElements":0,"ClicksOnNonLinkLikeElements":0,"Exposure":15,"WRAttemptedCounter":73,"WRCheckedCounter":73,"WRGlobalCounter":73,"WRRecordedCounter":73,"MessageCount":17,"MessagesSize":8796,"OriginalSID":1970455536615464,"SID":1970455536615464,"PID":94,"UID":1952634645545604,"SubscriberId":69859,"UserAgent":"Mozilla/5.0 (Linux; Android 8.1.0; MI 8 Build/OPM1.171019.026; wv) AppleWebKit/537.36 (KHTML, like Gecko) Version/4.0 Chrome/62.0.3202.84 Mobile Safari/537.36","PopulationType":null,"CountJSError":0,"CountNonClickTaleJsErrors":0,"JsErrors":[],"Tags":[{"TagName":"VE Onload | Page Type | category","TagTypeID":0},{"TagName":"Config: Release_20181008","TagTypeID":0},{"TagName":"VE Onload | Category | sale","TagTypeID":0},{"TagName":"CT2MappingTag_272_4876078413152838_6827237995142860_982015324285198","TagTypeID":0},{"TagName":"VE | Onload - Nautica.com - sale-","TagTypeID":0},{"TagName":"VE | Onload - PLP page","TagTypeID":0}],"RecordingGUID":"e427612c-d657-46eb-95ed-0aa4e3688b59","Referrer":null,"ContentSourceID":2,"Location":"https://www.nautica.com/sale/?j=101852&sfmc_sub=8788964&l=1525_HTML&u=12283291&mid=7279337&jb=0=&e=8788964&utm_source=exacttarget&utm_medium=email&utm_term=1525&utm_campaign=20181003_Col_70&emid=ZmVuZ21saXUyMDA0QGhvdG1haWwuY29t&source=PJ_AD:Z:NAU&utm_medium=affiliate&utm_source=61616&utm_campaign=8-8364&utm_content=2475454397&utm_term=c03cf4dd76c14b23b341a30920b851b6_US_i_-_OE_-_M_1036339_1757479827_android&clickId=2475454397","FormCount":0,"ContentSize":279722,"HTMLSize":279722,"HtmlCharset":"UTF-8","WebpageHash":"Sevy9lkmj7++VXT56WZwMfrWcGA=","CountMouseDown":0,"CountMouseMove":0,"ClientDate":1540337462305,"Length":12044,"ProcessingDateTimeUtc":"2018-10-23 23:31:11.273","ProcessingDateTimeZone":"2018-10-23 17:31:11.273","ClientRecordingDateTimeUtc":"2018-10-23 23:31:02.305","ClientRecordingDateTimeZone":"2018-10-23 17:31:02.305","RecordingDate":1540337459414,"RecordingDateJs":1540337459414,"RecordingEndDate":1540337471458,"TimeDOMLoad":1876,"TimeExitPause":200,"TimeInit":2891,"TimeLoad":4140,"TimeStart":2161,"TimeToFirstClick":null,"TimeUnload":12044,"TimeZone":-420,"Description":"","CreateDate":"2018-10-23T23:31:11.252","ErrorCount":0,"AuthenticationUnixTime":1540337461561,"OrientationChangeCount":0,"Source":"61616","IP":"172.27.15.155","ClientDateTime":0,"TimeWebPageFetch":0,"CityID":null,"LocationID":-1,"DeviceID":null,"DomainID":null,"FetchURL":"","FullRecordingData":"","HttpCharset":"","ReferrerID":-1,"TrafficCampaignID":-1,"TrafficContentID":-1,"TrafficMediumID":-1,"TrafficSourceID":-1,"TrafficTermID":-1,"UserAgentID":-1,"CountryID":null,"RegionID":null, "cage_ip":"172.27.13.40", "cage_version":"2.2.31", "cage_time":1540337471351,"avroSize":1959,"avroCompressedSize":1205}