<?xml version="1.0" encoding="utf-8"?><recording xmlns:xsd="http://www.w3.org/2001/XMLSchema" xmlns:xsi="http://www.w3.org/2001/XMLSchema-instance" machine="WIN-9S1CHG83531" procIp="172.27.13.155" procVersion="1.0.1.157" ip="" userAgent="Mozilla/5.0 (Linux; Android 7.0; LGMS210 Build/NRD90U; wv) AppleWebKit/537.36 (KHTML, like Gecko) Version/4.0 Chrome/69.0.3497.91 Mobile Safari/537.36 [FB_IAB/FB4A;FBAV/189.0.0.35.91;]" contentSource="stream" fetchFrom="" location="https://www.nautica.com/womens/?view=grid#uuid=419bf6227cc58cef2cf06a6acd" t="12772" navigator="WK537" platform="Linux armv7l" scrw="360" scrh="640" scrx="0" scry="0" scrDepth="24" itime="1540331644124" timeZone="-5" w="360" h="522" cw="360" ch="522" eventMask="383" cookieFlag="1" languageCode="es-US" uid="1970356546601164" uid2="0" referrer="https://www.nautica.com/mens-polos/?utm_source=facebook&amp;utm_medium=social&amp;utm_campaign=brand_2_&amp;utm_content=paid_polo_ad" country="United States" countryCode="US" webPageHash="121146aed0e860bfb46f4ccf6840fc7729eacbc5" version="16" length="22373" activeTime="21786" rtime="1540331652051" errorCount="0" messagesCount="17" messagesSize="76048" pid="94" sid="1970360353603634" tapCount="5" originalLocation="https://www.nautica.com/womens/?view=grid#uuid=419bf6227cc58cef2cf06a6acd" enriched="true" TrueSizeScrW="360" TrueSizeScrH="640" pageContentSize="403244" recorderVersionMajor="16" recorderVersionMinor="15" historyLength="5" isClassifiedInThisSession="false" lh="522" lw="360" orientation="0" isRecorderMobile="true" exposure="51" deviceType="2" device="MS210 Aristo" operatingSystem="Android" physicalDisplayHeight="44" physicalDisplayWidth="24" devicePixelRatio="2" globalPageviewCounter="5" attemptedPageviewCounter="5" checkedPageviewCounter="5" recordedPageviewCounter="5" clicksOnLinkLikeElements="1" clicksOnNonLinkLikeElements="0" clicksBelowFold="1" timeToFirstClick="15691" ><domload t="7010" /><execextern t="9467" streamID="11" /><tag t="9468">Config: Release_20181008</tag><start t="9487" /><tag t="9496">CT2MappingTag_272_6198350271923942_6351746954732080_4323494781450856</tag><init t="12772" w="360" h="522" cw="360" ch="522" lw="360" lh="522" orientation="0" /><scrolly t="12775" y="2601" /><elmPath t="12849" id="0"><path><element tagCode="2884" index="2" id="wrapper" /></path></elmPath><elmPath t="12849" id="1"><path><element tagCode="2884" index="2" id="wrapper" /><element tagCode="2884" index="3" id="main" parentid="0" /></path></elmPath><elmPath t="12849" id="2"><path><element tagCode="2884" index="2" id="wrapper" /><element tagCode="2884" index="3" id="main" parentid="0" /><element tagCode="2884" index="3" id="primary" parentid="1" /></path></elmPath><elmPath t="12849" id="3"><path><element tagCode="2884" index="2" id="wrapper" /><element tagCode="2884" index="3" id="main" parentid="0" /><element tagCode="2884" index="3" id="primary" parentid="1" /><element tagCode="2884" index="3" parentid="2" /><element tagCode="117" index="0" id="search-result-items" /></path></elmPath><elmPath t="12849" id="4"><path><element tagCode="2884" index="2" id="wrapper" /><element tagCode="2884" index="3" id="main" parentid="0" /><element tagCode="2884" index="3" id="primary" parentid="1" /><element tagCode="2884" index="3" parentid="2" /><element tagCode="117" index="0" id="search-result-items" /><element tagCode="76" index="11" parentid="3" /><element tagCode="2884" index="0" id="765817f814561b27e2a08093e7" /></path></elmPath><elmPos t="12851" id="5" x="186" y="2123" h="146" w="146" ><path><element tagCode="2884" index="2" id="wrapper" /><element tagCode="2884" index="3" id="main" parentid="0" /><element tagCode="2884" index="3" id="primary" parentid="1" /><element tagCode="2884" index="3" parentid="2" /><element tagCode="117" index="0" id="search-result-items" /><element tagCode="76" index="11" parentid="3" /><element tagCode="2884" index="0" id="765817f814561b27e2a08093e7" /><element tagCode="2884" index="0" parentid="4" /><element tagCode="2884" index="0" /><element tagCode="1" index="0" /></path><children><child tagCode="873" x="0" y="0" w="146" h="146" index="0" /></children></elmPos><focus t="12852" id="5" /><field t="12910" name="isMobile">true</field><tag t="12935">VE | Onload - Nautica.com - womens-</tag><tag t="12936">VE Onload | Page Type | category</tag><tag t="12937">VE Onload | Category | womens</tag><stream t="14201" id="1" size="403214" /><uploadstream t="15386" streamID="1" /><elmPath t="15689" id="6"><path><element tagCode="2884" index="2" id="wrapper" /><element tagCode="2884" index="3" id="main" parentid="0" /><element tagCode="2884" index="3" id="primary" parentid="1" /><element tagCode="2884" index="3" parentid="2" /><element tagCode="117" index="0" id="search-result-items" /><element tagCode="76" index="15" parentid="3" /><element tagCode="2884" index="0" id="fa66a491b135b27a48a5313db5" /></path></elmPath><elmPos t="15691" id="7" x="186" y="3034" h="54" w="137" ><path><element tagCode="2884" index="2" id="wrapper" /><element tagCode="2884" index="3" id="main" parentid="0" /><element tagCode="2884" index="3" id="primary" parentid="1" /><element tagCode="2884" index="3" parentid="2" /><element tagCode="117" index="0" id="search-result-items" /><element tagCode="76" index="15" parentid="3" /><element tagCode="2884" index="0" id="fa66a491b135b27a48a5313db5" /><element tagCode="2884" index="1" parentid="6" /><element tagCode="136" index="0" /><element tagCode="1" index="0" /></path><children /></elmPos><tap t="15691" x="254" y="439" eid="7"/><touchstart t="15691" eid="7" touchid="0" touchcount="1" x="254" y="439" /><elmPos t="15726" id="8" x="186" y="2872" h="147" w="147" ><path><element tagCode="2884" index="2" id="wrapper" /><element tagCode="2884" index="3" id="main" parentid="0" /><element tagCode="2884" index="3" id="primary" parentid="1" /><element tagCode="2884" index="3" parentid="2" /><element tagCode="117" index="0" id="search-result-items" /><element tagCode="76" index="15" parentid="3" /><element tagCode="2884" index="0" id="fa66a491b135b27a48a5313db5" /><element tagCode="2884" index="0" parentid="6" /><element tagCode="2884" index="0" /><element tagCode="1" index="0" /><element tagCode="873" index="0" /></path><children /></elmPos><scrolltap t="15726" x="293" y="290" eid="8" angle="270" speed="0"/><touchstart t="15726" eid="8" touchid="0" touchcount="1" x="293" y="290" /><scrolly t="15830" y="2416" /><tag t="15926">VE | Onload - PLP page</tag><execextern t="16180" streamID="12" /><stream t="16241" id="2" size="2961" /><execextern t="16241" streamID="2" /><stream t="16525" id="3" size="2910" /><execextern t="16525" streamID="3" /><resize t="16669" w="360" h="522" cw="360" ch="522" sh="12403" sw="390" lh="522" lw="360" orientation="0" /><tag t="16671">VE Onload | Women&apos;s PLP</tag><execextern t="16718" streamID="13" /><scrolly t="16752" y="2167" /><stream t="18102" id="4" size="15667" /><execextern t="18102" streamID="4" /><elmPos t="18355" id="7" x="186" y="3054" h="54" w="137"><children /></elmPos><tap t="18355" x="186" y="3054" eid="7"/><touchstart t="18355" eid="7" touchid="0" touchcount="1" x="186" y="3054" /><elmPos t="18358" id="8" x="186" y="2892" h="147" w="147"><children /></elmPos><scrolltap t="18358" x="186" y="2892" eid="8" angle="276" speed="0"/><touchstart t="18358" eid="8" touchid="0" touchcount="1" x="186" y="2892" /><scrollx t="18423" x="23" /><scrolly t="18423" y="2014" /><scrollx t="18702" x="17" /><stream t="19183" id="5" size="26389" /><execextern t="19183" streamID="5" /><stream t="19610" id="6" size="20553" /><execextern t="19610" streamID="6" /><elmPos t="19765" id="9" x="186" y="2143" h="147" w="147" ><path><element tagCode="2884" index="2" id="wrapper" /><element tagCode="2884" index="3" id="main" parentid="0" /><element tagCode="2884" index="3" id="primary" parentid="1" /><element tagCode="2884" index="3" parentid="2" /><element tagCode="117" index="0" id="search-result-items" /><element tagCode="76" index="11" parentid="3" /><element tagCode="2884" index="0" id="765817f814561b27e2a08093e7" /><element tagCode="2884" index="0" parentid="4" /><element tagCode="2884" index="0" /><element tagCode="1" index="0" /><element tagCode="873" index="0" parentid="5" /></path><children /></elmPos><tap t="19765" x="284" y="240" eid="9"/><touchstart t="19765" eid="9" touchid="0" touchcount="1" x="284" y="240" /><stream t="19968" id="7" size="20145" /><execextern t="19968" streamID="7" /><stream t="20353" id="8" size="20662" /><execextern t="20353" streamID="8" /><tag t="20614">VE Action | PLP | Clicked Any Product</tag><execextern t="20701" streamID="14" /><click t="20708" id="9" /><elmPos t="20712" id="5" x="186" y="2143" h="146" w="146"><children><child tagCode="873" x="0" y="0" w="146" h="146" index="0" /></children></elmPos><link t="20712" id="5" url="https://www.nautica.com/shimmer-stripe-t-shirt/7498KR.html?dwvar_7498KR_color=101" /><execextern t="20763" streamID="15" /><execextern t="20853" streamID="16" /><stream t="21121" id="9" size="20584" /><execextern t="21121" streamID="9" /><stream t="21397" id="10" size="20003" /><execextern t="21397" streamID="10" /><execextern t="21487" streamID="17" /><execextern t="21521" streamID="18" /><execextern t="21694" streamID="19" /><tap t="21783" x="186" y="2143" eid="9"/><touchstart t="21783" eid="9" touchid="0" touchcount="1" x="186" y="2143" /><tap t="21786" x="186" y="2143" eid="9"/><touchstart t="21786" eid="9" touchid="0" touchcount="1" x="186" y="2143" /><execextern t="21897" streamID="20" /><execextern t="22095" streamID="21" /><execextern t="22108" streamID="22" /><execextern t="22124" streamID="23" /><unload t="22373" exitPause="200" /></recording>