{"ActiveTime":21786,"AuthenticationUnixTime":1540331652051,"BodyCheck":null,"Campaign":null,"City":null,"CityID":null,"ClicksBelowFold":1,"ClicksOnLinkLikeElements":1,"ClicksOnNonLinkLikeElements":0,"ClientDate":1540331652051,"ClientDateTime":0,"ClientHeightFinal":522,"ClientHeightInitial":522,"ClientRecordingDateTimeUtc":"2018-10-23 21:54:12.051","ClientRecordingDateTimeZone":"2018-10-23 16:54:12.051","ClientWidthFinal":360,"ClientWidthInitial":360,"Content":null,"ContentSize":403244,"ContentSourceID":2,"CountJSError":0,"CountMouseDown":0,"CountMouseMove":0,"CountNonClickTaleJsErrors":0,"Country":"United States","CountryCode":"US","CountryID":null,"CountScrollX":2,"CountScrollY":4,"CreateDate":"2018-10-23T21:54:12.051","Description":"No load","Device":"MS210 Aristo","DeviceID":null,"DeviceTypeID":2,"Domain":"www.nautica.com","DomainID":null,"ErrorCount":0,"Exposure":51,"FetchURL":"","FormCount":0,"FullRecordingData":"","HtmlCharset":"UTF-8","HtmlCheck":null,"HttpCharset":"","IP":null,"IsPhysicalSizeDefault":false,"IsTouch":true,"JsErrors":[],"LanguageCode":"es-US","LayoutViewportWidth":360,"Length":22373,"Location":"https://www.nautica.com/womens/?view=grid#uuid=419bf6227cc58cef2cf06a6acd","LocationID":-1,"MaxScrollPercent":0,"Medium":"Internal","MessageCount":17,"MessagesSize":0,"Navigator":"WK537","OperatingSystem":"Android","OperatingSystemID":null,"OrientationChangeCount":0,"OriginalSID":0,"PhysicalDisplayHeight":44,"PhysicalDisplayWidth":24,"PID":94,"Platform":"Linux armv7l","PreviousSubmitIndication":null,"PopulationType":null,"ProcessingDateTimeUtc":"2018-10-23 21:54:46.843","ProcessingDateTimeZone":"2018-10-23 16:54:46.843","RecorderIsMobile":true,"RecordingDate":1540331652051,"RecordingGUID":"9a678a47-081c-46f4-b9ad-8281672cade3","RecordingDateJs":1540331652051,"RecordingEndDate":1540331674424,"Referrer":"https://www.nautica.com/mens-polos/?utm_source=facebook&utm_medium=social&utm_campaign=brand_2_&utm_content=paid_polo_ad","ReferrerID":-1,"Region":null,"RegionCode":null,"RegionID":null,"SID":1970360353603634,"SizeScrollH":null,"SizeScrollW":null,"SizeScrW":360,"SizeScrH":640,"TrueSizeScrW":360,"TrueSizeScrH":640,"SizeWndEndH":522,"SizeWndEndW":360,"SizeWndIniH":522,"SizeWndIniW":360,"Source":"nautica.com","SubmitCount":0,"SubscriberId":69859,"Tags":[{"TagName":"Config: Release_20181008","TagTypeID":0},{"TagName":"CT2MappingTag_272_6198350271923942_6351746954732080_4323494781450856","TagTypeID":0},{"TagName":"VE | Onload - Nautica.com - womens-","TagTypeID":0},{"TagName":"VE Onload | Page Type | category","TagTypeID":0},{"TagName":"VE Onload | Category | womens","TagTypeID":0},{"TagName":"VE | Onload - PLP page","TagTypeID":0},{"TagName":"VE Onload | Women's PLP","TagTypeID":0},{"TagName":"VE Action | PLP | Clicked Any Product","TagTypeID":0}],"TapCount":5,"Term":null,"TimeDOMLoad":7010,"TimeExitPause":200,"TimeInit":12772,"TimeLoad":null,"TimeStart":9487,"TimeToFirstClick":15691,"TimeUnload":22373,"TimeWebPageFetch":0,"TimeZone":-300,"TrafficCampaignID":-1,"TrafficContentID":-1,"TrafficMediumID":-1,"TrafficSourceID":-1,"TrafficTermID":-1,"UID":1970356546601164,"UserAgent":"Mozilla/5.0 (Linux; Android 7.0; LGMS210 Build/NRD90U; wv) AppleWebKit/537.36 (KHTML, like Gecko) Version/4.0 Chrome/69.0.3497.91 Mobile Safari/537.36 [FB_IAB/FB4A;FBAV/189.0.0.35.91;]","UserAgentID":-1,"Version":16,"VersionMinor":15,"WebPageHash":"EhFGrtDoYL+0b0zPaED8dynqy8U=","WRAttemptedCounter":5,"WRCheckedCounter":5,"WRGlobalCounter":5,"WRRecordedCounter":5,"XMLSize":9729,"DSRSize":154233,"HTMLSize":403244,"ZoomCount":0,"MachineName":"WIN-9S1CHG83531","IpAddress":"172.27.13.155","ProcessVersion":"1.0.1.157","ProcessingStartTimeUtc":"2018-10-23T21:54:46.0466343Z","ProcessingEndTimeUtc":"2018-10-23T21:54:47.0309921Z","ProcessingElapsedMilliseconds":984, "cage_ip":"172.27.13.236", "cage_version":"2.2.31", "cage_time":1540331690260,"avroSize":3100,"avroCompressedSize":1658}